---Data
INSERT INTO Employee (EmployeeID,EmployeeName,EmployeePhone) VALUES ('101',N'Phạm Văn Lượng', '0917894632');
INSERT INTO Employee (EmployeeID,EmployeeName,EmployeePhone) VALUES ('102',N'Nguyễn Văn Hùng','0912345678');
INSERT INTO Employee (EmployeeID,EmployeeName,EmployeePhone) VALUES ('103',N'Phạm Quang Hoàng','0965123789');
INSERT INTO Employee (EmployeeID,EmployeeName,EmployeePhone) VALUES ('104',N'Lê Thị Minh Hương','0987654321');
INSERT INTO Employee (EmployeeID,EmployeeName,EmployeePhone) VALUES ('105',N'Phạm Thị Thu Phương','0912987465');
INSERT INTO Employee (EmployeeID,EmployeeName,EmployeePhone) VALUES ('106',N'Nguyễn Thị Hồng Nhung','0918908765');
INSERT INTO Employee (EmployeeID,EmployeeName,EmployeePhone) VALUES ('107',N'Nguyễn Thị Xuân Nhi','0917858746');
INSERT INTO Employee (EmployeeID,EmployeeName,EmployeePhone) VALUES ('108',N'Phan Văn Trường','0916857658');
INSERT INTO Employee (EmployeeID,EmployeeName,EmployeePhone) VALUES ('109',N'Võ Nguyễn Quỳnh Linh','0919794568');
INSERT INTO Employee (EmployeeID,EmployeeName,EmployeePhone) VALUES ('110',N'Bùi Đình Đạt','0911256789');
INSERT INTO Employee (EmployeeID,EmployeeName,EmployeePhone) VALUES ('111',N'Lê Phương Thảo','0967123456');
INSERT INTO Employee (EmployeeID,EmployeeName,EmployeePhone) VALUES ('112',N'Nguyễn Văn Tùng','0938245678');
INSERT INTO Employee (EmployeeID,EmployeeName,EmployeePhone) VALUES ('113',N'Hoàng Xuân Vương','0917894632');
INSERT INTO Employee (EmployeeID,EmployeeName,EmployeePhone) VALUES ('114',N'Phạm Thanh Hưng','0987567890');
INSERT INTO Employee (EmployeeID,EmployeeName,EmployeePhone) VALUES ('115',N'Phan Văn Quý','0889555456');
INSERT INTO Employee (EmployeeID,EmployeeName,EmployeePhone) VALUES ('116',N'Trần Mạnh Nam','0915898035');
INSERT INTO Employee (EmployeeID,EmployeeName,EmployeePhone) VALUES ('117',N'Đào Văn Phú','0919789876');
INSERT INTO Employee (EmployeeID,EmployeeName,EmployeePhone) VALUES ('118',N'Nguyễn Tiến Hải','0918989809');
INSERT INTO Employee (EmployeeID,EmployeeName,EmployeePhone) VALUES ('119',N'Nguyễn Thị Diễm Quỳnh','0975893848');
INSERT INTO Employee (EmployeeID,EmployeeName,EmployeePhone) VALUES ('120',N'Đỗ Thị Phương Trang','0911256789');
INSERT INTO Employee (EmployeeID,EmployeeName,EmployeePhone) VALUES ('121',N'Lê Ngọc Hiếu','0967123456');
INSERT INTO Employee (EmployeeID,EmployeeName,EmployeePhone) VALUES ('122',N'Lý Thanh Trung','0938245678');
INSERT INTO Employee (EmployeeID,EmployeeName,EmployeePhone) VALUES ('123',N'Nguyễn Thị Hồng Nga','0917894632');
INSERT INTO Employee (EmployeeID,EmployeeName,EmployeePhone) VALUES ('124',N'Nguyễn Thị Hòa','0987567890');
INSERT INTO Employee (EmployeeID,EmployeeName,EmployeePhone) VALUES ('125',N'Phạm Minh Thu','0965123789');

INSERT INTO Employee (EmployeeID,EmployeeName,EmployeePhone)  VALUES
(126, N'Nguyễn Thị Lan', '0376508760'),
(127, N'Trần Văn An', '0393997281'),
(128, N'Lê Thị Hà', '0379217644'),
(129, N'Phạm Minh Tâm', '0384874533'),
(130, N'Hoàng Đức Ngọc Minh', '0384380464'),
(131, N'Đặng Thị Ngọc Trâm', '0327955762'),
(132, N'Hoàng Đức Nam', '0394384290'),
(133, N'Vũ Quốc Tuấn', '0394369540'),
(134, N'Mai Thị Hồng', '0333622950'),
(135, N'Trần Hữu Dũng', '0918320632'),
(136, N'Vũ Hữu Tuấn', '0921257542'),
(137, N'Nguyễn Thị Mai', '0912719763'),
(138, N'Trần Minh Quân', '0968586430'),
(139, N'Lã Thị Ngọc', '0939708652'),
(140, N'Phạm Văn Đan', '0919357606'),
(141, N'Trần Phạm Mỹ Ngọc', '0989030864'),
(142, N'Trần Nguyễn Mai Vy', '0891018430'),
(143, N'Ngô Hoàng Khánh Duy', '0917361009'),
(144, N'Lương Cao Thắng', '0921252850'),
(145, N'Phạm Hữu Thắng', '0920452783'),
(146, N'Huỳnh Lê Vĩ', '0977356822'),
(147, N'Nguyễn Ngọc Xuân Quỳnh', '0912719763'),
(148, N'Nguyễn Ngô Mạnh', '0968586430'),
(149, N'Thái Ngọc Minh Thư', '0939708652'),
(150, N'Trần Kiều Khánh Tâm', '0919357606'),
(151, N'Hồ Như Mai', '0989030864'),
(152, N'Lê Thị Huỳnh Hoa', '0966586763'),
(153, N'Trần Văn Danh', '0377971734'),
(154, N'Trần Nam Anh', '0395460255'),
(155, N'Từ Chí Tiến', '0380680618'),
(156, N'Lê Hoàng Huân', '0386337507'),
(157, N'Trần Lâm Bảo Ngọc', '0385843438'),
(158, N'Nguyễn Ngọc Như Quỳnh', '0329418736'),
(159, N'Trần Y Phụng', '0843680464'),
(160, N'Thái Bảo Khang', '0321255762'),
(161, N' u Thảo Như', '0394388590'),
(162, N'Huỳnh Dương Dương', '0383369540'),
(163, N'Nguyễn Thế Văn', '0333644950'),
(164, N'Lê Thế Đạt', '0918320132'),
(165, N'Nguyễn Hồng Phát', '0990497542'),
(166, N'Trương Hoàng Nguyên', '0915679763'),
(167, N'Nguyễn Thái Gia Khải', '0934566430'),
(168, N'Nguyễn Thị Như Nguyệt', '0978938652'),
(169, N'Huỳnh Lý Khải Thi', '0911267606'),
(170, N'Ngô Ngọc Tâm Như', '0989035634'),
(171, N'Nguyễn Kim Mộng Thu', '0891013534'),
(172, N'Minh Thị Hồng Hạnh', '0917365389'),
(173, N'Trần Phạm Mai Phương', '0921290421'),
(174, N'Nguyễn Ngô Hồng Ngọc', '0920451243'),
(175, N'Tô Tạ Lâm', '0877356822'),
(176, N'Huỳnh Văn Anh', '0914590763'),
(177, N'Võ Đức Anh', '0382193438'),
(178, N'Trần Thị Huyền My', '0915694632'),
(179, N'Trần Thị Mỹ Lệ', '0912231678'),
(180, N'Trần Như Thơ', '0962323789'),
(181, N'Nguyễn Văn Phải', '0986664321'),
(182, N'Bùi Tấn Minh', '0912987531'),
(183, N'Bùi Khánh Như', '0974808765'),
(184, N'Trần Minh Nam', '0917823746'),
(185, N'Từ Mỹ Tuyết', '0916856328'),
(186, N'Châu Hoàng Minh', '0919744568'),
(187, N'Trương Minh Ái', '0945256789'),
(188, N'Trương Nguyễn Thảo Minh', '0956783456'),
(189, N'Ngô Thảo Nguyên', '0933445678'),
(190, N'Tô Văn An', '0963345632'),
(191, N'Tạ Chí Hào', '0987561000'),
(192, N'Trần Khánh Chi', '0857555456'),
(193, N'Nguyễn Mỹ Ngọc An', '0915008035'),
(194, N'Chu Nguyễn Xuân Mai', '0919726876'),
(195, N'Võ Huỳnh Xuân Thảo', '0911119809'),
(196, N'Nguyễn Văn Hoài Nhân', '0978223848'),
(197, N'Nguyễn Kiên Hậu', '0911533406'),
(198, N'Nguyễn Hoài Vy', '0988942634'),
(199, N'Trần Kim Ngọc', '0891124534'),
(200, N'Nguyễn Mai Lâm', '0917332494');



INSERT INTO Customer (CustomerID,Year_birth,Gender,CustomerCategoryID) VALUES ('10000','2003',N'Nam','CC01');
INSERT INTO Customer (CustomerID,Year_birth,Gender,CustomerCategoryID) VALUES ('10001','1997',N'Nữ','CC01');
INSERT INTO Customer (CustomerID,Year_birth,Gender,CustomerCategoryID) VALUES ('10002','1975',N'Nam','CC01');
INSERT INTO Customer (CustomerID,Year_birth,Gender,CustomerCategoryID) VALUES ('10003','1980',N'Nam','CC03');
INSERT INTO Customer (CustomerID,Year_birth,Gender,CustomerCategoryID) VALUES ('10004','1973',N'Nữ','CC03');
INSERT INTO Customer (CustomerID,Year_birth,Gender,CustomerCategoryID) VALUES ('10005','1972',N'Nam','CC02');
INSERT INTO Customer (CustomerID,Year_birth,Gender,CustomerCategoryID) VALUES ('10006','1971',N'Nữ','CC01');
INSERT INTO Customer (CustomerID,Year_birth,Gender,CustomerCategoryID) VALUES ('10007','1976',N'Nam','CC01');
INSERT INTO Customer (CustomerID,Year_birth,Gender,CustomerCategoryID) VALUES ('10008','1970',N'Nam','CC03');
INSERT INTO Customer (CustomerID,Year_birth,Gender,CustomerCategoryID) VALUES ('10009','1975',N'Nữ','CC02');
INSERT INTO Customer (CustomerID,Year_birth,Gender,CustomerCategoryID) VALUES ('10010','1966',N'Nam','CC02');
INSERT INTO Customer (CustomerID,Year_birth,Gender,CustomerCategoryID) VALUES ('10011','1979',N'Nam','CC03');
INSERT INTO Customer (CustomerID,Year_birth,Gender,CustomerCategoryID) VALUES ('10012','1969',N'Nữ','CC02');
INSERT INTO Customer (CustomerID,Year_birth,Gender,CustomerCategoryID) VALUES ('10013','1968',N'Nam','CC01');
INSERT INTO Customer (CustomerID,Year_birth,Gender,CustomerCategoryID) VALUES ('10014','1986',N'Nam','CC03');
INSERT INTO Customer (CustomerID,Year_birth,Gender,CustomerCategoryID) VALUES ('10015','1967',N'Nam','CC02');
INSERT INTO Customer (CustomerID,Year_birth,Gender,CustomerCategoryID) VALUES ('10016','1981',N'Nữ','CC01');
INSERT INTO Customer (CustomerID,Year_birth,Gender,CustomerCategoryID) VALUES ('10017','1965',N'Nam','CC03');
INSERT INTO Customer (CustomerID,Year_birth,Gender,CustomerCategoryID) VALUES ('10018','1974',N'Nữ','CC02');
INSERT INTO Customer (CustomerID,Year_birth,Gender,CustomerCategoryID) VALUES ('10019','1964',N'Nam','CC02');
INSERT INTO Customer (CustomerID,Year_birth,Gender,CustomerCategoryID) VALUES ('10020','1985',N'Nữ','CC03');
INSERT INTO Customer (CustomerID,Year_birth,Gender,CustomerCategoryID) VALUES ('10021','1982',N'Nữ','CC02');
INSERT INTO Customer (CustomerID,Year_birth,Gender,CustomerCategoryID) VALUES ('10022','1983',N'Nam','CC01');
INSERT INTO Customer (CustomerID,Year_birth,Gender,CustomerCategoryID) VALUES ('10023','1984',N'Nữ','CC01');
INSERT INTO Customer (CustomerID,Year_birth,Gender,CustomerCategoryID) VALUES ('10024','1963',N'Nam','CC02');
INSERT INTO Customer (CustomerID,Year_birth,Gender,CustomerCategoryID) VALUES ('10025','1962',N'Nữ','CC01');
INSERT INTO Customer (CustomerID,Year_birth,Gender,CustomerCategoryID) VALUES ('10026','1961',N'Nam','CC03');
INSERT INTO Customer (CustomerID,Year_birth,Gender,CustomerCategoryID) VALUES ('10027','1960',N'Nữ','CC03');
INSERT INTO Customer (CustomerID,Year_birth,Gender,CustomerCategoryID) VALUES ('10028','1959',N'Nam','CC01');
INSERT INTO Customer (CustomerID,Year_birth,Gender,CustomerCategoryID) VALUES ('10029','1958',N'Nữ','CC01');
INSERT INTO Customer (CustomerID,Year_birth,Gender,CustomerCategoryID) VALUES ('10030','1999',N'Nam','CC02');
INSERT INTO Customer (CustomerID,Year_birth,Gender,CustomerCategoryID) VALUES ('10031','1980',N'Nữ','CC02');
INSERT INTO Customer (CustomerID,Year_birth,Gender,CustomerCategoryID) VALUES ('10032','1982',N'Nữ','CC01');
INSERT INTO Customer (CustomerID,Year_birth,Gender,CustomerCategoryID) VALUES ('10033','1989',N'Nam','CC03');
INSERT INTO Customer (CustomerID,Year_birth,Gender,CustomerCategoryID) VALUES ('10034','1988',N'Nữ','CC03');
INSERT INTO Customer (CustomerID,Year_birth,Gender,CustomerCategoryID) VALUES ('10035','1993',N'Nam','CC02');
INSERT INTO Customer (CustomerID,Year_birth,Gender,CustomerCategoryID) VALUES ('10036','1994',N'Nữ','CC02');
INSERT INTO Customer (CustomerID,Year_birth,Gender,CustomerCategoryID) VALUES ('10037','1990',N'Nam','CC01');
INSERT INTO Customer (CustomerID,Year_birth,Gender,CustomerCategoryID) VALUES ('10038','1996',N'Nữ','CC03');
INSERT INTO Customer (CustomerID,Year_birth,Gender,CustomerCategoryID) VALUES ('10039','1987',N'Nam','CC01');
INSERT INTO Customer (CustomerID,Year_birth,Gender,CustomerCategoryID) VALUES ('10040','1991',N'Nam','CC01');
INSERT INTO Customer (CustomerID,Year_birth,Gender,CustomerCategoryID) VALUES ('10041','1981',N'Nữ','CC02');
INSERT INTO Customer (CustomerID,Year_birth,Gender,CustomerCategoryID) VALUES ('10042','1995',N'Nam','CC02');
INSERT INTO Customer (CustomerID,Year_birth,Gender,CustomerCategoryID) VALUES ('10043','1992',N'Nữ','CC02');
INSERT INTO Customer (CustomerID,Year_birth,Gender,CustomerCategoryID) VALUES ('10044','1984',N'Nam','CC01');
INSERT INTO Customer (CustomerID,Year_birth,Gender,CustomerCategoryID) VALUES ('10045','1986',N'Nữ','CC03');
INSERT INTO Customer (CustomerID,Year_birth,Gender,CustomerCategoryID) VALUES ('10046','1985',N'Nam','CC03');
INSERT INTO Customer (CustomerID,Year_birth,Gender,CustomerCategoryID) VALUES ('10047','1997',N'Nữ','CC01');
INSERT INTO Customer (CustomerID,Year_birth,Gender,CustomerCategoryID) VALUES ('10048','1983',N'Nữ','CC02');
INSERT INTO Customer (CustomerID,Year_birth,Gender,CustomerCategoryID) VALUES ('10049','1998',N'Nam','CC03');
INSERT INTO Customer (CustomerID,Year_birth,Gender,CustomerCategoryID) VALUES ('10050','1999',N'Nam','CC01');
INSERT INTO Customer (CustomerID,Year_birth,Gender,CustomerCategoryID) VALUES ('10051','2000',N'Nữ','CC03');
INSERT INTO Customer (CustomerID,Year_birth,Gender,CustomerCategoryID) VALUES ('10052','1990',N'Nam','CC01');
INSERT INTO Customer (CustomerID,Year_birth,Gender,CustomerCategoryID) VALUES ('10053','1985',N'Nam','CC03');
INSERT INTO Customer (CustomerID,Year_birth,Gender,CustomerCategoryID) VALUES ('10054','1995',N'Nữ','CC02');
INSERT INTO Customer (CustomerID,Year_birth,Gender,CustomerCategoryID) VALUES ('10055','2000',N'Nữ','CC03');
INSERT INTO Customer (CustomerID,Year_birth,Gender,CustomerCategoryID) VALUES ('10056','1997',N'Nữ','CC02');
INSERT INTO Customer (CustomerID,Year_birth,Gender,CustomerCategoryID) VALUES ('10057','1993',N'Nữ','CC01');
INSERT INTO Customer (CustomerID,Year_birth,Gender,CustomerCategoryID) VALUES ('10058','1988',N'Nam','CC03');
INSERT INTO Customer (CustomerID,Year_birth,Gender,CustomerCategoryID) VALUES ('10059','1998',N'Nam','CC02');
INSERT INTO Customer (CustomerID,Year_birth,Gender,CustomerCategoryID) VALUES ('10060','1996',N'Nam','CC02');
INSERT INTO Customer (CustomerID,Year_birth,Gender,CustomerCategoryID) VALUES ('10061','1994',N'Nữ','CC01');
INSERT INTO Customer (CustomerID,Year_birth,Gender,CustomerCategoryID) VALUES ('10062','1992',N'Nam','CC02');
INSERT INTO Customer (CustomerID,Year_birth,Gender,CustomerCategoryID) VALUES ('10063','1987',N'Nam','CC02');
INSERT INTO Customer (CustomerID,Year_birth,Gender,CustomerCategoryID) VALUES ('10064','1993',N'Nam','CC01');
INSERT INTO Customer (CustomerID,Year_birth,Gender,CustomerCategoryID) VALUES ('10065','1991',N'Nam','CC01');
INSERT INTO Customer (CustomerID,Year_birth,Gender,CustomerCategoryID) VALUES ('10066','1986',N'Nữ','CC01');
INSERT INTO Customer (CustomerID,Year_birth,Gender,CustomerCategoryID) VALUES ('10067','1984',N'Nam','CC02');
INSERT INTO Customer (CustomerID,Year_birth,Gender,CustomerCategoryID) VALUES ('10068','1979',N'Nam','CC02');
INSERT INTO Customer (CustomerID,Year_birth,Gender,CustomerCategoryID) VALUES ('10069','1990',N'Nữ','CC01');
INSERT INTO Customer (CustomerID,Year_birth,Gender,CustomerCategoryID) VALUES ('10070','1988',N'Nữ','CC02');
INSERT INTO Customer (CustomerID,Year_birth,Gender,CustomerCategoryID) VALUES ('10071','1982',N'Nam','CC03');
INSERT INTO Customer (CustomerID,Year_birth,Gender,CustomerCategoryID) VALUES ('10072','1977',N'Nam','CC02');
INSERT INTO Customer (CustomerID,Year_birth,Gender,CustomerCategoryID) VALUES ('10073','1989',N'Nữ','CC01');
INSERT INTO Customer (CustomerID,Year_birth,Gender,CustomerCategoryID) VALUES ('10074','1987',N'Nữ','CC03');
INSERT INTO Customer (CustomerID,Year_birth,Gender,CustomerCategoryID) VALUES ('10075','1981',N'Nam','CC01');
INSERT INTO Customer (CustomerID,Year_birth,Gender,CustomerCategoryID) VALUES ('10076','1975',N'Nam','CC03');
INSERT INTO Customer (CustomerID,Year_birth,Gender,CustomerCategoryID) VALUES ('10077','1986',N'Nữ','CC03');
INSERT INTO Customer (CustomerID,Year_birth,Gender,CustomerCategoryID) VALUES ('10078','1984',N'Nữ','CC01');
INSERT INTO Customer (CustomerID,Year_birth,Gender,CustomerCategoryID) VALUES ('10079','1979',N'Nam','CC01');
INSERT INTO Customer (CustomerID,Year_birth,Gender,CustomerCategoryID) VALUES ('10080','1973',N'Nam','CC01');
INSERT INTO Customer (CustomerID,Year_birth,Gender,CustomerCategoryID) VALUES ('10081','2003',N'Nam','CC02');
INSERT INTO Customer (CustomerID,Year_birth,Gender,CustomerCategoryID) VALUES ('10082','1997',N'Nữ','CC03');
INSERT INTO Customer (CustomerID,Year_birth,Gender,CustomerCategoryID) VALUES ('10083','1975',N'Nam','CC02');
INSERT INTO Customer (CustomerID,Year_birth,Gender,CustomerCategoryID) VALUES ('10084','1980',N'Nam','CC01');
INSERT INTO Customer (CustomerID,Year_birth,Gender,CustomerCategoryID) VALUES ('10085','1973',N'Nữ','CC01');
INSERT INTO Customer (CustomerID,Year_birth,Gender,CustomerCategoryID) VALUES ('10086','1972',N'Nam','CC03');
INSERT INTO Customer (CustomerID,Year_birth,Gender,CustomerCategoryID) VALUES ('10087','1965',N'Nam','CC03');
INSERT INTO Customer (CustomerID,Year_birth,Gender,CustomerCategoryID) VALUES ('10088','1974',N'Nữ','CC02');
INSERT INTO Customer (CustomerID,Year_birth,Gender,CustomerCategoryID) VALUES ('10089','1964',N'Nam','CC03');
INSERT INTO Customer (CustomerID,Year_birth,Gender,CustomerCategoryID) VALUES ('10090','1985',N'Nữ','CC01');
INSERT INTO Customer (CustomerID,Year_birth,Gender,CustomerCategoryID) VALUES ('10091','1982',N'Nữ','CC03');
INSERT INTO Customer (CustomerID,Year_birth,Gender,CustomerCategoryID) VALUES ('10092','1983',N'Nam','CC02');
INSERT INTO Customer (CustomerID,Year_birth,Gender,CustomerCategoryID) VALUES ('10093','1999',N'Nam','CC03');
INSERT INTO Customer (CustomerID,Year_birth,Gender,CustomerCategoryID) VALUES ('10094','1980',N'Nữ','CC02');
INSERT INTO Customer (CustomerID,Year_birth,Gender,CustomerCategoryID) VALUES ('10095','1982',N'Nữ','CC03');
INSERT INTO Customer (CustomerID,Year_birth,Gender,CustomerCategoryID) VALUES ('10096','1989',N'Nam','CC02');
INSERT INTO Customer (CustomerID,Year_birth,Gender,CustomerCategoryID) VALUES ('10097','1988',N'Nữ','CC02');
INSERT INTO Customer (CustomerID,Year_birth,Gender,CustomerCategoryID) VALUES ('10098','1993',N'Nam','CC03');
INSERT INTO Customer (CustomerID,Year_birth,Gender,CustomerCategoryID) VALUES ('10099','1979',N'Nam','CC01');
INSERT INTO Customer (CustomerID,Year_birth,Gender,CustomerCategoryID) VALUES ('10100','1990',N'Nữ','CC01');
INSERT INTO Customer (CustomerID,Year_birth,Gender,CustomerCategoryID) VALUES ('10101','1988',N'Nữ','CC01');
INSERT INTO Customer (CustomerID,Year_birth,Gender,CustomerCategoryID) VALUES ('10102','1982',N'Nam','CC01');
INSERT INTO Customer (CustomerID,Year_birth,Gender,CustomerCategoryID) VALUES ('10103','1977',N'Nam','CC02');
INSERT INTO Customer (CustomerID,Year_birth,Gender,CustomerCategoryID) VALUES ('10104','1989',N'Nữ','CC03');
INSERT INTO Customer (CustomerID,Year_birth,Gender,CustomerCategoryID) VALUES ('10105','1987',N'Nữ','CC02');
INSERT INTO Customer (CustomerID,Year_birth,Gender,CustomerCategoryID) VALUES ('10106','1981',N'Nam','CC03');
INSERT INTO Customer (CustomerID,Year_birth,Gender,CustomerCategoryID) VALUES ('10107','1983',N'Nam','CC02');
INSERT INTO Customer (CustomerID,Year_birth,Gender,CustomerCategoryID) VALUES ('10108','1985',N'Nữ','CC02');
INSERT INTO Customer (CustomerID,Year_birth,Gender,CustomerCategoryID) VALUES ('10109','1990',N'Nữ','CC03');
INSERT INTO Customer (CustomerID,Year_birth,Gender,CustomerCategoryID) VALUES ('10110','1984',N'Nam','CC02');
INSERT INTO Customer (CustomerID,Year_birth,Gender,CustomerCategoryID) VALUES ('10111','1976',N'Nam','CC01');
INSERT INTO Customer (CustomerID,Year_birth,Gender,CustomerCategoryID) VALUES ('10112','1991',N'Nữ','CC02');
INSERT INTO Customer (CustomerID,Year_birth,Gender,CustomerCategoryID) VALUES ('10113','1986',N'Nam','CC01');
INSERT INTO Customer (CustomerID,Year_birth,Gender,CustomerCategoryID) VALUES ('10114','1980',N'Nữ','CC03');
INSERT INTO Customer (CustomerID,Year_birth,Gender,CustomerCategoryID) VALUES ('10115','1988',N'Nam','CC02');
INSERT INTO Customer (CustomerID,Year_birth,Gender,CustomerCategoryID) VALUES ('10116','1992',N'Nữ','CC01');
INSERT INTO Customer (CustomerID,Year_birth,Gender,CustomerCategoryID) VALUES ('10117','1975',N'Nam','CC01');
INSERT INTO Customer (CustomerID,Year_birth,Gender,CustomerCategoryID) VALUES ('10118','1997',N'Nam','CC03');
INSERT INTO Customer (CustomerID,Year_birth,Gender,CustomerCategoryID) VALUES ('10119','1985',N'Nam','CC02');
INSERT INTO Customer (CustomerID,Year_birth,Gender,CustomerCategoryID) VALUES ('10120','1989',N'Nam','CC03');
INSERT INTO Customer (CustomerID,Year_birth,Gender,CustomerCategoryID) VALUES ('10121','1991',N'Nam','CC02');
INSERT INTO Customer (CustomerID,Year_birth,Gender,CustomerCategoryID) VALUES ('10122','1993',N'Nam','CC01');
INSERT INTO Customer (CustomerID,Year_birth,Gender,CustomerCategoryID) VALUES ('10123','1979',N'Nữ','CC03');
INSERT INTO Customer (CustomerID,Year_birth,Gender,CustomerCategoryID) VALUES ('10124','1987',N'Nữ','CC01');
INSERT INTO Customer (CustomerID,Year_birth,Gender,CustomerCategoryID) VALUES ('10125','1983',N'Nữ','CC02');
INSERT INTO Customer (CustomerID,Year_birth,Gender,CustomerCategoryID) VALUES ('10126','1999',N'Nữ','CC03');
INSERT INTO Customer (CustomerID,Year_birth,Gender,CustomerCategoryID) VALUES ('10127','1995',N'Nam','CC03');
INSERT INTO Customer (CustomerID,Year_birth,Gender,CustomerCategoryID) VALUES ('10128','1977',N'Nữ','CC01');
INSERT INTO Customer (CustomerID,Year_birth,Gender,CustomerCategoryID) VALUES ('10129','1992',N'Nam','CC02');
INSERT INTO Customer (CustomerID,Year_birth,Gender,CustomerCategoryID) VALUES ('10130','1988',N'Nữ','CC03');
INSERT INTO Customer (CustomerID,Year_birth,Gender,CustomerCategoryID) VALUES ('10131','1978',N'Nữ','CC02');
INSERT INTO Customer (CustomerID,Year_birth,Gender,CustomerCategoryID) VALUES ('10132','1996',N'Nam','CC01');
INSERT INTO Customer (CustomerID,Year_birth,Gender,CustomerCategoryID) VALUES ('10133','1998',N'Nữ','CC03');
INSERT INTO Customer (CustomerID,Year_birth,Gender,CustomerCategoryID) VALUES ('10134','1994',N'Nữ','CC03');
INSERT INTO Customer (CustomerID,Year_birth,Gender,CustomerCategoryID) VALUES ('10135','1982',N'Nam','CC02');
INSERT INTO Customer (CustomerID,Year_birth,Gender,CustomerCategoryID) VALUES ('10136','1984',N'Nữ','CC01');
INSERT INTO Customer (CustomerID,Year_birth,Gender,CustomerCategoryID) VALUES ('10137','1977',N'Nam','CC01');
INSERT INTO Customer (CustomerID,Year_birth,Gender,CustomerCategoryID) VALUES ('10138','1989',N'Nữ','CC01');
INSERT INTO Customer (CustomerID,Year_birth,Gender,CustomerCategoryID) VALUES ('10139','1987',N'Nữ','CC02');
INSERT INTO Customer (CustomerID,Year_birth,Gender,CustomerCategoryID) VALUES ('10140','1981',N'Nam','CC02');
INSERT INTO Customer (CustomerID,Year_birth,Gender,CustomerCategoryID) VALUES ('10141','1983',N'Nam','CC01');
INSERT INTO Customer (CustomerID,Year_birth,Gender,CustomerCategoryID) VALUES ('10142','1985',N'Nữ','CC02');
INSERT INTO Customer (CustomerID,Year_birth,Gender,CustomerCategoryID) VALUES ('10143','1990',N'Nữ','CC03');
INSERT INTO Customer (CustomerID,Year_birth,Gender,CustomerCategoryID) VALUES ('10144','1984',N'Nam','CC01');
INSERT INTO Customer (CustomerID,Year_birth,Gender,CustomerCategoryID) VALUES ('10145','1976',N'Nam','CC02');
INSERT INTO Customer (CustomerID,Year_birth,Gender,CustomerCategoryID) VALUES ('10146','1991',N'Nữ','CC01');
INSERT INTO Customer (CustomerID,Year_birth,Gender,CustomerCategoryID) VALUES ('10147','2003',N'Nam','CC01');
INSERT INTO Customer (CustomerID,Year_birth,Gender,CustomerCategoryID) VALUES ('10148','1997',N'Nữ','CC02');
INSERT INTO Customer (CustomerID,Year_birth,Gender,CustomerCategoryID) VALUES ('10149','1975',N'Nam','CC01');
INSERT INTO Customer (CustomerID,Year_birth,Gender,CustomerCategoryID) VALUES ('10150','1980',N'Nam','CC02');
INSERT INTO Customer (CustomerID,Year_birth,Gender,CustomerCategoryID) VALUES ('10151','1973',N'Nữ','CC02');
INSERT INTO Customer (CustomerID,Year_birth,Gender,CustomerCategoryID) VALUES ('10152','1972',N'Nam','CC03');
INSERT INTO Customer (CustomerID,Year_birth,Gender,CustomerCategoryID) VALUES ('10153','1965',N'Nam','CC02');
INSERT INTO Customer (CustomerID,Year_birth,Gender,CustomerCategoryID) VALUES ('10154','1974',N'Nữ','CC03');
INSERT INTO Customer (CustomerID,Year_birth,Gender,CustomerCategoryID) VALUES ('10155','1964',N'Nam','CC01');
INSERT INTO Customer (CustomerID,Year_birth,Gender,CustomerCategoryID) VALUES ('10156','1983',N'Nữ','CC03');
INSERT INTO Customer (CustomerID,Year_birth,Gender,CustomerCategoryID) VALUES ('10157','1999',N'Nữ','CC01');
INSERT INTO Customer (CustomerID,Year_birth,Gender,CustomerCategoryID) VALUES ('10158','1995',N'Nam','CC01');
INSERT INTO Customer (CustomerID,Year_birth,Gender,CustomerCategoryID) VALUES ('10159','1977',N'Nữ','CC03');
INSERT INTO Customer (CustomerID,Year_birth,Gender,CustomerCategoryID) VALUES ('10160','1992',N'Nam','CC03');
INSERT INTO Customer (CustomerID,Year_birth,Gender,CustomerCategoryID) VALUES ('10161','1988',N'Nữ','CC03');
INSERT INTO Customer (CustomerID,Year_birth,Gender,CustomerCategoryID) VALUES ('10162','1978',N'Nữ','CC03');
INSERT INTO Customer (CustomerID,Year_birth,Gender,CustomerCategoryID) VALUES ('10163','1996',N'Nam','CC01');
INSERT INTO Customer (CustomerID,Year_birth,Gender,CustomerCategoryID) VALUES ('10164','1998',N'Nữ','CC03');
INSERT INTO Customer (CustomerID,Year_birth,Gender,CustomerCategoryID) VALUES ('10165','1994',N'Nữ','CC03');
INSERT INTO Customer (CustomerID,Year_birth,Gender,CustomerCategoryID) VALUES ('10166','2000',N'Nữ','CC03');
INSERT INTO Customer (CustomerID,Year_birth,Gender,CustomerCategoryID) VALUES ('10167','1997',N'Nữ','CC03');
INSERT INTO Customer (CustomerID,Year_birth,Gender,CustomerCategoryID) VALUES ('10168','1993',N'Nữ','CC02');
INSERT INTO Customer (CustomerID,Year_birth,Gender,CustomerCategoryID) VALUES ('10169','1988',N'Nam','CC02');
INSERT INTO Customer (CustomerID,Year_birth,Gender,CustomerCategoryID) VALUES ('10170','1998',N'Nam','CC03');
INSERT INTO Customer (CustomerID,Year_birth,Gender,CustomerCategoryID) VALUES ('10171','1996',N'Nam','CC03');
INSERT INTO Customer (CustomerID,Year_birth,Gender,CustomerCategoryID) VALUES ('10172','1994',N'Nữ','CC02');
INSERT INTO Customer (CustomerID,Year_birth,Gender,CustomerCategoryID) VALUES ('10173','1992',N'Nam','CC02');
INSERT INTO Customer (CustomerID,Year_birth,Gender,CustomerCategoryID) VALUES ('10174','1987',N'Nam','CC02');
INSERT INTO Customer (CustomerID,Year_birth,Gender,CustomerCategoryID) VALUES ('10175','1993',N'Nam','CC03');
INSERT INTO Customer (CustomerID,Year_birth,Gender,CustomerCategoryID) VALUES ('10176','1965',N'Nam','CC01');
INSERT INTO Customer (CustomerID,Year_birth,Gender,CustomerCategoryID) VALUES ('10177','1974',N'Nữ','CC03');
INSERT INTO Customer (CustomerID,Year_birth,Gender,CustomerCategoryID) VALUES ('10178','1964',N'Nam','CC01');
INSERT INTO Customer (CustomerID,Year_birth,Gender,CustomerCategoryID) VALUES ('10179','1985',N'Nữ','CC03');
INSERT INTO Customer (CustomerID,Year_birth,Gender,CustomerCategoryID) VALUES ('10180','1982',N'Nữ','CC03');
INSERT INTO Customer (CustomerID,Year_birth,Gender,CustomerCategoryID) VALUES ('10181','1983',N'Nam','CC03');
INSERT INTO Customer (CustomerID,Year_birth,Gender,CustomerCategoryID) VALUES ('10182','1984',N'Nữ','CC01');
INSERT INTO Customer (CustomerID,Year_birth,Gender,CustomerCategoryID) VALUES ('10183','1963',N'Nam','CC02');
INSERT INTO Customer (CustomerID,Year_birth,Gender,CustomerCategoryID) VALUES ('10184','1962',N'Nữ','CC02');
INSERT INTO Customer (CustomerID,Year_birth,Gender,CustomerCategoryID) VALUES ('10185','1961',N'Nam','CC03');
INSERT INTO Customer (CustomerID,Year_birth,Gender,CustomerCategoryID) VALUES ('10186','1960',N'Nữ','CC03');
INSERT INTO Customer (CustomerID,Year_birth,Gender,CustomerCategoryID) VALUES ('10187','1959',N'Nam','CC03');
INSERT INTO Customer (CustomerID,Year_birth,Gender,CustomerCategoryID) VALUES ('10188','1958',N'Nữ','CC01');
INSERT INTO Customer (CustomerID,Year_birth,Gender,CustomerCategoryID) VALUES ('10189','1999',N'Nam','CC02');
INSERT INTO Customer (CustomerID,Year_birth,Gender,CustomerCategoryID) VALUES ('10190','1980',N'Nữ','CC02');
INSERT INTO Customer (CustomerID,Year_birth,Gender,CustomerCategoryID) VALUES ('10191','1982',N'Nữ','CC02');
INSERT INTO Customer (CustomerID,Year_birth,Gender,CustomerCategoryID) VALUES ('10192','1989',N'Nam','CC01');
INSERT INTO Customer (CustomerID,Year_birth,Gender,CustomerCategoryID) VALUES ('10193','1998',N'Nam','CC02');
INSERT INTO Customer (CustomerID,Year_birth,Gender,CustomerCategoryID) VALUES ('10194','1999',N'Nam','CC01');
INSERT INTO Customer (CustomerID,Year_birth,Gender,CustomerCategoryID) VALUES ('10195','2000',N'Nữ','CC02');
INSERT INTO Customer (CustomerID,Year_birth,Gender,CustomerCategoryID) VALUES ('10196','1990',N'Nam','CC01');
INSERT INTO Customer (CustomerID,Year_birth,Gender,CustomerCategoryID) VALUES ('10197','1985',N'Nam','CC01');
INSERT INTO Customer (CustomerID,Year_birth,Gender,CustomerCategoryID) VALUES ('10198','1995',N'Nữ','CC01');
INSERT INTO Customer (CustomerID,Year_birth,Gender,CustomerCategoryID) VALUES ('10199','2000',N'Nữ','CC03');
INSERT INTO Customer (CustomerID,Year_birth,Gender,CustomerCategoryID) VALUES ('10200','1997',N'Nữ','CC01');
INSERT INTO Customer (CustomerID,Year_birth,Gender,CustomerCategoryID) VALUES ('10201','1993',N'Nữ','CC03');
INSERT INTO Customer (CustomerID,Year_birth,Gender,CustomerCategoryID) VALUES ('10202','1992',N'Nữ','CC03');
INSERT INTO Customer (CustomerID,Year_birth,Gender,CustomerCategoryID) VALUES ('10203','1990',N'Nữ','CC03');
INSERT INTO Customer (CustomerID,Year_birth,Gender,CustomerCategoryID) VALUES ('10204','2000',N'Nam','CC02');
INSERT INTO Customer (CustomerID,Year_birth,Gender,CustomerCategoryID) VALUES ('10205','1995',N'Nam','CC02');
INSERT INTO Customer (CustomerID,Year_birth,Gender,CustomerCategoryID) VALUES ('10206','1997',N'Nam','CC02');
INSERT INTO Customer (CustomerID,Year_birth,Gender,CustomerCategoryID) VALUES ('10207','1992',N'Nam','CC02');
INSERT INTO Customer (CustomerID,Year_birth,Gender,CustomerCategoryID) VALUES ('10208','1990',N'Nam','CC02');
INSERT INTO Customer (CustomerID,Year_birth,Gender,CustomerCategoryID) VALUES ('10209','1990',N'Nữ','CC02');
INSERT INTO Customer (CustomerID,Year_birth,Gender,CustomerCategoryID) VALUES ('10210','1995',N'Nữ','CC03');
INSERT INTO Customer (CustomerID,Year_birth,Gender,CustomerCategoryID) VALUES ('10211','1992',N'Nữ','CC01');
INSERT INTO Customer (CustomerID,Year_birth,Gender,CustomerCategoryID) VALUES ('10212','1987',N'Nữ','CC02');
INSERT INTO Customer (CustomerID,Year_birth,Gender,CustomerCategoryID) VALUES ('10213','1988',N'Nam','CC01');
INSERT INTO Customer (CustomerID,Year_birth,Gender,CustomerCategoryID) VALUES ('10214','1995',N'Nữ','CC02');
INSERT INTO Customer (CustomerID,Year_birth,Gender,CustomerCategoryID) VALUES ('10215','2002',N'Nam','CC03');
INSERT INTO Customer (CustomerID,Year_birth,Gender,CustomerCategoryID) VALUES ('10216','1998',N'Nữ','CC01');
INSERT INTO Customer (CustomerID,Year_birth,Gender,CustomerCategoryID) VALUES ('10217','1993',N'Nam','CC01');
INSERT INTO Customer (CustomerID,Year_birth,Gender,CustomerCategoryID) VALUES ('10218','1973',N'Nữ','CC02');
INSERT INTO Customer (CustomerID,Year_birth,Gender,CustomerCategoryID) VALUES ('10219','1972',N'Nam','CC02');
INSERT INTO Customer (CustomerID,Year_birth,Gender,CustomerCategoryID) VALUES ('10220','1971',N'Nữ','CC01');
INSERT INTO Customer (CustomerID,Year_birth,Gender,CustomerCategoryID) VALUES ('10221','1976',N'Nam','CC01');
INSERT INTO Customer (CustomerID,Year_birth,Gender,CustomerCategoryID) VALUES ('10222','1970',N'Nam','CC02');
INSERT INTO Customer (CustomerID,Year_birth,Gender,CustomerCategoryID) VALUES ('10223','1975',N'Nữ','CC03');
INSERT INTO Customer (CustomerID,Year_birth,Gender,CustomerCategoryID) VALUES ('10224','1966',N'Nam','CC02');
INSERT INTO Customer (CustomerID,Year_birth,Gender,CustomerCategoryID) VALUES ('10225','1979',N'Nam','CC02');
INSERT INTO Customer (CustomerID,Year_birth,Gender,CustomerCategoryID) VALUES ('10226','1969',N'Nữ','CC03');
INSERT INTO Customer (CustomerID,Year_birth,Gender,CustomerCategoryID) VALUES ('10227','1968',N'Nam','CC02');
INSERT INTO Customer (CustomerID,Year_birth,Gender,CustomerCategoryID) VALUES ('10228','1977',N'Nữ','CC01');
INSERT INTO Customer (CustomerID,Year_birth,Gender,CustomerCategoryID) VALUES ('10229','1992',N'Nam','CC01');
INSERT INTO Customer (CustomerID,Year_birth,Gender,CustomerCategoryID) VALUES ('10230','1988',N'Nữ','CC03');
INSERT INTO Customer (CustomerID,Year_birth,Gender,CustomerCategoryID) VALUES ('10231','1978',N'Nữ','CC02');
INSERT INTO Customer (CustomerID,Year_birth,Gender,CustomerCategoryID) VALUES ('10232','1996',N'Nam','CC03');
INSERT INTO Customer (CustomerID,Year_birth,Gender,CustomerCategoryID) VALUES ('10233','1998',N'Nữ','CC01');
INSERT INTO Customer (CustomerID,Year_birth,Gender,CustomerCategoryID) VALUES ('10234','1994',N'Nữ','CC02');
INSERT INTO Customer (CustomerID,Year_birth,Gender,CustomerCategoryID) VALUES ('10235','1982',N'Nam','CC03');
INSERT INTO Customer (CustomerID,Year_birth,Gender,CustomerCategoryID) VALUES ('10236','1984',N'Nữ','CC03');
INSERT INTO Customer (CustomerID,Year_birth,Gender,CustomerCategoryID) VALUES ('10237','1977',N'Nam','CC01');
INSERT INTO Customer (CustomerID,Year_birth,Gender,CustomerCategoryID) VALUES ('10238','1989',N'Nữ','CC02');
INSERT INTO Customer (CustomerID,Year_birth,Gender,CustomerCategoryID) VALUES ('10239','1987',N'Nữ','CC01');
INSERT INTO Customer (CustomerID,Year_birth,Gender,CustomerCategoryID) VALUES ('10240','1981',N'Nam','CC02');
INSERT INTO Customer (CustomerID,Year_birth,Gender,CustomerCategoryID) VALUES ('10241','1983',N'Nam','CC01');
INSERT INTO Customer (CustomerID,Year_birth,Gender,CustomerCategoryID) VALUES ('10242','1985',N'Nữ','CC03');
INSERT INTO Customer (CustomerID,Year_birth,Gender,CustomerCategoryID) VALUES ('10243','1990',N'Nữ','CC02');
INSERT INTO Customer (CustomerID,Year_birth,Gender,CustomerCategoryID) VALUES ('10244','1984',N'Nam','CC02');
INSERT INTO Customer (CustomerID,Year_birth,Gender,CustomerCategoryID) VALUES ('10245','1976',N'Nam','CC01');
INSERT INTO Customer (CustomerID,Year_birth,Gender,CustomerCategoryID) VALUES ('10246','1991',N'Nữ','CC03');
INSERT INTO Customer (CustomerID,Year_birth,Gender,CustomerCategoryID) VALUES ('10247','2003',N'Nam','CC03');
INSERT INTO Customer (CustomerID,Year_birth,Gender,CustomerCategoryID) VALUES ('10248','1999',N'Nữ','CC02');
INSERT INTO Customer (CustomerID,Year_birth,Gender,CustomerCategoryID) VALUES ('10249','1997',N'Nam','CC01');
INSERT INTO Customer (CustomerID,Year_birth,Gender,CustomerCategoryID) VALUES ('10250','2005',N'Nam','CC01');
INSERT INTO Customer (CustomerID,Year_birth,Gender,CustomerCategoryID) VALUES ('10251','1979',N'Nam','CC02');
INSERT INTO Customer (CustomerID,Year_birth,Gender,CustomerCategoryID) VALUES ('10252','1987',N'Nữ','CC01');
INSERT INTO Customer (CustomerID,Year_birth,Gender,CustomerCategoryID) VALUES ('10253','2009',N'Nam','CC02');
INSERT INTO Customer (CustomerID,Year_birth,Gender,CustomerCategoryID) VALUES ('10254','1973',N'Nam','CC01');
INSERT INTO Customer (CustomerID,Year_birth,Gender,CustomerCategoryID) VALUES ('10255','1965',N'Nam','CC03');
INSERT INTO Customer (CustomerID,Year_birth,Gender,CustomerCategoryID) VALUES ('10256','1981',N'Nam','CC01');
INSERT INTO Customer (CustomerID,Year_birth,Gender,CustomerCategoryID) VALUES ('10257','1975',N'Nam','CC01');
INSERT INTO Customer (CustomerID,Year_birth,Gender,CustomerCategoryID) VALUES ('10258','1991',N'Nữ','CC03');
INSERT INTO Customer (CustomerID,Year_birth,Gender,CustomerCategoryID) VALUES ('10259','1989',N'Nữ','CC01');
INSERT INTO Customer (CustomerID,Year_birth,Gender,CustomerCategoryID) VALUES ('10260','1977',N'Nam','CC02');
INSERT INTO Customer (CustomerID,Year_birth,Gender,CustomerCategoryID) VALUES ('10261','1969',N'Nam','CC02');
INSERT INTO Customer (CustomerID,Year_birth,Gender,CustomerCategoryID) VALUES ('10262','1983',N'Nam','CC02');
INSERT INTO Customer (CustomerID,Year_birth,Gender,CustomerCategoryID) VALUES ('10263','1995',N'Nữ','CC03');
INSERT INTO Customer (CustomerID,Year_birth,Gender,CustomerCategoryID) VALUES ('10264','1981',N'Nam','CC03');
INSERT INTO Customer (CustomerID,Year_birth,Gender,CustomerCategoryID) VALUES ('10265','1973',N'Nam','CC03');
INSERT INTO Customer (CustomerID,Year_birth,Gender,CustomerCategoryID) VALUES ('10266','1999',N'Nữ','CC02');
INSERT INTO Customer (CustomerID,Year_birth,Gender,CustomerCategoryID) VALUES ('10267','2007',N'Nam','CC03');
INSERT INTO Customer (CustomerID,Year_birth,Gender,CustomerCategoryID) VALUES ('10268','1993',N'Nữ','CC03');
INSERT INTO Customer (CustomerID,Year_birth,Gender,CustomerCategoryID) VALUES ('10269','1967',N'Nam','CC03');
INSERT INTO Customer (CustomerID,Year_birth,Gender,CustomerCategoryID) VALUES ('10270','1985',N'Nữ','CC03');
INSERT INTO Customer (CustomerID,Year_birth,Gender,CustomerCategoryID) VALUES ('10271','1987',N'Nữ','CC03');
INSERT INTO Customer (CustomerID,Year_birth,Gender,CustomerCategoryID) VALUES ('10272','1979',N'Nam','CC02');
INSERT INTO Customer (CustomerID,Year_birth,Gender,CustomerCategoryID) VALUES ('10273','2001',N'Nam','CC01');
INSERT INTO Customer (CustomerID,Year_birth,Gender,CustomerCategoryID) VALUES ('10274','1995',N'Nữ','CC03');
INSERT INTO Customer (CustomerID,Year_birth,Gender,CustomerCategoryID) VALUES ('10275','1963',N'Nam','CC01');
INSERT INTO Customer (CustomerID,Year_birth,Gender,CustomerCategoryID) VALUES ('10276','1958',N'Nữ','CC01');
INSERT INTO Customer (CustomerID,Year_birth,Gender,CustomerCategoryID) VALUES ('10277','1999',N'Nam','CC01');
INSERT INTO Customer (CustomerID,Year_birth,Gender,CustomerCategoryID) VALUES ('10278','1980',N'Nữ','CC03');
INSERT INTO Customer (CustomerID,Year_birth,Gender,CustomerCategoryID) VALUES ('10279','1982',N'Nữ','CC02');
INSERT INTO Customer (CustomerID,Year_birth,Gender,CustomerCategoryID) VALUES ('10280','1989',N'Nam','CC03');
INSERT INTO Customer (CustomerID,Year_birth,Gender,CustomerCategoryID) VALUES ('10281','1988',N'Nữ','CC03');
INSERT INTO Customer (CustomerID,Year_birth,Gender,CustomerCategoryID) VALUES ('10282','1993',N'Nam','CC01');
INSERT INTO Customer (CustomerID,Year_birth,Gender,CustomerCategoryID) VALUES ('10283','1994',N'Nữ','CC01');
INSERT INTO Customer (CustomerID,Year_birth,Gender,CustomerCategoryID) VALUES ('10284','1990',N'Nam','CC01');
INSERT INTO Customer (CustomerID,Year_birth,Gender,CustomerCategoryID) VALUES ('10285','1996',N'Nữ','CC03');
INSERT INTO Customer (CustomerID,Year_birth,Gender,CustomerCategoryID) VALUES ('10286','1987',N'Nam','CC01');
INSERT INTO Customer (CustomerID,Year_birth,Gender,CustomerCategoryID) VALUES ('10287','1991',N'Nam','CC01');
INSERT INTO Customer (CustomerID,Year_birth,Gender,CustomerCategoryID) VALUES ('10288','1981',N'Nữ','CC02');
INSERT INTO Customer (CustomerID,Year_birth,Gender,CustomerCategoryID) VALUES ('10289','1995',N'Nam','CC02');
INSERT INTO Customer (CustomerID,Year_birth,Gender,CustomerCategoryID) VALUES ('10290','2003',N'Nam','CC01');
INSERT INTO Customer (CustomerID,Year_birth,Gender,CustomerCategoryID) VALUES ('10291','1997',N'Nữ','CC02');
INSERT INTO Customer (CustomerID,Year_birth,Gender,CustomerCategoryID) VALUES ('10292','1975',N'Nam','CC01');
INSERT INTO Customer (CustomerID,Year_birth,Gender,CustomerCategoryID) VALUES ('10293','1980',N'Nam','CC02');
INSERT INTO Customer (CustomerID,Year_birth,Gender,CustomerCategoryID) VALUES ('10294','1973',N'Nữ','CC02');
INSERT INTO Customer (CustomerID,Year_birth,Gender,CustomerCategoryID) VALUES ('10295','1972',N'Nam','CC02');
INSERT INTO Customer (CustomerID,Year_birth,Gender,CustomerCategoryID) VALUES ('10296','1971',N'Nữ','CC02');
INSERT INTO Customer (CustomerID,Year_birth,Gender,CustomerCategoryID) VALUES ('10297','1976',N'Nam','CC03');
INSERT INTO Customer (CustomerID,Year_birth,Gender,CustomerCategoryID) VALUES ('10298','1970',N'Nam','CC02');
INSERT INTO Customer (CustomerID,Year_birth,Gender,CustomerCategoryID) VALUES ('10299','1975',N'Nữ','CC03');
INSERT INTO Customer (CustomerID,Year_birth,Gender,CustomerCategoryID) VALUES ('10300','1966',N'Nam','CC02');
INSERT INTO Customer (CustomerID,Year_birth,Gender,CustomerCategoryID) VALUES ('10301','1979',N'Nam','CC01');
INSERT INTO Customer (CustomerID,Year_birth,Gender,CustomerCategoryID) VALUES ('10302','1969',N'Nữ','CC03');
INSERT INTO Customer (CustomerID,Year_birth,Gender,CustomerCategoryID) VALUES ('10303','1968',N'Nam','CC01');
INSERT INTO Customer (CustomerID,Year_birth,Gender,CustomerCategoryID) VALUES ('10304','1986',N'Nam','CC01');
INSERT INTO Customer (CustomerID,Year_birth,Gender,CustomerCategoryID) VALUES ('10305','1967',N'Nam','CC02');
INSERT INTO Customer (CustomerID,Year_birth,Gender,CustomerCategoryID) VALUES ('10306','1981',N'Nữ','CC02');
INSERT INTO Customer (CustomerID,Year_birth,Gender,CustomerCategoryID) VALUES ('10307','1965',N'Nam','CC03');
INSERT INTO Customer (CustomerID,Year_birth,Gender,CustomerCategoryID) VALUES ('10308','1988',N'Nam','CC03');
INSERT INTO Customer (CustomerID,Year_birth,Gender,CustomerCategoryID) VALUES ('10309','1998',N'Nam','CC01');
INSERT INTO Customer (CustomerID,Year_birth,Gender,CustomerCategoryID) VALUES ('10310','1996',N'Nam','CC02');
INSERT INTO Customer (CustomerID,Year_birth,Gender,CustomerCategoryID) VALUES ('10311','1994',N'Nữ','CC03');
INSERT INTO Customer (CustomerID,Year_birth,Gender,CustomerCategoryID) VALUES ('10312','1992',N'Nam','CC03');
INSERT INTO Customer (CustomerID,Year_birth,Gender,CustomerCategoryID) VALUES ('10313','1987',N'Nam','CC01');
INSERT INTO Customer (CustomerID,Year_birth,Gender,CustomerCategoryID) VALUES ('10314','1993',N'Nam','CC02');
INSERT INTO Customer (CustomerID,Year_birth,Gender,CustomerCategoryID) VALUES ('10315','1991',N'Nam','CC03');
INSERT INTO Customer (CustomerID,Year_birth,Gender,CustomerCategoryID) VALUES ('10316','1986',N'Nữ','CC03');
INSERT INTO Customer (CustomerID,Year_birth,Gender,CustomerCategoryID) VALUES ('10317','1984',N'Nam','CC03');
INSERT INTO Customer (CustomerID,Year_birth,Gender,CustomerCategoryID) VALUES ('10318','1979',N'Nam','CC03');
INSERT INTO Customer (CustomerID,Year_birth,Gender,CustomerCategoryID) VALUES ('10319','1990',N'Nữ','CC03');
INSERT INTO Customer (CustomerID,Year_birth,Gender,CustomerCategoryID) VALUES ('10320','1988',N'Nữ','CC03');
INSERT INTO Customer (CustomerID,Year_birth,Gender,CustomerCategoryID) VALUES ('10321','1982',N'Nam','CC02');
INSERT INTO Customer (CustomerID,Year_birth,Gender,CustomerCategoryID) VALUES ('10322','1977',N'Nam','CC02');
INSERT INTO Customer (CustomerID,Year_birth,Gender,CustomerCategoryID) VALUES ('10323','1989',N'Nữ','CC01');
INSERT INTO Customer (CustomerID,Year_birth,Gender,CustomerCategoryID) VALUES ('10324','1987',N'Nữ','CC03');
INSERT INTO Customer (CustomerID,Year_birth,Gender,CustomerCategoryID) VALUES ('10325','1981',N'Nam','CC02');
INSERT INTO Customer (CustomerID,Year_birth,Gender,CustomerCategoryID) VALUES ('10326','1975',N'Nam','CC03');
INSERT INTO Customer (CustomerID,Year_birth,Gender,CustomerCategoryID) VALUES ('10327','1964',N'Nam','CC02');
INSERT INTO Customer (CustomerID,Year_birth,Gender,CustomerCategoryID) VALUES ('10328','1985',N'Nữ','CC03');
INSERT INTO Customer (CustomerID,Year_birth,Gender,CustomerCategoryID) VALUES ('10329','1982',N'Nữ','CC02');
INSERT INTO Customer (CustomerID,Year_birth,Gender,CustomerCategoryID) VALUES ('10330','1983',N'Nam','CC03');
INSERT INTO Customer (CustomerID,Year_birth,Gender,CustomerCategoryID) VALUES ('10331','1984',N'Nữ','CC01');
INSERT INTO Customer (CustomerID,Year_birth,Gender,CustomerCategoryID) VALUES ('10332','1963',N'Nam','CC03');
INSERT INTO Customer (CustomerID,Year_birth,Gender,CustomerCategoryID) VALUES ('10333','1962',N'Nữ','CC01');
INSERT INTO Customer (CustomerID,Year_birth,Gender,CustomerCategoryID) VALUES ('10334','1961',N'Nam','CC03');
INSERT INTO Customer (CustomerID,Year_birth,Gender,CustomerCategoryID) VALUES ('10335','1960',N'Nữ','CC02');
INSERT INTO Customer (CustomerID,Year_birth,Gender,CustomerCategoryID) VALUES ('10336','1959',N'Nam','CC01');
INSERT INTO Customer (CustomerID,Year_birth,Gender,CustomerCategoryID) VALUES ('10337','1958',N'Nữ','CC03');
INSERT INTO Customer (CustomerID,Year_birth,Gender,CustomerCategoryID) VALUES ('10338','1999',N'Nam','CC02');
INSERT INTO Customer (CustomerID,Year_birth,Gender,CustomerCategoryID) VALUES ('10339','1980',N'Nữ','CC02');
INSERT INTO Customer (CustomerID,Year_birth,Gender,CustomerCategoryID) VALUES ('10340','1982',N'Nữ','CC02');
INSERT INTO Customer (CustomerID,Year_birth,Gender,CustomerCategoryID) VALUES ('10341','1989',N'Nam','CC03');
INSERT INTO Customer (CustomerID,Year_birth,Gender,CustomerCategoryID) VALUES ('10342','1988',N'Nữ','CC01');
INSERT INTO Customer (CustomerID,Year_birth,Gender,CustomerCategoryID) VALUES ('10343','1993',N'Nam','CC01');
INSERT INTO Customer (CustomerID,Year_birth,Gender,CustomerCategoryID) VALUES ('10344','1994',N'Nữ','CC03');
INSERT INTO Customer (CustomerID,Year_birth,Gender,CustomerCategoryID) VALUES ('10345','1982',N'Nam','CC01');
INSERT INTO Customer (CustomerID,Year_birth,Gender,CustomerCategoryID) VALUES ('10346','1984',N'Nữ','CC01');
INSERT INTO Customer (CustomerID,Year_birth,Gender,CustomerCategoryID) VALUES ('10347','1977',N'Nam','CC02');
INSERT INTO Customer (CustomerID,Year_birth,Gender,CustomerCategoryID) VALUES ('10348','1989',N'Nữ','CC03');
INSERT INTO Customer (CustomerID,Year_birth,Gender,CustomerCategoryID) VALUES ('10349','1987',N'Nữ','CC02');
INSERT INTO Customer (CustomerID,Year_birth,Gender,CustomerCategoryID) VALUES ('10350','1981',N'Nam','CC03');
INSERT INTO Customer (CustomerID,Year_birth,Gender,CustomerCategoryID) VALUES ('10351','1983',N'Nam','CC02');
INSERT INTO Customer (CustomerID,Year_birth,Gender,CustomerCategoryID) VALUES ('10352','1985',N'Nữ','CC03');
INSERT INTO Customer (CustomerID,Year_birth,Gender,CustomerCategoryID) VALUES ('10353','1990',N'Nữ','CC01');
INSERT INTO Customer (CustomerID,Year_birth,Gender,CustomerCategoryID) VALUES ('10354','1984',N'Nam','CC02');
INSERT INTO Customer (CustomerID,Year_birth,Gender,CustomerCategoryID) VALUES ('10355','1976',N'Nam','CC02');
INSERT INTO Customer (CustomerID,Year_birth,Gender,CustomerCategoryID) VALUES ('10356','1991',N'Nữ','CC02');
INSERT INTO Customer (CustomerID,Year_birth,Gender,CustomerCategoryID) VALUES ('10357','2003',N'Nam','CC01');
INSERT INTO Customer (CustomerID,Year_birth,Gender,CustomerCategoryID) VALUES ('10358','1997',N'Nữ','CC01');
INSERT INTO Customer (CustomerID,Year_birth,Gender,CustomerCategoryID) VALUES ('10359','1975',N'Nam','CC03');
INSERT INTO Customer (CustomerID,Year_birth,Gender,CustomerCategoryID) VALUES ('10360','1980',N'Nam','CC02');
INSERT INTO Customer (CustomerID,Year_birth,Gender,CustomerCategoryID) VALUES ('10361','1973',N'Nữ','CC01');
INSERT INTO Customer (CustomerID,Year_birth,Gender,CustomerCategoryID) VALUES ('10362','1972',N'Nam','CC02');
INSERT INTO Customer (CustomerID,Year_birth,Gender,CustomerCategoryID) VALUES ('10363','1965',N'Nam','CC01');
INSERT INTO Customer (CustomerID,Year_birth,Gender,CustomerCategoryID) VALUES ('10364','1974',N'Nữ','CC01');
INSERT INTO Customer (CustomerID,Year_birth,Gender,CustomerCategoryID) VALUES ('10365','1964',N'Nam','CC03');
INSERT INTO Customer (CustomerID,Year_birth,Gender,CustomerCategoryID) VALUES ('10366','1983',N'Nữ','CC03');
INSERT INTO Customer (CustomerID,Year_birth,Gender,CustomerCategoryID) VALUES ('10367','1999',N'Nữ','CC03');
INSERT INTO Customer (CustomerID,Year_birth,Gender,CustomerCategoryID) VALUES ('10368','1995',N'Nam','CC03');
INSERT INTO Customer (CustomerID,Year_birth,Gender,CustomerCategoryID) VALUES ('10369','1977',N'Nữ','CC01');
INSERT INTO Customer (CustomerID,Year_birth,Gender,CustomerCategoryID) VALUES ('10370','1992',N'Nam','CC01');
INSERT INTO Customer (CustomerID,Year_birth,Gender,CustomerCategoryID) VALUES ('10371','1988',N'Nữ','CC02');
INSERT INTO Customer (CustomerID,Year_birth,Gender,CustomerCategoryID) VALUES ('10372','1978',N'Nữ','CC02');
INSERT INTO Customer (CustomerID,Year_birth,Gender,CustomerCategoryID) VALUES ('10373','1996',N'Nam','CC01');
INSERT INTO Customer (CustomerID,Year_birth,Gender,CustomerCategoryID) VALUES ('10374','1998',N'Nữ','CC01');
INSERT INTO Customer (CustomerID,Year_birth,Gender,CustomerCategoryID) VALUES ('10375','1994',N'Nữ','CC03');
INSERT INTO Customer (CustomerID,Year_birth,Gender,CustomerCategoryID) VALUES ('10376','2000',N'Nữ','CC03');
INSERT INTO Customer (CustomerID,Year_birth,Gender,CustomerCategoryID) VALUES ('10377','1997',N'Nữ','CC01');
INSERT INTO Customer (CustomerID,Year_birth,Gender,CustomerCategoryID) VALUES ('10378','1993',N'Nữ','CC02');
INSERT INTO Customer (CustomerID,Year_birth,Gender,CustomerCategoryID) VALUES ('10379','1988',N'Nam','CC02');
INSERT INTO Customer (CustomerID,Year_birth,Gender,CustomerCategoryID) VALUES ('10380','1998',N'Nam','CC03');
INSERT INTO Customer (CustomerID,Year_birth,Gender,CustomerCategoryID) VALUES ('10381','1996',N'Nam','CC02');
INSERT INTO Customer (CustomerID,Year_birth,Gender,CustomerCategoryID) VALUES ('10382','1994',N'Nữ','CC03');
INSERT INTO Customer (CustomerID,Year_birth,Gender,CustomerCategoryID) VALUES ('10383','1992',N'Nam','CC03');
INSERT INTO Customer (CustomerID,Year_birth,Gender,CustomerCategoryID) VALUES ('10384','1987',N'Nam','CC02');
INSERT INTO Customer (CustomerID,Year_birth,Gender,CustomerCategoryID) VALUES ('10385','1993',N'Nam','CC01');
INSERT INTO Customer (CustomerID,Year_birth,Gender,CustomerCategoryID) VALUES ('10386','1965',N'Nam','CC01');
INSERT INTO Customer (CustomerID,Year_birth,Gender,CustomerCategoryID) VALUES ('10387','1974',N'Nữ','CC02');
INSERT INTO Customer (CustomerID,Year_birth,Gender,CustomerCategoryID) VALUES ('10388','1964',N'Nam','CC02');
INSERT INTO Customer (CustomerID,Year_birth,Gender,CustomerCategoryID) VALUES ('10389','1985',N'Nữ','CC02');
INSERT INTO Customer (CustomerID,Year_birth,Gender,CustomerCategoryID) VALUES ('10390','1982',N'Nữ','CC03');
INSERT INTO Customer (CustomerID,Year_birth,Gender,CustomerCategoryID) VALUES ('10391','1983',N'Nam','CC01');
INSERT INTO Customer (CustomerID,Year_birth,Gender,CustomerCategoryID) VALUES ('10392','1984',N'Nữ','CC01');
INSERT INTO Customer (CustomerID,Year_birth,Gender,CustomerCategoryID) VALUES ('10393','1963',N'Nam','CC03');
INSERT INTO Customer (CustomerID,Year_birth,Gender,CustomerCategoryID) VALUES ('10394','1962',N'Nữ','CC01');
INSERT INTO Customer (CustomerID,Year_birth,Gender,CustomerCategoryID) VALUES ('10395','1961',N'Nam','CC03');
INSERT INTO Customer (CustomerID,Year_birth,Gender,CustomerCategoryID) VALUES ('10396','1960',N'Nữ','CC01');
INSERT INTO Customer (CustomerID,Year_birth,Gender,CustomerCategoryID) VALUES ('10397','1959',N'Nam','CC03');
INSERT INTO Customer (CustomerID,Year_birth,Gender,CustomerCategoryID) VALUES ('10398','1958',N'Nữ','CC01');
INSERT INTO Customer (CustomerID,Year_birth,Gender,CustomerCategoryID) VALUES ('10399','1999',N'Nam','CC02');
INSERT INTO Customer (CustomerID,Year_birth,Gender,CustomerCategoryID) VALUES ('10400','1980',N'Nữ','CC01');
INSERT INTO Customer (CustomerID,Year_birth,Gender,CustomerCategoryID) VALUES ('10401','1982',N'Nữ','CC02');
INSERT INTO Customer (CustomerID,Year_birth,Gender,CustomerCategoryID) VALUES ('10402','1989',N'Nam','CC02');
INSERT INTO Customer (CustomerID,Year_birth,Gender,CustomerCategoryID) VALUES ('10403','2003',N'Nam','CC01');
INSERT INTO Customer (CustomerID,Year_birth,Gender,CustomerCategoryID) VALUES ('10404','1997',N'Nữ','CC01');
INSERT INTO Customer (CustomerID,Year_birth,Gender,CustomerCategoryID) VALUES ('10405','1975',N'Nam','CC02');
INSERT INTO Customer (CustomerID,Year_birth,Gender,CustomerCategoryID) VALUES ('10406','1980',N'Nam','CC02');
INSERT INTO Customer (CustomerID,Year_birth,Gender,CustomerCategoryID) VALUES ('10407','1973',N'Nữ','CC02');
INSERT INTO Customer (CustomerID,Year_birth,Gender,CustomerCategoryID) VALUES ('10408','1972',N'Nam','CC01');
INSERT INTO Customer (CustomerID,Year_birth,Gender,CustomerCategoryID) VALUES ('10409','1971',N'Nữ','CC02');
INSERT INTO Customer (CustomerID,Year_birth,Gender,CustomerCategoryID) VALUES ('10410','1976',N'Nam','CC03');
INSERT INTO Customer (CustomerID,Year_birth,Gender,CustomerCategoryID) VALUES ('10411','1970',N'Nam','CC01');
INSERT INTO Customer (CustomerID,Year_birth,Gender,CustomerCategoryID) VALUES ('10412','1975',N'Nữ','CC02');
INSERT INTO Customer (CustomerID,Year_birth,Gender,CustomerCategoryID) VALUES ('10413','1966',N'Nam','CC02');
INSERT INTO Customer (CustomerID,Year_birth,Gender,CustomerCategoryID) VALUES ('10414','1979',N'Nam','CC03');
INSERT INTO Customer (CustomerID,Year_birth,Gender,CustomerCategoryID) VALUES ('10415','1969',N'Nữ','CC01');
INSERT INTO Customer (CustomerID,Year_birth,Gender,CustomerCategoryID) VALUES ('10416','1968',N'Nam','CC01');
INSERT INTO Customer (CustomerID,Year_birth,Gender,CustomerCategoryID) VALUES ('10417','1986',N'Nam','CC01');
INSERT INTO Customer (CustomerID,Year_birth,Gender,CustomerCategoryID) VALUES ('10418','1967',N'Nam','CC03');
INSERT INTO Customer (CustomerID,Year_birth,Gender,CustomerCategoryID) VALUES ('10419','1981',N'Nữ','CC03');
INSERT INTO Customer (CustomerID,Year_birth,Gender,CustomerCategoryID) VALUES ('10420','1965',N'Nam','CC03');
INSERT INTO Customer (CustomerID,Year_birth,Gender,CustomerCategoryID) VALUES ('10421','1974',N'Nữ','CC02');
INSERT INTO Customer (CustomerID,Year_birth,Gender,CustomerCategoryID) VALUES ('10422','1964',N'Nam','CC02');
INSERT INTO Customer (CustomerID,Year_birth,Gender,CustomerCategoryID) VALUES ('10423','1985',N'Nữ','CC03');
INSERT INTO Customer (CustomerID,Year_birth,Gender,CustomerCategoryID) VALUES ('10424','1982',N'Nữ','CC01');
INSERT INTO Customer (CustomerID,Year_birth,Gender,CustomerCategoryID) VALUES ('10425','1983',N'Nam','CC01');
INSERT INTO Customer (CustomerID,Year_birth,Gender,CustomerCategoryID) VALUES ('10426','1984',N'Nữ','CC02');
INSERT INTO Customer (CustomerID,Year_birth,Gender,CustomerCategoryID) VALUES ('10427','1963',N'Nam','CC03');
INSERT INTO Customer (CustomerID,Year_birth,Gender,CustomerCategoryID) VALUES ('10428','1962',N'Nữ','CC03');
INSERT INTO Customer (CustomerID,Year_birth,Gender,CustomerCategoryID) VALUES ('10429','1961',N'Nam','CC01');
INSERT INTO Customer (CustomerID,Year_birth,Gender,CustomerCategoryID) VALUES ('10430','1960',N'Nữ','CC01');
INSERT INTO Customer (CustomerID,Year_birth,Gender,CustomerCategoryID) VALUES ('10431','1959',N'Nam','CC03');
INSERT INTO Customer (CustomerID,Year_birth,Gender,CustomerCategoryID) VALUES ('10432','1958',N'Nữ','CC01');
INSERT INTO Customer (CustomerID,Year_birth,Gender,CustomerCategoryID) VALUES ('10433','1999',N'Nam','CC03');
INSERT INTO Customer (CustomerID,Year_birth,Gender,CustomerCategoryID) VALUES ('10434','1980',N'Nữ','CC03');
INSERT INTO Customer (CustomerID,Year_birth,Gender,CustomerCategoryID) VALUES ('10435','1982',N'Nữ','CC03');
INSERT INTO Customer (CustomerID,Year_birth,Gender,CustomerCategoryID) VALUES ('10436','1989',N'Nam','CC02');
INSERT INTO Customer (CustomerID,Year_birth,Gender,CustomerCategoryID) VALUES ('10437','1988',N'Nữ','CC03');
INSERT INTO Customer (CustomerID,Year_birth,Gender,CustomerCategoryID) VALUES ('10438','1988',N'Nữ','CC03');
INSERT INTO Customer (CustomerID,Year_birth,Gender,CustomerCategoryID) VALUES ('10439','1978',N'Nữ','CC02');
INSERT INTO Customer (CustomerID,Year_birth,Gender,CustomerCategoryID) VALUES ('10440','1996',N'Nam','CC03');
INSERT INTO Customer (CustomerID,Year_birth,Gender,CustomerCategoryID) VALUES ('10441','1998',N'Nữ','CC03');
INSERT INTO Customer (CustomerID,Year_birth,Gender,CustomerCategoryID) VALUES ('10442','1994',N'Nữ','CC02');
INSERT INTO Customer (CustomerID,Year_birth,Gender,CustomerCategoryID) VALUES ('10443','1982',N'Nam','CC03');
INSERT INTO Customer (CustomerID,Year_birth,Gender,CustomerCategoryID) VALUES ('10444','1984',N'Nữ','CC02');
INSERT INTO Customer (CustomerID,Year_birth,Gender,CustomerCategoryID) VALUES ('10445','1977',N'Nam','CC02');
INSERT INTO Customer (CustomerID,Year_birth,Gender,CustomerCategoryID) VALUES ('10446','1989',N'Nữ','CC03');
INSERT INTO Customer (CustomerID,Year_birth,Gender,CustomerCategoryID) VALUES ('10447','1987',N'Nữ','CC02');
INSERT INTO Customer (CustomerID,Year_birth,Gender,CustomerCategoryID) VALUES ('10448','1981',N'Nam','CC01');
INSERT INTO Customer (CustomerID,Year_birth,Gender,CustomerCategoryID) VALUES ('10449','1983',N'Nam','CC01');
INSERT INTO Customer (CustomerID,Year_birth,Gender,CustomerCategoryID) VALUES ('10450','1985',N'Nữ','CC01');
INSERT INTO Customer (CustomerID,Year_birth,Gender,CustomerCategoryID) VALUES ('10451','1990',N'Nữ','CC03');
INSERT INTO Customer (CustomerID,Year_birth,Gender,CustomerCategoryID) VALUES ('10452','1984',N'Nam','CC02');
INSERT INTO Customer (CustomerID,Year_birth,Gender,CustomerCategoryID) VALUES ('10453','1976',N'Nam','CC02');
INSERT INTO Customer (CustomerID,Year_birth,Gender,CustomerCategoryID) VALUES ('10454','1991',N'Nữ','CC01');
INSERT INTO Customer (CustomerID,Year_birth,Gender,CustomerCategoryID) VALUES ('10455','2003',N'Nam','CC01');
INSERT INTO Customer (CustomerID,Year_birth,Gender,CustomerCategoryID) VALUES ('10456','1997',N'Nữ','CC03');
INSERT INTO Customer (CustomerID,Year_birth,Gender,CustomerCategoryID) VALUES ('10457','1975',N'Nam','CC01');
INSERT INTO Customer (CustomerID,Year_birth,Gender,CustomerCategoryID) VALUES ('10458','1980',N'Nam','CC02');
INSERT INTO Customer (CustomerID,Year_birth,Gender,CustomerCategoryID) VALUES ('10459','1973',N'Nữ','CC02');
INSERT INTO Customer (CustomerID,Year_birth,Gender,CustomerCategoryID) VALUES ('10460','1972',N'Nam','CC03');
INSERT INTO Customer (CustomerID,Year_birth,Gender,CustomerCategoryID) VALUES ('10461','1965',N'Nam','CC03');
INSERT INTO Customer (CustomerID,Year_birth,Gender,CustomerCategoryID) VALUES ('10462','1974',N'Nữ','CC02');
INSERT INTO Customer (CustomerID,Year_birth,Gender,CustomerCategoryID) VALUES ('10463','1964',N'Nam','CC03');
INSERT INTO Customer (CustomerID,Year_birth,Gender,CustomerCategoryID) VALUES ('10464','1983',N'Nữ','CC03');
INSERT INTO Customer (CustomerID,Year_birth,Gender,CustomerCategoryID) VALUES ('10465','1999',N'Nữ','CC03');
INSERT INTO Customer (CustomerID,Year_birth,Gender,CustomerCategoryID) VALUES ('10466','1995',N'Nam','CC03');
INSERT INTO Customer (CustomerID,Year_birth,Gender,CustomerCategoryID) VALUES ('10467','1977',N'Nữ','CC01');
INSERT INTO Customer (CustomerID,Year_birth,Gender,CustomerCategoryID) VALUES ('10468','1992',N'Nam','CC02');
INSERT INTO Customer (CustomerID,Year_birth,Gender,CustomerCategoryID) VALUES ('10469','1988',N'Nữ','CC01');
INSERT INTO Customer (CustomerID,Year_birth,Gender,CustomerCategoryID) VALUES ('10470','1978',N'Nữ','CC02');
INSERT INTO Customer (CustomerID,Year_birth,Gender,CustomerCategoryID) VALUES ('10471','1996',N'Nam','CC02');
INSERT INTO Customer (CustomerID,Year_birth,Gender,CustomerCategoryID) VALUES ('10472','1998',N'Nữ','CC02');
INSERT INTO Customer (CustomerID,Year_birth,Gender,CustomerCategoryID) VALUES ('10473','1994',N'Nữ','CC03');
INSERT INTO Customer (CustomerID,Year_birth,Gender,CustomerCategoryID) VALUES ('10474','1990',N'Nam','CC01');
INSERT INTO Customer (CustomerID,Year_birth,Gender,CustomerCategoryID) VALUES ('10475','1971',N'Nữ','CC03');
INSERT INTO Customer (CustomerID,Year_birth,Gender,CustomerCategoryID) VALUES ('10476','1991',N'Nữ','CC03');
INSERT INTO Customer (CustomerID,Year_birth,Gender,CustomerCategoryID) VALUES ('10477','1973',N'Nữ','CC01');
INSERT INTO Customer (CustomerID,Year_birth,Gender,CustomerCategoryID) VALUES ('10478','1988',N'Nam','CC02');
INSERT INTO Customer (CustomerID,Year_birth,Gender,CustomerCategoryID) VALUES ('10479','1986',N'Nữ','CC02');
INSERT INTO Customer (CustomerID,Year_birth,Gender,CustomerCategoryID) VALUES ('10480','1991',N'Nam','CC03');
INSERT INTO Customer (CustomerID,Year_birth,Gender,CustomerCategoryID) VALUES ('10481','1978',N'Nam','CC02');
INSERT INTO Customer (CustomerID,Year_birth,Gender,CustomerCategoryID) VALUES ('10482','1982',N'Nữ','CC03');
INSERT INTO Customer (CustomerID,Year_birth,Gender,CustomerCategoryID) VALUES ('10483','1995',N'Nữ','CC01');
INSERT INTO Customer (CustomerID,Year_birth,Gender,CustomerCategoryID) VALUES ('10484','1993',N'Nữ','CC01');
INSERT INTO Customer (CustomerID,Year_birth,Gender,CustomerCategoryID) VALUES ('10485','1983',N'Nam','CC02');
INSERT INTO Customer (CustomerID,Year_birth,Gender,CustomerCategoryID) VALUES ('10486','1973',N'Nam','CC02');
INSERT INTO Customer (CustomerID,Year_birth,Gender,CustomerCategoryID) VALUES ('10487','1988',N'Nữ','CC03');
INSERT INTO Customer (CustomerID,Year_birth,Gender,CustomerCategoryID) VALUES ('10488','1994',N'Nam','CC03');
INSERT INTO Customer (CustomerID,Year_birth,Gender,CustomerCategoryID) VALUES ('10489','1981',N'Nam','CC01');
INSERT INTO Customer (CustomerID,Year_birth,Gender,CustomerCategoryID) VALUES ('10490','1985',N'Nữ','CC02');
INSERT INTO Customer (CustomerID,Year_birth,Gender,CustomerCategoryID) VALUES ('10491','1995',N'Nữ','CC03');
INSERT INTO Customer (CustomerID,Year_birth,Gender,CustomerCategoryID) VALUES ('10492','1975',N'Nữ','CC02');
INSERT INTO Customer (CustomerID,Year_birth,Gender,CustomerCategoryID) VALUES ('10493','1987',N'Nữ','CC03');
INSERT INTO Customer (CustomerID,Year_birth,Gender,CustomerCategoryID) VALUES ('10494','1974',N'Nữ','CC03');
INSERT INTO Customer (CustomerID,Year_birth,Gender,CustomerCategoryID) VALUES ('10495','1994',N'Nữ','CC01');
INSERT INTO Customer (CustomerID,Year_birth,Gender,CustomerCategoryID) VALUES ('10496','1996',N'Nữ','CC02');
INSERT INTO Customer (CustomerID,Year_birth,Gender,CustomerCategoryID) VALUES ('10497','1977',N'Nam','CC03');
INSERT INTO Customer (CustomerID,Year_birth,Gender,CustomerCategoryID) VALUES ('10498','1992',N'Nữ','CC02');
INSERT INTO Customer (CustomerID,Year_birth,Gender,CustomerCategoryID) VALUES ('10499','1982',N'Nam','CC03');
INSERT INTO Customer (CustomerID,Year_birth,Gender,CustomerCategoryID) VALUES ('10500','2001',N'Nữ','CC01');

INSERT INTO CustomerCategory (CustomerCategoryID,CustomerCategoryName) VALUES ('CC01',N'Hạng Đồng');
INSERT INTO CustomerCategory (CustomerCategoryID,CustomerCategoryName) VALUES ('CC02',N'Hạng Bạc');
INSERT INTO CustomerCategory (CustomerCategoryID,CustomerCategoryName) VALUES ('CC03',N'Hạng Vàng');

INSERT INTO Time (DateID,FullDate,Year,Quarter,Month,Day,DayofWeek,WeekofMonth,WeekofYear) VALUES ('20210101','01/01/2021','2021','1','1','1','6','1','1');
INSERT INTO Time (DateID,FullDate,Year,Quarter,Month,Day,DayofWeek,WeekofMonth,WeekofYear) VALUES ('20210102','02/01/2021','2021','1','1','2','7','1','1');
INSERT INTO Time (DateID,FullDate,Year,Quarter,Month,Day,DayofWeek,WeekofMonth,WeekofYear) VALUES ('20210103','03/01/2021','2021','1','1','3','1','1','2');
INSERT INTO Time (DateID,FullDate,Year,Quarter,Month,Day,DayofWeek,WeekofMonth,WeekofYear) VALUES ('20210104','04/01/2021','2021','1','1','4','2','1','2');
INSERT INTO Time (DateID,FullDate,Year,Quarter,Month,Day,DayofWeek,WeekofMonth,WeekofYear) VALUES ('20210105','05/01/2021','2021','1','1','5','3','1','2');
INSERT INTO Time (DateID,FullDate,Year,Quarter,Month,Day,DayofWeek,WeekofMonth,WeekofYear) VALUES ('20210106','06/01/2021','2021','1','1','6','4','1','2');
INSERT INTO Time (DateID,FullDate,Year,Quarter,Month,Day,DayofWeek,WeekofMonth,WeekofYear) VALUES ('20210107','07/01/2021','2021','1','1','7','5','1','2');
INSERT INTO Time (DateID,FullDate,Year,Quarter,Month,Day,DayofWeek,WeekofMonth,WeekofYear) VALUES ('20210108','08/01/2021','2021','1','1','8','6','2','2');
INSERT INTO Time (DateID,FullDate,Year,Quarter,Month,Day,DayofWeek,WeekofMonth,WeekofYear) VALUES ('20210109','09/01/2021','2021','1','1','9','7','2','2');
INSERT INTO Time (DateID,FullDate,Year,Quarter,Month,Day,DayofWeek,WeekofMonth,WeekofYear) VALUES ('20210110','10/01/2021','2021','1','1','10','1','2','3');
INSERT INTO Time
(DateID, FullDate, Year, Quarter, Month, Day, DayofWeek, WeekofMonth, WeekofYear)
VALUES ('20210111','11/01/2021','2021','1','1','11','2','2','3');

INSERT INTO Time
(DateID, FullDate, Year, Quarter, Month, Day, DayofWeek, WeekofMonth, WeekofYear)
VALUES ('20210112','12/01/2021','2021','1','1','12','3','2','3');
INSERT INTO Time
(DateID, FullDate, Year, Quarter, Month, Day, DayofWeek, WeekofMonth, WeekofYear)
VALUES ('20210113','13/01/2021','2021','1','1','13','4','2','3');

INSERT INTO Time
(DateID, FullDate, Year, Quarter, Month, Day, DayofWeek, WeekofMonth, WeekofYear)
VALUES ('20210114','14/01/2021','2021','1','1','14','5','2','3');

INSERT INTO Time
(DateID, FullDate, Year, Quarter, Month, Day, DayofWeek, WeekofMonth, WeekofYear)
VALUES ('20210115','15/01/2021','2021','1','1','15','6','3','3');

INSERT INTO Time
(DateID, FullDate, Year, Quarter, Month, Day, DayofWeek, WeekofMonth, WeekofYear)
VALUES ('20210116','16/01/2021','2021','1','1','16','7','3','3');

INSERT INTO Time
(DateID, FullDate, Year, Quarter, Month, Day, DayofWeek, WeekofMonth, WeekofYear)
VALUES ('20210117','17/01/2021','2021','1','1','17','1','3','4');

INSERT INTO Time
(DateID, FullDate, Year, Quarter, Month, Day, DayofWeek, WeekofMonth, WeekofYear)
VALUES ('20210118','18/01/2021','2021','1','1','18','2','3','4');
INSERT INTO Time
(DateID, FullDate, Year, Quarter, Month, Day, DayofWeek, WeekofMonth, WeekofYear)
VALUES ('20210119','19/01/2021','2021','1','1','19','3','3','4');

INSERT INTO Time
 (DateID, FullDate, Year, Quarter, Month, Day, DayofWeek, WeekofMonth, WeekofYear)
VALUES ('20210120','20/01/2021','2021','1','1','20','4','3','4');

INSERT INTO Time 
(DateID, FullDate, Year, Quarter, Month, Day, DayofWeek, WeekofMonth, WeekofYear)
VALUES ('20210121','21/01/2021','2021','1','1','21','5','3','4');
INSERT INTO Time (DateID, FullDate, Year, Quarter, Month, Day, DayofWeek, WeekofMonth, WeekofYear)
VALUES ('20210122','22/01/2021','2021','1','1','22','6','4','4');
INSERT INTO Time (DateID, FullDate, Year, Quarter, Month, Day, DayofWeek, WeekofMonth, WeekofYear)
VALUES ('20210123','23/01/2021','2021','1','1','23','7','4','4');
INSERT INTO Time (DateID, FullDate, Year, Quarter, Month, Day, DayofWeek, WeekofMonth, WeekofYear)
VALUES ('20210124','24/01/2021','2021','1','1','24','1','4','5');
INSERT INTO Time (DateID, FullDate, Year, Quarter, Month, Day, DayofWeek, WeekofMonth, WeekofYear)
VALUES ('20210125','25/01/2021','2021','1','1','25','2','4','5');
INSERT INTO Time (DateID, FullDate, Year, Quarter, Month, Day, DayofWeek, WeekofMonth, WeekofYear)
VALUES ('20210126','26/01/2021','2021','1','1','26','3','4','5');
INSERT INTO Time (DateID, FullDate, Year, Quarter, Month, Day, DayofWeek, WeekofMonth, WeekofYear)
VALUES ('20210127','27/01/2021','2021','1','1','27','4','4','5');
INSERT INTO Time (DateID, FullDate, Year, Quarter, Month, Day, DayofWeek, WeekofMonth, WeekofYear)
VALUES ('20210128','28/01/2021','2021','1','1','28','5','4','5');
INSERT INTO Time (DateID, FullDate, Year, Quarter, Month, Day, DayofWeek, WeekofMonth, WeekofYear)
VALUES ('20210129','29/01/2021','2021','1','1','29','6','5','5');
INSERT INTO Time (DateID, FullDate, Year, Quarter, Month, Day, DayofWeek, WeekofMonth, WeekofYear)
VALUES ('20210130','30/01/2021','2021','1','1','30','7','5','5');
INSERT INTO Time (DateID, FullDate, Year, Quarter, Month, Day, DayofWeek, WeekofMonth, WeekofYear)
VALUES ('20210131','31/01/2021','2021','1','1','31','1','5','6');
INSERT INTO Time (DateID, FullDate, Year, Quarter, Month, Day, DayofWeek, WeekofMonth, WeekofYear)
VALUES ('20210201','01/02/2021','2021','1','2','1','2','1','6');
INSERT INTO Time (DateID, FullDate, Year, Quarter, Month, Day, DayofWeek, WeekofMonth, WeekofYear)
VALUES ('20210202','02/02/2021','2021','1','2','2','3','1','6');
INSERT INTO Time (DateID, FullDate, Year, Quarter, Month, Day, DayofWeek, WeekofMonth, WeekofYear)
VALUES ('20210203','03/02/2021','2021','1','2','3','4','1','6');
INSERT INTO Time (DateID, FullDate, Year, Quarter, Month, Day, DayofWeek, WeekofMonth, WeekofYear)
VALUES ('20210204','04/02/2021','2021','1','2','4','5','1','6');
INSERT INTO Time (DateID, FullDate, Year, Quarter, Month, Day, DayofWeek, WeekofMonth, WeekofYear)
VALUES ('20210205','05/02/2021','2021','1','2','5','6','1','6');
INSERT INTO Time (DateID, FullDate, Year, Quarter, Month, Day, DayofWeek, WeekofMonth, WeekofYear)
VALUES ('20210206','06/02/2021','2021','1','2','6','7','1','6');
INSERT INTO Time (DateID, FullDate, Year, Quarter, Month, Day, DayofWeek, WeekofMonth, WeekofYear)
VALUES ('20210207','07/02/2021','2021','1','2','7','1','1','7');
INSERT INTO Time (DateID, FullDate, Year, Quarter, Month, Day, DayofWeek, WeekofMonth, WeekofYear)
VALUES ('20210208','08/02/2021','2021','1','2','8','2','2','7');
INSERT INTO Time (DateID, FullDate, Year, Quarter, Month, Day, DayofWeek, WeekofMonth, WeekofYear)
VALUES ('20210209','09/02/2021','2021','1','2','9','3','2','7');
INSERT INTO Time (DateID, FullDate, Year, Quarter, Month, Day, DayofWeek, WeekofMonth, WeekofYear)
VALUES ('20210210','10/02/2021','2021','1','2','10','4','2','7');
INSERT INTO Time (DateID, FullDate, Year, Quarter, Month, Day, DayofWeek, WeekofMonth, WeekofYear)
VALUES ('20210211','11/02/2021','2021','1','2','11','5','2','7');
INSERT INTO Time (DateID, FullDate, Year, Quarter, Month, Day, DayofWeek, WeekofMonth, WeekofYear)
VALUES ('20210212','12/02/2021','2021','1','2','12','6','2','7');
INSERT INTO Time (DateID, FullDate, Year, Quarter, Month, Day, DayofWeek, WeekofMonth, WeekofYear)
VALUES ('20210213','13/02/2021','2021','1','2','13','7','2','7');
INSERT INTO Time (DateID, FullDate, Year, Quarter, Month, Day, DayofWeek, WeekofMonth, WeekofYear)
VALUES ('20210214','14/02/2021','2021','1','2','14','1','2','8');
INSERT INTO Time (DateID, FullDate, Year, Quarter, Month, Day, DayofWeek, WeekofMonth, WeekofYear)
VALUES ('20210215','15/02/2021','2021','1','2','15','2','3','8');
INSERT INTO Time (DateID, FullDate, Year, Quarter, Month, Day, DayofWeek, WeekofMonth, WeekofYear)
VALUES ('20210216','16/02/2021','2021','1','2','16','3','3','8');
INSERT INTO Time (DateID, FullDate, Year, Quarter, Month, Day, DayofWeek, WeekofMonth, WeekofYear)
VALUES ('20210217','17/02/2021','2021','1','2','17','4','3','8');
INSERT INTO Time (DateID, FullDate, Year, Quarter, Month, Day, DayofWeek, WeekofMonth, WeekofYear)
VALUES ('20210218','18/02/2021','2021','1','2','18','5','3','8');
INSERT INTO Time (DateID, FullDate, Year, Quarter, Month, Day, DayofWeek, WeekofMonth, WeekofYear)
VALUES ('20210219','19/02/2021','2021','1','2','19','6','3','8');
INSERT INTO Time (DateID, FullDate, Year, Quarter, Month, Day, DayofWeek, WeekofMonth, WeekofYear)
VALUES ('20210220','20/02/2021','2021','1','2','20','7','3','8');
INSERT INTO Time (DateID, FullDate, Year, Quarter, Month, Day, DayofWeek, WeekofMonth, WeekofYear)
VALUES ('20210221','21/02/2021','2021','1','2','21','1','3','9');
INSERT INTO Time (DateID, FullDate, Year, Quarter, Month, Day, DayofWeek, WeekofMonth, WeekofYear)
VALUES ('20210222','22/02/2021','2021','1','2','22','2','4','9');
INSERT INTO Time (DateID, FullDate, Year, Quarter, Month, Day, DayofWeek, WeekofMonth, WeekofYear)
VALUES ('20210223','23/02/2021','2021','1','2','23','3','4','9');
INSERT INTO Time (DateID, FullDate, Year, Quarter, Month, Day, DayofWeek, WeekofMonth, WeekofYear)
VALUES ('20210224','24/02/2021','2021','1','2','24','4','4','9');
INSERT INTO Time (DateID, FullDate, Year, Quarter, Month, Day, DayofWeek, WeekofMonth, WeekofYear)
VALUES ('20210225','25/02/2021','2021','1','2','25','5','4','9');
INSERT INTO Time (DateID, FullDate, Year, Quarter, Month, Day, DayofWeek, WeekofMonth, WeekofYear)
VALUES ('20210226','26/02/2021','2021','1','2','26','6','4','9');
INSERT INTO Time (DateID, FullDate, Year, Quarter, Month, Day, DayofWeek, WeekofMonth, WeekofYear)
VALUES ('20210227','27/02/2021','2021','1','2','27','7','4','9');
INSERT INTO Time (DateID, FullDate, Year, Quarter, Month, Day, DayofWeek, WeekofMonth, WeekofYear)
VALUES ('20210228','28/02/2021','2021','1','2','28','1','4','10');
INSERT INTO Time (DateID, FullDate, Year, Quarter, Month, Day, DayofWeek, WeekofMonth, WeekofYear)
VALUES ('20210301','01/03/2021','2021','1','2','1','2','1','10');
INSERT INTO Time (DateID, FullDate, Year, Quarter, Month, Day, DayofWeek, WeekofMonth, WeekofYear)
VALUES ('20210302','02/03/2021','2021','1','3','2','3','1','10');
INSERT INTO Time (DateID, FullDate, Year, Quarter, Month, Day, DayofWeek, WeekofMonth, WeekofYear)
VALUES ('20210303','03/03/2021','2021','1','3','3','4','1','10');
INSERT INTO Time (DateID, FullDate, Year, Quarter, Month, Day, DayofWeek, WeekofMonth, WeekofYear)
VALUES ('20210304','04/03/2021','2021','1','3','4','5','1','10');
INSERT INTO Time (DateID, FullDate, Year, Quarter, Month, Day, DayofWeek, WeekofMonth, WeekofYear)
VALUES ('20210305','05/03/2021','2021','1','3','5','6','1','10');
INSERT INTO Time (DateID, FullDate, Year, Quarter, Month, Day, DayofWeek, WeekofMonth, WeekofYear)
VALUES ('20210306','06/03/2021','2021','1','3','6','7','1','10');
INSERT INTO Time (DateID, FullDate, Year, Quarter, Month, Day, DayofWeek, WeekofMonth, WeekofYear)
VALUES ('20210307','07/03/2021','2021','1','3','7','1','1','11');
INSERT INTO Time (DateID, FullDate, Year, Quarter, Month, Day, DayofWeek, WeekofMonth, WeekofYear)
VALUES ('20210308','08/03/2021','2021','1','3','8','2','2','11');
INSERT INTO Time (DateID, FullDate, Year, Quarter, Month, Day, DayofWeek, WeekofMonth, WeekofYear)
VALUES ('20210309','09/03/2021','2021','1','3','9','3','2','11');
INSERT INTO Time (DateID, FullDate, Year, Quarter, Month, Day, DayofWeek, WeekofMonth, WeekofYear)
VALUES ('20210310','10/03/2021','2021','1','3','10','4','2','11');
INSERT INTO Time (DateID, FullDate, Year, Quarter, Month, Day, DayofWeek, WeekofMonth, WeekofYear)
VALUES ('20210311','11/03/2021','2021','1','3','11','5','2','11');
INSERT INTO Time (DateID, FullDate, Year, Quarter, Month, Day, DayofWeek, WeekofMonth, WeekofYear)
VALUES ('20210312','12/03/2021','2021','1','3','12','6','2','11');
INSERT INTO Time (DateID, FullDate, Year, Quarter, Month, Day, DayofWeek, WeekofMonth, WeekofYear)
VALUES ('20210313','13/03/2021','2021','1','3','13','7','2','11');
INSERT INTO Time (DateID, FullDate, Year, Quarter, Month, Day, DayofWeek, WeekofMonth, WeekofYear)
VALUES ('20210314','14/03/2021','2021','1','3','14','1','2','12');
INSERT INTO Time (DateID, FullDate, Year, Quarter, Month, Day, DayofWeek, WeekofMonth, WeekofYear)
VALUES ('20210315','15/03/2021','2021','1','3','15','2','3','12');
INSERT INTO Time (DateID, FullDate, Year, Quarter, Month, Day, DayofWeek, WeekofMonth, WeekofYear)
VALUES ('20210316','16/03/2021','2021','1','3','16','3','3','12');
INSERT INTO Time (DateID, FullDate, Year, Quarter, Month, Day, DayofWeek, WeekofMonth, WeekofYear)
VALUES ('20210317','17/03/2021','2021','1','3','17','4','3','12');
INSERT INTO Time (DateID, FullDate, Year, Quarter, Month, Day, DayofWeek, WeekofMonth, WeekofYear)
VALUES ('20210318','18/03/2021','2021','1','3','18','5','3','12');
INSERT INTO Time (DateID, FullDate, Year, Quarter, Month, Day, DayofWeek, WeekofMonth, WeekofYear)
VALUES ('20210319','19/03/2021','2021','1','3','19','6','3','12');
INSERT INTO Time (DateID, FullDate, Year, Quarter, Month, Day, DayofWeek, WeekofMonth, WeekofYear)
VALUES ('20210320','20/03/2021','2021','1','3','20','7','3','12');
INSERT INTO Time (DateID, FullDate, Year, Quarter, Month, Day, DayofWeek, WeekofMonth, WeekofYear)
VALUES ('20210321','21/03/2021','2021','1','3','21','1','3','13');
INSERT INTO Time (DateID, FullDate, Year, Quarter, Month, Day, DayofWeek, WeekofMonth, WeekofYear)
VALUES ('20210322','22/03/2021','2021','1','3','22','2','4','13');
INSERT INTO Time (DateID, FullDate, Year, Quarter, Month, Day, DayofWeek, WeekofMonth, WeekofYear)
VALUES ('20210323','23/03/2021','2021','1','3','23','3','4','13');
INSERT INTO Time (DateID, FullDate, Year, Quarter, Month, Day, DayofWeek, WeekofMonth, WeekofYear)
VALUES ('20210324','24/03/2021','2021','1','3','24','4','4','13');
INSERT INTO Time (DateID, FullDate, Year, Quarter, Month, Day, DayofWeek, WeekofMonth, WeekofYear)
VALUES ('20210325','25/03/2021','2021','1','3','25','5','4','13');
INSERT INTO Time (DateID, FullDate, Year, Quarter, Month, Day, DayofWeek, WeekofMonth, WeekofYear)
VALUES ('20210326','26/03/2021','2021','1','3','26','6','4','13');
INSERT INTO Time (DateID, FullDate, Year, Quarter, Month, Day, DayofWeek, WeekofMonth, WeekofYear)
VALUES ('20210327','27/03/2021','2021','1','3','27','7','4','13');
INSERT INTO Time (DateID, FullDate, Year, Quarter, Month, Day, DayofWeek, WeekofMonth, WeekofYear)
VALUES ('20210328','28/03/2021','2021','1','3','28','1','4','14');
INSERT INTO Time (DateID, FullDate, Year, Quarter, Month, Day, DayofWeek, WeekofMonth, WeekofYear)
VALUES ('20210329','29/03/2021','2021','1','3','29','2','5','14');
INSERT INTO Time (DateID, FullDate, Year, Quarter, Month, Day, DayofWeek, WeekofMonth, WeekofYear)
VALUES ('20210330','30/03/2021','2021','1','3','30','3','5','14');
INSERT INTO Time (DateID, FullDate, Year, Quarter, Month, Day, DayofWeek, WeekofMonth, WeekofYear)
VALUES ('20210331','31/03/2021','2021','1','3','31','4','5','14');

INSERT INTO Time (DateID, FullDate, Year, Quarter, Month, Day, DayofWeek, WeekofMonth, WeekofYear)
VALUES ('20210401','01/04/2021','2021','2','3','1','5','1','14');
INSERT INTO Time (DateID, FullDate, Year, Quarter, Month, Day, DayofWeek, WeekofMonth, WeekofYear) 
VALUES ('20210402','02/04/2021','2021','2','4','2','6','1','14');
INSERT INTO Time (DateID, FullDate, Year, Quarter, Month, Day, DayofWeek, WeekofMonth, WeekofYear) 
VALUES ('20210403','03/04/2021','2021','2','4','3','7','1','14');
INSERT INTO Time (DateID, FullDate, Year, Quarter, Month, Day, DayofWeek, WeekofMonth, WeekofYear) 
VALUES ('20210404','04/04/2021','2021','2','4','4','1','1','15');
INSERT INTO Time (DateID, FullDate, Year, Quarter, Month, Day, DayofWeek, WeekofMonth, WeekofYear) 
VALUES ('20210405','05/04/2021','2021','2','4','5','2','1','15');
INSERT INTO Time (DateID, FullDate, Year, Quarter, Month, Day, DayofWeek, WeekofMonth, WeekofYear) 
VALUES ('20210406','06/04/2021','2021','2','4','6','3','1','15');
INSERT INTO Time (DateID, FullDate, Year, Quarter, Month, Day, DayofWeek, WeekofMonth, WeekofYear) 
VALUES ('20210407','07/04/2021','2021','2','4','7','4','1','15');
INSERT INTO Time (DateID, FullDate, Year, Quarter, Month, Day, DayofWeek, WeekofMonth, WeekofYear) 
VALUES ('20210408','08/04/2021','2021','2','4','8','5','2','15');
INSERT INTO Time (DateID, FullDate, Year, Quarter, Month, Day, DayofWeek, WeekofMonth, WeekofYear) 
VALUES ('20210409','09/04/2021','2021','2','4','9','6','2','15');
INSERT INTO Time (DateID, FullDate, Year, Quarter, Month, Day, DayofWeek, WeekofMonth, WeekofYear) 
VALUES ('20210410','10/04/2021','2021','2','4','10','7','2','15');
INSERT INTO Time (DateID, FullDate, Year, Quarter, Month, Day, DayofWeek, WeekofMonth, WeekofYear) 
VALUES ('20210411','11/04/2021','2021','2','4','11','1','2','16');
INSERT INTO Time (DateID, FullDate, Year, Quarter, Month, Day, DayofWeek, WeekofMonth, WeekofYear) 
VALUES ('20210412','12/04/2021','2021','2','4','12','2','2','16');
INSERT INTO Time (DateID, FullDate, Year, Quarter, Month, Day, DayofWeek, WeekofMonth, WeekofYear) 
VALUES ('20210413','13/04/2021','2021','2','4','13','3','2','16');
INSERT INTO Time (DateID, FullDate, Year, Quarter, Month, Day, DayofWeek, WeekofMonth, WeekofYear) 
VALUES ('20210414','14/04/2021','2021','2','4','14','4','2','16');
INSERT INTO Time (DateID, FullDate, Year, Quarter, Month, Day, DayofWeek, WeekofMonth, WeekofYear) 
VALUES ('20210415','15/04/2021','2021','2','4','15','5','3','16');
INSERT INTO Time (DateID, FullDate, Year, Quarter, Month, Day, DayofWeek, WeekofMonth, WeekofYear) 
VALUES ('20210416','16/04/2021','2021','2','4','16','6','3','16');
INSERT INTO Time (DateID, FullDate, Year, Quarter, Month, Day, DayofWeek, WeekofMonth, WeekofYear) 
VALUES ('20210417','17/04/2021','2021','2','4','17','7','3','16');
INSERT INTO Time (DateID, FullDate, Year, Quarter, Month, Day, DayofWeek, WeekofMonth, WeekofYear) 
VALUES ('20210418','18/04/2021','2021','2','4','18','1','3','17');
INSERT INTO Time (DateID, FullDate, Year, Quarter, Month, Day, DayofWeek, WeekofMonth, WeekofYear) 
VALUES ('20210419','19/04/2021','2021','2','4','19','2','3','17');
INSERT INTO Time (DateID, FullDate, Year, Quarter, Month, Day, DayofWeek, WeekofMonth, WeekofYear) 
VALUES ('20210420','20/04/2021','2021','2','4','20','3','3','17');
INSERT INTO Time (DateID, FullDate, Year, Quarter, Month, Day, DayofWeek, WeekofMonth, WeekofYear) 
VALUES ('20210421','21/04/2021','2021','2','4','21','4','3','17');
INSERT INTO Time (DateID, FullDate, Year, Quarter, Month, Day, DayofWeek, WeekofMonth, WeekofYear) 
VALUES ('20210422','22/04/2021','2021','2','4','22','5','4','17');
INSERT INTO Time (DateID, FullDate, Year, Quarter, Month, Day, DayofWeek, WeekofMonth, WeekofYear) 
VALUES ('20210423','23/04/2021','2021','2','4','23','6','4','17');
INSERT INTO Time (DateID, FullDate, Year, Quarter, Month, Day, DayofWeek, WeekofMonth, WeekofYear) 
VALUES ('20210424','24/04/2021','2021','2','4','24','7','4','17');
INSERT INTO Time (DateID, FullDate, Year, Quarter, Month, Day, DayofWeek, WeekofMonth, WeekofYear) 
VALUES ('20210425','25/04/2021','2021','2','4','25','1','4','18');
INSERT INTO Time (DateID, FullDate, Year, Quarter, Month, Day, DayofWeek, WeekofMonth, WeekofYear) 
VALUES ('20210426','26/04/2021','2021','2','4','26','2','4','18');
INSERT INTO Time (DateID, FullDate, Year, Quarter, Month, Day, DayofWeek, WeekofMonth, WeekofYear) 
VALUES ('20210427','27/04/2021','2021','2','4','27','3','4','18');
INSERT INTO Time (DateID, FullDate, Year, Quarter, Month, Day, DayofWeek, WeekofMonth, WeekofYear) 
VALUES ('20210428','28/04/2021','2021','2','4','28','4','4','18');
INSERT INTO Time (DateID, FullDate, Year, Quarter, Month, Day, DayofWeek, WeekofMonth, WeekofYear) 
VALUES ('20210429','29/04/2021','2021','2','4','29','5','5','18');
INSERT INTO Time (DateID, FullDate, Year, Quarter, Month, Day, DayofWeek, WeekofMonth, WeekofYear) 
VALUES ('20210430','30/04/2021','2021','2','4','30','6','5','18');
INSERT INTO Time (DateID, FullDate, Year, Quarter, Month, Day, DayofWeek, WeekofMonth, WeekofYear) 
VALUES ('20210501','01/05/2021','2021','2','4','1','7','1','18');
INSERT INTO Time (DateID, FullDate, Year, Quarter, Month, Day, DayofWeek, WeekofMonth, WeekofYear) 
VALUES ('20210502','02/05/2021','2021','2','5','2','1','1','19');
INSERT INTO Time (DateID, FullDate, Year, Quarter, Month, Day, DayofWeek, WeekofMonth, WeekofYear) 
VALUES ('20210503','03/05/2021','2021','2','5','3','2','1','19');
INSERT INTO Time (DateID, FullDate, Year, Quarter, Month, Day, DayofWeek, WeekofMonth, WeekofYear) 
VALUES ('20210504','04/05/2021','2021','2','5','4','3','1','19');
INSERT INTO Time (DateID, FullDate, Year, Quarter, Month, Day, DayofWeek, WeekofMonth, WeekofYear) 
VALUES ('20210505','05/05/2021','2021','2','5','5','4','1','19');
INSERT INTO Time (DateID, FullDate, Year, Quarter, Month, Day, DayofWeek, WeekofMonth, WeekofYear) 
VALUES ('20210506','06/05/2021','2021','2','5','6','5','1','19');
INSERT INTO Time (DateID, FullDate, Year, Quarter, Month, Day, DayofWeek, WeekofMonth, WeekofYear) 
VALUES ('20210507','07/05/2021','2021','2','5','7','6','1','19');
INSERT INTO Time (DateID, FullDate, Year, Quarter, Month, Day, DayofWeek, WeekofMonth, WeekofYear) 
VALUES ('20210508','08/05/2021','2021','2','5','8','7','2','19');
INSERT INTO Time (DateID, FullDate, Year, Quarter, Month, Day, DayofWeek, WeekofMonth, WeekofYear) 
VALUES ('20210509','09/05/2021','2021','2','5','9','1','2','20');
INSERT INTO Time (DateID, FullDate, Year, Quarter, Month, Day, DayofWeek, WeekofMonth, WeekofYear) 
VALUES ('20210510','10/05/2021','2021','2','5','10','2','2','20');
INSERT INTO Time (DateID, FullDate, Year, Quarter, Month, Day, DayofWeek, WeekofMonth, WeekofYear) 
VALUES ('20210511','11/05/2021','2021','2','5','11','3','2','20');
INSERT INTO Time (DateID, FullDate, Year, Quarter, Month, Day, DayofWeek, WeekofMonth, WeekofYear) 
VALUES ('20210512','12/05/2021','2021','2','5','12','4','2','20');
INSERT INTO Time (DateID, FullDate, Year, Quarter, Month, Day, DayofWeek, WeekofMonth, WeekofYear) 
VALUES ('20210513','13/05/2021','2021','2','5','13','5','2','20');
INSERT INTO Time (DateID, FullDate, Year, Quarter, Month, Day, DayofWeek, WeekofMonth, WeekofYear) 
VALUES ('20210514','14/05/2021','2021','2','5','14','6','2','20');
INSERT INTO Time (DateID, FullDate, Year, Quarter, Month, Day, DayofWeek, WeekofMonth, WeekofYear) 
VALUES ('20210515','15/05/2021','2021','2','5','15','7','3','20');
INSERT INTO Time (DateID, FullDate, Year, Quarter, Month, Day, DayofWeek, WeekofMonth, WeekofYear) 
VALUES ('20210516','16/05/2021','2021','2','5','16','1','3','21');
INSERT INTO Time (DateID, FullDate, Year, Quarter, Month, Day, DayofWeek, WeekofMonth, WeekofYear) 
VALUES ('20210517','17/05/2021','2021','2','5','17','2','3','21');
INSERT INTO Time (DateID, FullDate, Year, Quarter, Month, Day, DayofWeek, WeekofMonth, WeekofYear) 
VALUES ('20210518','18/05/2021','2021','2','5','18','3','3','21');
INSERT INTO Time (DateID, FullDate, Year, Quarter, Month, Day, DayofWeek, WeekofMonth, WeekofYear) 
VALUES ('20210519','19/05/2021','2021','2','5','19','4','3','21');
INSERT INTO Time (DateID, FullDate, Year, Quarter, Month, Day, DayofWeek, WeekofMonth, WeekofYear) 
VALUES ('20210520','20/05/2021','2021','2','5','20','5','3','21');
INSERT INTO Time (DateID, FullDate, Year, Quarter, Month, Day, DayofWeek, WeekofMonth, WeekofYear)
VALUES ('20210521','21/05/2021','2021','2','5','21','6','3','21');
INSERT INTO Time (DateID, FullDate, Year, Quarter, Month, Day, DayofWeek, WeekofMonth, WeekofYear)
VALUES ('20210522','22/05/2021','2021','2','5','22','7','4','21');
INSERT INTO Time (DateID, FullDate, Year, Quarter, Month, Day, DayofWeek, WeekofMonth, WeekofYear)
VALUES ('20210523','23/05/2021','2021','2','5','23','1','4','22');
INSERT INTO Time (DateID, FullDate, Year, Quarter, Month, Day, DayofWeek, WeekofMonth, WeekofYear)
VALUES ('20210524','24/05/2021','2021','2','5','24','2','4','22');
INSERT INTO Time (DateID, FullDate, Year, Quarter, Month, Day, DayofWeek, WeekofMonth, WeekofYear)
VALUES ('20210525','25/05/2021','2021','2','5','25','3','4','22');
INSERT INTO Time (DateID, FullDate, Year, Quarter, Month, Day, DayofWeek, WeekofMonth, WeekofYear)
VALUES ('20210526','26/05/2021','2021','2','5','26','4','4','22');
INSERT INTO Time (DateID, FullDate, Year, Quarter, Month, Day, DayofWeek, WeekofMonth, WeekofYear)
VALUES ('20210527','27/05/2021','2021','2','5','27','5','4','22');
INSERT INTO Time (DateID, FullDate, Year, Quarter, Month, Day, DayofWeek, WeekofMonth, WeekofYear)
VALUES ('20210528','28/05/2021','2021','2','5','28','6','4','22');
INSERT INTO Time (DateID, FullDate, Year, Quarter, Month, Day, DayofWeek, WeekofMonth, WeekofYear)
VALUES ('20210529','29/05/2021','2021','2','5','29','7','5','22');
INSERT INTO Time (DateID, FullDate, Year, Quarter, Month, Day, DayofWeek, WeekofMonth, WeekofYear)
VALUES ('20210530','30/05/2021','2021','2','5','30','1','5','23');
INSERT INTO Time (DateID, FullDate, Year, Quarter, Month, Day, DayofWeek, WeekofMonth, WeekofYear)
VALUES ('20210531','31/05/2021','2021','2','5','31','2','5','23');
INSERT INTO Time (DateID, FullDate, Year, Quarter, Month, Day, DayofWeek, WeekofMonth, WeekofYear)
VALUES ('20210601','01/06/2021','2021','2','6','1','3','1','23');
INSERT INTO Time (DateID, FullDate, Year, Quarter, Month, Day, DayofWeek, WeekofMonth, WeekofYear)
VALUES ('20210602','02/06/2021','2021','2','6','2','4','1','23');
INSERT INTO Time (DateID, FullDate, Year, Quarter, Month, Day, DayofWeek, WeekofMonth, WeekofYear)
VALUES ('20210603','03/06/2021','2021','2','6','3','5','1','23');
INSERT INTO Time (DateID, FullDate, Year, Quarter, Month, Day, DayofWeek, WeekofMonth, WeekofYear)
VALUES ('20210604','04/06/2021','2021','2','6','4','6','1','23');
INSERT INTO Time (DateID, FullDate, Year, Quarter, Month, Day, DayofWeek, WeekofMonth, WeekofYear)
VALUES ('20210605','05/06/2021','2021','2','6','5','7','1','23');
INSERT INTO Time (DateID, FullDate, Year, Quarter, Month, Day, DayofWeek, WeekofMonth, WeekofYear)
VALUES ('20210606','06/06/2021','2021','2','6','6','1','1','24');
INSERT INTO Time (DateID, FullDate, Year, Quarter, Month, Day, DayofWeek, WeekofMonth, WeekofYear)
VALUES ('20210607','07/06/2021','2021','2','6','7','2','1','24');
INSERT INTO Time (DateID, FullDate, Year, Quarter, Month, Day, DayofWeek, WeekofMonth, WeekofYear)
VALUES ('20210608','08/06/2021','2021','2','6','8','3','2','24');
INSERT INTO Time (DateID, FullDate, Year, Quarter, Month, Day, DayofWeek, WeekofMonth, WeekofYear)
VALUES ('20210609','09/06/2021','2021','2','6','9','4','2','24');
INSERT INTO Time (DateID, FullDate, Year, Quarter, Month, Day, DayofWeek, WeekofMonth, WeekofYear)
VALUES ('20210610','10/06/2021','2021','2','6','10','5','2','24');
INSERT INTO Time (DateID, FullDate, Year, Quarter, Month, Day, DayofWeek, WeekofMonth, WeekofYear)
VALUES ('20210611','11/06/2021','2021','2','6','11','6','2','24');
INSERT INTO Time (DateID, FullDate, Year, Quarter, Month, Day, DayofWeek, WeekofMonth, WeekofYear)
VALUES ('20210612','12/06/2021','2021','2','6','12','7','2','24');
INSERT INTO Time (DateID, FullDate, Year, Quarter, Month, Day, DayofWeek, WeekofMonth, WeekofYear)
VALUES ('20210613','13/06/2021','2021','2','6','13','1','2','25');
INSERT INTO Time (DateID, FullDate, Year, Quarter, Month, Day, DayofWeek, WeekofMonth, WeekofYear)
VALUES ('20210614','14/06/2021','2021','2','6','14','2','2','25');
INSERT INTO Time (DateID, FullDate, Year, Quarter, Month, Day, DayofWeek, WeekofMonth, WeekofYear)
VALUES ('20210615','15/06/2021','2021','2','6','15','3','3','25');
INSERT INTO Time (DateID, FullDate, Year, Quarter, Month, Day, DayofWeek, WeekofMonth, WeekofYear)
VALUES ('20210616','16/06/2021','2021','2','6','16','4','3','25');
INSERT INTO Time (DateID, FullDate, Year, Quarter, Month, Day, DayofWeek, WeekofMonth, WeekofYear)
VALUES ('20210617','17/06/2021','2021','2','6','17','5','3','25');
INSERT INTO Time (DateID, FullDate, Year, Quarter, Month, Day, DayofWeek, WeekofMonth, WeekofYear)
VALUES ('20210618','18/06/2021','2021','2','6','18','6','3','25');
INSERT INTO Time (DateID, FullDate, Year, Quarter, Month, Day, DayofWeek, WeekofMonth, WeekofYear)
VALUES ('20210619','19/06/2021','2021','2','6','19','7','3','25');
INSERT INTO Time (DateID, FullDate, Year, Quarter, Month, Day, DayofWeek, WeekofMonth, WeekofYear)
VALUES ('20210620','20/06/2021','2021','2','6','20','1','3','26');
INSERT INTO Time (DateID, FullDate, Year, Quarter, Month, Day, DayofWeek, WeekofMonth, WeekofYear)
VALUES ('20210621','21/06/2021','2021','2','6','21','2','3','26');
INSERT INTO Time (DateID, FullDate, Year, Quarter, Month, Day, DayofWeek, WeekofMonth, WeekofYear)
VALUES ('20210622','22/06/2021','2021','2','6','22','3','4','26');
INSERT INTO Time (DateID, FullDate, Year, Quarter, Month, Day, DayofWeek, WeekofMonth, WeekofYear)
VALUES ('20210623','23/06/2021','2021','2','6','23','4','4','26');
INSERT INTO Time (DateID, FullDate, Year, Quarter, Month, Day, DayofWeek, WeekofMonth, WeekofYear)
VALUES ('20210624','24/06/2021','2021','2','6','24','5','4','26');
INSERT INTO Time (DateID, FullDate, Year, Quarter, Month, Day, DayofWeek, WeekofMonth, WeekofYear)
VALUES ('20210625','25/06/2021','2021','2','6','25','6','4','26');
INSERT INTO Time (DateID, FullDate, Year, Quarter, Month, Day, DayofWeek, WeekofMonth, WeekofYear)
VALUES ('20210626','26/06/2021','2021','2','6','26','7','4','26');
INSERT INTO Time (DateID, FullDate, Year, Quarter, Month, Day, DayofWeek, WeekofMonth, WeekofYear)
VALUES ('20210627','27/06/2021','2021','2','6','27','1','4','27');
INSERT INTO Time (DateID, FullDate, Year, Quarter, Month, Day, DayofWeek, WeekofMonth, WeekofYear)
VALUES ('20210628','28/06/2021','2021','2','6','28','2','4','27');
INSERT INTO Time (DateID, FullDate, Year, Quarter, Month, Day, DayofWeek, WeekofMonth, WeekofYear)
VALUES ('20210629','29/06/2021','2021','2','6','29','3','5','27');
INSERT INTO Time (DateID, FullDate, Year, Quarter, Month, Day, DayofWeek, WeekofMonth, WeekofYear)
VALUES ('20210630','30/06/2021','2021','2','6','30','4','5','27');
INSERT INTO Time (DateID, FullDate, Year, Quarter, Month, Day, DayofWeek, WeekofMonth, WeekofYear)
VALUES ('20210701','01/07/2021','2021','3','7','1','5','1','27');
INSERT INTO Time (DateID, FullDate, Year, Quarter, Month, Day, DayofWeek, WeekofMonth, WeekofYear)
VALUES ('20210702','02/07/2021','2021','3','7','2','6','1','27');
INSERT INTO Time (DateID, FullDate, Year, Quarter, Month, Day, DayofWeek, WeekofMonth, WeekofYear)
VALUES ('20210703','03/07/2021','2021','3','7','3','7','1','27');
INSERT INTO Time (DateID, FullDate, Year, Quarter, Month, Day, DayofWeek, WeekofMonth, WeekofYear)
VALUES ('20210704','04/07/2021','2021','3','7','4','1','1','28');
INSERT INTO Time (DateID, FullDate, Year, Quarter, Month, Day, DayofWeek, WeekofMonth, WeekofYear)
VALUES ('20210705','05/07/2021','2021','3','7','5','2','1','28');
INSERT INTO Time (DateID, FullDate, Year, Quarter, Month, Day, DayofWeek, WeekofMonth, WeekofYear)
VALUES ('20210706','06/07/2021','2021','3','7','6','3','1','28');
INSERT INTO Time (DateID, FullDate, Year, Quarter, Month, Day, DayofWeek, WeekofMonth, WeekofYear)
VALUES ('20210707','07/07/2021','2021','3','7','7','4','1','28');
INSERT INTO Time (DateID, FullDate, Year, Quarter, Month, Day, DayofWeek, WeekofMonth, WeekofYear)
VALUES ('20210708','08/07/2021','2021','3','7','8','5','2','28');
INSERT INTO Time (DateID, FullDate, Year, Quarter, Month, Day, DayofWeek, WeekofMonth, WeekofYear)
VALUES ('20210709','09/07/2021','2021','3','7','9','6','2','28');
INSERT INTO Time (DateID, FullDate, Year, Quarter, Month, Day, DayofWeek, WeekofMonth, WeekofYear)
VALUES ('20210710','10/07/2021','2021','3','7','10','7','2','28');
INSERT INTO Time (DateID, FullDate, Year, Quarter, Month, Day, DayofWeek, WeekofMonth, WeekofYear)
VALUES ('20210711','11/07/2021','2021','3','7','11','1','2','29');
INSERT INTO Time (DateID, FullDate, Year, Quarter, Month, Day, DayofWeek, WeekofMonth, WeekofYear)
VALUES ('20210712','12/07/2021','2021','3','7','12','2','2','29');
INSERT INTO Time (DateID, FullDate, Year, Quarter, Month, Day, DayofWeek, WeekofMonth, WeekofYear)
VALUES ('20210713','13/07/2021','2021','3','7','13','3','2','29');
INSERT INTO Time (DateID, FullDate, Year, Quarter, Month, Day, DayofWeek, WeekofMonth, WeekofYear)
VALUES ('20210714','14/07/2021','2021','3','7','14','4','2','29');
INSERT INTO Time (DateID, FullDate, Year, Quarter, Month, Day, DayofWeek, WeekofMonth, WeekofYear)
VALUES ('20210715','15/07/2021','2021','3','7','15','5','3','29');
INSERT INTO Time (DateID, FullDate, Year, Quarter, Month, Day, DayofWeek, WeekofMonth, WeekofYear)
VALUES ('20210716','16/07/2021','2021','3','7','16','6','3','29');
INSERT INTO Time (DateID, FullDate, Year, Quarter, Month, Day, DayofWeek, WeekofMonth, WeekofYear)
VALUES ('20210717','17/07/2021','2021','3','7','17','7','3','29');
INSERT INTO Time (DateID, FullDate, Year, Quarter, Month, Day, DayofWeek, WeekofMonth, WeekofYear)
VALUES ('20210718','18/07/2021','2021','3','7','18','1','3','30');
INSERT INTO Time (DateID, FullDate, Year, Quarter, Month, Day, DayofWeek, WeekofMonth, WeekofYear)
VALUES ('20210719','19/07/2021','2021','3','7','19','2','3','30');
INSERT INTO Time (DateID, FullDate, Year, Quarter, Month, Day, DayofWeek, WeekofMonth, WeekofYear)
VALUES ('20210720','20/07/2021','2021','3','7','20','3','3','30');
INSERT INTO Time (DateID, FullDate, Year, Quarter, Month, Day, DayofWeek, WeekofMonth, WeekofYear)
VALUES ('20210721','21/07/2021','2021','3','7','21','4','3','30');
INSERT INTO Time (DateID, FullDate, Year, Quarter, Month, Day, DayofWeek, WeekofMonth, WeekofYear)
VALUES ('20210722','22/07/2021','2021','3','7','22','5','4','30');
INSERT INTO Time (DateID, FullDate, Year, Quarter, Month, Day, DayofWeek, WeekofMonth, WeekofYear)
VALUES ('20210723','23/07/2021','2021','3','7','23','6','4','30');
INSERT INTO Time (DateID, FullDate, Year, Quarter, Month, Day, DayofWeek, WeekofMonth, WeekofYear)
VALUES ('20210724','24/07/2021','2021','3','7','24','7','4','30');
INSERT INTO Time (DateID, FullDate, Year, Quarter, Month, Day, DayofWeek, WeekofMonth, WeekofYear)
VALUES ('20210725','25/07/2021','2021','3','7','25','1','4','31');
INSERT INTO Time (DateID, FullDate, Year, Quarter, Month, Day, DayofWeek, WeekofMonth, WeekofYear)
VALUES ('20210726','26/07/2021','2021','3','7','26','2','4','31');
INSERT INTO Time (DateID, FullDate, Year, Quarter, Month, Day, DayofWeek, WeekofMonth, WeekofYear)
VALUES ('20210727','27/07/2021','2021','3','7','27','3','4','31');
INSERT INTO Time (DateID, FullDate, Year, Quarter, Month, Day, DayofWeek, WeekofMonth, WeekofYear)
VALUES ('20210728','28/07/2021','2021','3','7','28','4','4','31');
INSERT INTO Time (DateID, FullDate, Year, Quarter, Month, Day, DayofWeek, WeekofMonth, WeekofYear)
VALUES ('20210729','29/07/2021','2021','3','7','29','5','5','31');
INSERT INTO Time (DateID, FullDate, Year, Quarter, Month, Day, DayofWeek, WeekofMonth, WeekofYear)
VALUES ('20210730','30/07/2021','2021','3','7','30','6','5','31');
INSERT INTO Time (DateID, FullDate, Year, Quarter, Month, Day, DayofWeek, WeekofMonth, WeekofYear)
VALUES ('20210731','31/07/2021','2021','3','7','31','7','5','31');
INSERT INTO Time (DateID, FullDate, Year, Quarter, Month, Day, DayofWeek, WeekofMonth, WeekofYear)
VALUES ('20210801','01/08/2021','2021','3','8','1','1','1','32');
INSERT INTO Time (DateID, FullDate, Year, Quarter, Month, Day, DayofWeek, WeekofMonth, WeekofYear)
VALUES ('20210802','02/08/2021','2021','3','8','2','2','1','32');
INSERT INTO Time (DateID, FullDate, Year, Quarter, Month, Day, DayofWeek, WeekofMonth, WeekofYear)
VALUES ('20210803','03/08/2021','2021','3','8','3','3','1','32');
INSERT INTO Time (DateID, FullDate, Year, Quarter, Month, Day, DayofWeek, WeekofMonth, WeekofYear)
VALUES ('20210804','04/08/2021','2021','3','8','4','4','1','32');
INSERT INTO Time (DateID, FullDate, Year, Quarter, Month, Day, DayofWeek, WeekofMonth, WeekofYear)
VALUES ('20210805','05/08/2021','2021','3','8','5','5','1','32');
INSERT INTO Time (DateID, FullDate, Year, Quarter, Month, Day, DayofWeek, WeekofMonth, WeekofYear)
VALUES ('20210806','06/08/2021','2021','3','8','6','6','1','32');
INSERT INTO Time (DateID, FullDate, Year, Quarter, Month, Day, DayofWeek, WeekofMonth, WeekofYear)
VALUES ('20210807','07/08/2021','2021','3','8','7','7','1','32');
INSERT INTO Time (DateID, FullDate, Year, Quarter, Month, Day, DayofWeek, WeekofMonth, WeekofYear)
VALUES ('20210808','08/08/2021','2021','3','8','8','1','2','33');
INSERT INTO Time (DateID, FullDate, Year, Quarter, Month, Day, DayofWeek, WeekofMonth, WeekofYear)
VALUES ('20210809','09/08/2021','2021','3','8','9','2','2','33');
INSERT INTO Time (DateID, FullDate, Year, Quarter, Month, Day, DayofWeek, WeekofMonth, WeekofYear)
VALUES ('20210810','10/08/2021','2021','3','8','10','3','2','33');
INSERT INTO Time (DateID, FullDate, Year, Quarter, Month, Day, DayofWeek, WeekofMonth, WeekofYear)
VALUES ('20210811','11/08/2021','2021','3','8','11','4','2','33');
INSERT INTO Time (DateID, FullDate, Year, Quarter, Month, Day, DayofWeek, WeekofMonth, WeekofYear)
VALUES ('20210812','12/08/2021','2021','3','8','12','5','2','33');
INSERT INTO Time (DateID, FullDate, Year, Quarter, Month, Day, DayofWeek, WeekofMonth, WeekofYear)
VALUES ('20210813','13/08/2021','2021','3','8','13','6','2','33');
INSERT INTO Time (DateID, FullDate, Year, Quarter, Month, Day, DayofWeek, WeekofMonth, WeekofYear)
VALUES ('20210814','14/08/2021','2021','3','8','14','7','2','33');
INSERT INTO Time (DateID, FullDate, Year, Quarter, Month, Day, DayofWeek, WeekofMonth, WeekofYear)
VALUES ('20210815','15/08/2021','2021','3','8','15','1','3','34');
INSERT INTO Time (DateID, FullDate, Year, Quarter, Month, Day, DayofWeek, WeekofMonth, WeekofYear)
VALUES ('20210816','16/08/2021','2021','3','8','16','2','3','34');
INSERT INTO Time (DateID, FullDate, Year, Quarter, Month, Day, DayofWeek, WeekofMonth, WeekofYear)
VALUES ('20210817','17/08/2021','2021','3','8','17','3','3','34');
INSERT INTO Time (DateID, FullDate, Year, Quarter, Month, Day, DayofWeek, WeekofMonth, WeekofYear)
VALUES ('20210818','18/08/2021','2021','3','8','18','4','3','34');
INSERT INTO Time (DateID, FullDate, Year, Quarter, Month, Day, DayofWeek, WeekofMonth, WeekofYear)
VALUES ('20210819','19/08/2021','2021','3','8','19','5','3','34');
INSERT INTO Time (DateID, FullDate, Year, Quarter, Month, Day, DayofWeek, WeekofMonth, WeekofYear)
VALUES ('20210820','20/08/2021','2021','3','8','20','6','3','34');
INSERT INTO Time (DateID, FullDate, Year, Quarter, Month, Day, DayofWeek, WeekofMonth, WeekofYear)
VALUES ('20210821','21/08/2021','2021','3','8','21','7','3','34');
INSERT INTO Time (DateID, FullDate, Year, Quarter, Month, Day, DayofWeek, WeekofMonth, WeekofYear)
VALUES ('20210822','22/08/2021','2021','3','8','22','1','4','35');
INSERT INTO Time (DateID, FullDate, Year, Quarter, Month, Day, DayofWeek, WeekofMonth, WeekofYear)
VALUES ('20210823','23/08/2021','2021','3','8','23','2','4','35');
INSERT INTO Time (DateID, FullDate, Year, Quarter, Month, Day, DayofWeek, WeekofMonth, WeekofYear)
VALUES ('20210824','24/08/2021','2021','3','8','24','3','4','35');
INSERT INTO Time (DateID, FullDate, Year, Quarter, Month, Day, DayofWeek, WeekofMonth, WeekofYear)
VALUES ('20210825','25/08/2021','2021','3','8','25','4','4','35');
INSERT INTO Time (DateID, FullDate, Year, Quarter, Month, Day, DayofWeek, WeekofMonth, WeekofYear)
VALUES ('20210826','26/08/2021','2021','3','8','26','5','4','35');
INSERT INTO Time (DateID, FullDate, Year, Quarter, Month, Day, DayofWeek, WeekofMonth, WeekofYear)
VALUES ('20210827','27/08/2021','2021','3','8','27','6','4','35');
INSERT INTO Time (DateID, FullDate, Year, Quarter, Month, Day, DayofWeek, WeekofMonth, WeekofYear)
VALUES ('20210828','28/08/2021','2021','3','8','28','7','4','35');
INSERT INTO Time (DateID, FullDate, Year, Quarter, Month, Day, DayofWeek, WeekofMonth, WeekofYear)
VALUES ('20210829','29/08/2021','2021','3','8','29','1','5','36');
INSERT INTO Time (DateID, FullDate, Year, Quarter, Month, Day, DayofWeek, WeekofMonth, WeekofYear)
VALUES ('20210830','30/08/2021','2021','3','8','30','2','5','36');
INSERT INTO Time (DateID, FullDate, Year, Quarter, Month, Day, DayofWeek, WeekofMonth, WeekofYear)
VALUES ('20210831','31/08/2021','2021','3','8','31','3','5','36');
INSERT INTO Time (DateID, FullDate, Year, Quarter, Month, Day, DayofWeek, WeekofMonth, WeekofYear)
VALUES ('20220901','01/09/2022','2021','3','9','1','5','1','36');
INSERT INTO Time (DateID, FullDate, Year, Quarter, Month, Day, DayofWeek, WeekofMonth, WeekofYear)
VALUES ('20220902','02/09/2022','2021','3','9','2','6','1','36');
INSERT INTO Time (DateID, FullDate, Year, Quarter, Month, Day, DayofWeek, WeekofMonth, WeekofYear)
VALUES ('20220903','03/09/2022','2021','3','9','3','7','1','36');
INSERT INTO Time (DateID, FullDate, Year, Quarter, Month, Day, DayofWeek, WeekofMonth, WeekofYear)
VALUES ('20220904','04/09/2022','2021','3','9','4','1','1','37');
INSERT INTO Time (DateID, FullDate, Year, Quarter, Month, Day, DayofWeek, WeekofMonth, WeekofYear)
VALUES ('20220905','05/09/2022','2021','3','9','5','2','1','37');
INSERT INTO Time (DateID, FullDate, Year, Quarter, Month, Day, DayofWeek, WeekofMonth, WeekofYear)
VALUES ('20220906','06/09/2022','2021','3','9','6','3','1','37');
INSERT INTO Time (DateID, FullDate, Year, Quarter, Month, Day, DayofWeek, WeekofMonth, WeekofYear)
VALUES ('20220907','07/09/2022','2021','3','9','7','4','1','37');
INSERT INTO Time (DateID, FullDate, Year, Quarter, Month, Day, DayofWeek, WeekofMonth, WeekofYear)
VALUES ('20220908','08/09/2022','2021','3','9','8','5','2','37');
INSERT INTO Time (DateID, FullDate, Year, Quarter, Month, Day, DayofWeek, WeekofMonth, WeekofYear)
VALUES ('20220909','09/09/2022','2021','3','9','9','6','2','37');
INSERT INTO Time (DateID, FullDate, Year, Quarter, Month, Day, DayofWeek, WeekofMonth, WeekofYear)
VALUES ('20210910','10/09/2021','2021','3','9','10','6','2','37');
INSERT INTO Time (DateID, FullDate, Year, Quarter, Month, Day, DayofWeek, WeekofMonth, WeekofYear)
VALUES ('20210911','11/09/2021','2021','3','9','11','7','2','37');
INSERT INTO Time (DateID, FullDate, Year, Quarter, Month, Day, DayofWeek, WeekofMonth, WeekofYear)
VALUES ('20210912','12/09/2021','2021','3','9','12','1','2','38');
INSERT INTO Time (DateID, FullDate, Year, Quarter, Month, Day, DayofWeek, WeekofMonth, WeekofYear)
VALUES ('20210913','13/09/2021','2021','3','9','13','2','2','38');
INSERT INTO Time (DateID, FullDate, Year, Quarter, Month, Day, DayofWeek, WeekofMonth, WeekofYear)
VALUES ('20210914','14/09/2021','2021','3','9','14','3','2','38');
INSERT INTO Time (DateID, FullDate, Year, Quarter, Month, Day, DayofWeek, WeekofMonth, WeekofYear)
VALUES ('20210915','15/09/2021','2021','3','9','15','4','3','38');
INSERT INTO Time (DateID, FullDate, Year, Quarter, Month, Day, DayofWeek, WeekofMonth, WeekofYear)
VALUES ('20210916','16/09/2021','2021','3','9','16','5','3','38');
INSERT INTO Time (DateID, FullDate, Year, Quarter, Month, Day, DayofWeek, WeekofMonth, WeekofYear)
VALUES ('20210917','17/09/2021','2021','3','9','17','6','3','38');
INSERT INTO Time (DateID, FullDate, Year, Quarter, Month, Day, DayofWeek, WeekofMonth, WeekofYear)
VALUES ('20210918','18/09/2021','2021','3','9','18','7','3','38');
INSERT INTO Time (DateID, FullDate, Year, Quarter, Month, Day, DayofWeek, WeekofMonth, WeekofYear)
VALUES ('20210919','19/09/2021','2021','3','9','19','1','3','39');
INSERT INTO Time (DateID, FullDate, Year, Quarter, Month, Day, DayofWeek, WeekofMonth, WeekofYear)
VALUES ('20210920','20/09/2021','2021','3','9','20','2','3','39');
INSERT INTO Time (DateID, FullDate, Year, Quarter, Month, Day, DayofWeek, WeekofMonth, WeekofYear)
VALUES ('20210921','21/09/2021','2021','3','9','21','3','3','39');
INSERT INTO Time (DateID, FullDate, Year, Quarter, Month, Day, DayofWeek, WeekofMonth, WeekofYear)
VALUES ('20210922','22/09/2021','2021','3','9','22','4','4','39');
INSERT INTO Time (DateID, FullDate, Year, Quarter, Month, Day, DayofWeek, WeekofMonth, WeekofYear)
VALUES ('20210923','23/09/2021','2021','3','9','23','5','4','39');
INSERT INTO Time (DateID, FullDate, Year, Quarter, Month, Day, DayofWeek, WeekofMonth, WeekofYear)
VALUES ('20210924','24/09/2021','2021','3','9','24','6','4','39');
INSERT INTO Time (DateID, FullDate, Year, Quarter, Month, Day, DayofWeek, WeekofMonth, WeekofYear)
VALUES ('20210925','25/09/2021','2021','3','9','25','7','4','39');
INSERT INTO Time (DateID, FullDate, Year, Quarter, Month, Day, DayofWeek, WeekofMonth, WeekofYear)
VALUES ('20210926','26/09/2021','2021','3','9','26','1','4','40');
INSERT INTO Time (DateID, FullDate, Year, Quarter, Month, Day, DayofWeek, WeekofMonth, WeekofYear)
VALUES ('20210927','27/09/2021','2021','3','9','27','2','4','40');
INSERT INTO Time (DateID, FullDate, Year, Quarter, Month, Day, DayofWeek, WeekofMonth, WeekofYear)
VALUES ('20210928','28/09/2021','2021','3','9','28','3','4','40');
INSERT INTO Time (DateID, FullDate, Year, Quarter, Month, Day, DayofWeek, WeekofMonth, WeekofYear)
VALUES ('20210929','29/09/2021','2021','3','9','29','4','5','40');
INSERT INTO Time (DateID, FullDate, Year, Quarter, Month, Day, DayofWeek, WeekofMonth, WeekofYear)
VALUES ('20210930','30/09/2021','2021','3','9','30','5','5','40');
INSERT INTO Time (DateID, FullDate, Year, Quarter, Month, Day, DayofWeek, WeekofMonth, WeekofYear)
VALUES ('20211001','01/10/2021','2021','4','9','1','6','1','40');
INSERT INTO Time (DateID, FullDate, Year, Quarter, Month, Day, DayofWeek, WeekofMonth, WeekofYear)
VALUES ('20211002','02/10/2021','2021','4','10','2','7','1','40');
INSERT INTO Time (DateID, FullDate, Year, Quarter, Month, Day, DayofWeek, WeekofMonth, WeekofYear)
VALUES ('20211003','03/10/2021','2021','4','10','3','1','1','41');
INSERT INTO Time (DateID, FullDate, Year, Quarter, Month, Day, DayofWeek, WeekofMonth, WeekofYear)
VALUES ('20211004','04/10/2021','2021','4','10','4','2','1','41');
INSERT INTO Time (DateID, FullDate, Year, Quarter, Month, Day, DayofWeek, WeekofMonth, WeekofYear)
VALUES ('20211005','05/10/2021','2021','4','10','5','3','1','41');
INSERT INTO Time (DateID, FullDate, Year, Quarter, Month, Day, DayofWeek, WeekofMonth, WeekofYear)
VALUES ('20211006','06/10/2021','2021','4','10','6','4','1','41');
INSERT INTO Time (DateID, FullDate, Year, Quarter, Month, Day, DayofWeek, WeekofMonth, WeekofYear)
VALUES ('20211007','07/10/2021','2021','4','10','7','5','1','41');
INSERT INTO Time (DateID, FullDate, Year, Quarter, Month, Day, DayofWeek, WeekofMonth, WeekofYear)
VALUES ('20211008','08/10/2021','2021','4','10','8','6','2','41');
INSERT INTO Time (DateID, FullDate, Year, Quarter, Month, Day, DayofWeek, WeekofMonth, WeekofYear)
VALUES ('20211009','09/10/2021','2021','4','10','9','7','2','41');
INSERT INTO Time (DateID, FullDate, Year, Quarter, Month, Day, DayofWeek, WeekofMonth, WeekofYear)
VALUES ('20211010','10/10/2021','2021','4','10','10','1','2','42');
INSERT INTO Time (DateID, FullDate, Year, Quarter, Month, Day, DayofWeek, WeekofMonth, WeekofYear)
VALUES ('20211011','11/10/2021','2021','4','10','11','2','2','42');
INSERT INTO Time (DateID, FullDate, Year, Quarter, Month, Day, DayofWeek, WeekofMonth, WeekofYear)
VALUES ('20211012','12/10/2021','2021','4','10','12','3','2','42');
INSERT INTO Time (DateID, FullDate, Year, Quarter, Month, Day, DayofWeek, WeekofMonth, WeekofYear)
VALUES ('20211013','13/10/2021','2021','4','10','13','4','2','42');
INSERT INTO Time (DateID, FullDate, Year, Quarter, Month, Day, DayofWeek, WeekofMonth, WeekofYear)
VALUES ('20211014','14/10/2021','2021','4','10','14','5','2','42');
INSERT INTO Time (DateID, FullDate, Year, Quarter, Month, Day, DayofWeek, WeekofMonth, WeekofYear)
VALUES ('20211015','15/10/2021','2021','4','10','15','6','3','42');
INSERT INTO Time (DateID, FullDate, Year, Quarter, Month, Day, DayofWeek, WeekofMonth, WeekofYear)
VALUES ('20211016','16/10/2021','2021','4','10','16','7','3','42');
INSERT INTO Time (DateID, FullDate, Year, Quarter, Month, Day, DayofWeek, WeekofMonth, WeekofYear)
VALUES ('20211017','17/10/2021','2021','4','10','17','1','3','43');
INSERT INTO Time (DateID, FullDate, Year, Quarter, Month, Day, DayofWeek, WeekofMonth, WeekofYear)
VALUES ('20211018','18/10/2021','2021','4','10','18','2','3','43');
INSERT INTO Time (DateID, FullDate, Year, Quarter, Month, Day, DayofWeek, WeekofMonth, WeekofYear)
VALUES ('20211019','19/10/2021','2021','4','10','19','3','3','43');
INSERT INTO Time (DateID, FullDate, Year, Quarter, Month, Day, DayofWeek, WeekofMonth, WeekofYear)
VALUES ('20211020','20/10/2021','2021','4','10','20','4','3','43');
INSERT INTO Time (DateID, FullDate, Year, Quarter, Month, Day, DayofWeek, WeekofMonth, WeekofYear)
VALUES ('20211021','21/10/2021','2021','4','10','21','5','3','43');
INSERT INTO Time (DateID, FullDate, Year, Quarter, Month, Day, DayofWeek, WeekofMonth, WeekofYear)
VALUES ('20211022','22/10/2021','2021','4','10','22','6','4','43');
INSERT INTO Time (DateID, FullDate, Year, Quarter, Month, Day, DayofWeek, WeekofMonth, WeekofYear)
VALUES ('20211023','23/10/2021','2021','4','10','23','7','4','43');
INSERT INTO Time (DateID, FullDate, Year, Quarter, Month, Day, DayofWeek, WeekofMonth, WeekofYear)
VALUES ('20211024','24/10/2021','2021','4','10','24','1','4','44');
INSERT INTO Time (DateID, FullDate, Year, Quarter, Month, Day, DayofWeek, WeekofMonth, WeekofYear)
VALUES ('20211025','25/10/2021','2021','4','10','25','2','4','44');
INSERT INTO Time (DateID, FullDate, Year, Quarter, Month, Day, DayofWeek, WeekofMonth, WeekofYear)
VALUES ('20211026','26/10/2021','2021','4','10','26','3','4','44');
INSERT INTO Time (DateID, FullDate, Year, Quarter, Month, Day, DayofWeek, WeekofMonth, WeekofYear)
VALUES ('20211027','27/10/2021','2021','4','10','27','4','4','44');
INSERT INTO Time (DateID, FullDate, Year, Quarter, Month, Day, DayofWeek, WeekofMonth, WeekofYear)
VALUES ('20211028','28/10/2021','2021','4','10','28','5','4','44');
INSERT INTO Time (DateID, FullDate, Year, Quarter, Month, Day, DayofWeek, WeekofMonth, WeekofYear)
VALUES ('20211029','29/10/2021','2021','4','10','29','6','5','44');
INSERT INTO Time (DateID, FullDate, Year, Quarter, Month, Day, DayofWeek, WeekofMonth, WeekofYear)
VALUES ('20211030','30/10/2021','2021','4','10','30','7','5','44');
INSERT INTO Time (DateID, FullDate, Year, Quarter, Month, Day, DayofWeek, WeekofMonth, WeekofYear)
VALUES ('20211031','31/10/2021','2021','4','10','31','1','5','45');
INSERT INTO Time (DateID, FullDate, Year, Quarter, Month, Day, DayofWeek, WeekofMonth, WeekofYear)
VALUES ('20211101','01/11/2021','2021','4','10','1','2','1','45');
INSERT INTO Time (DateID, FullDate, Year, Quarter, Month, Day, DayofWeek, WeekofMonth, WeekofYear)
VALUES ('20211102','02/11/2021','2021','4','11','2','3','1','45');
INSERT INTO Time (DateID, FullDate, Year, Quarter, Month, Day, DayofWeek, WeekofMonth, WeekofYear)
VALUES ('20211103','03/11/2021','2021','4','11','3','4','1','45');
INSERT INTO Time (DateID, FullDate, Year, Quarter, Month, Day, DayofWeek, WeekofMonth, WeekofYear)
VALUES ('20211104','04/11/2021','2021','4','11','4','5','1','45');
INSERT INTO Time (DateID, FullDate, Year, Quarter, Month, Day, DayofWeek, WeekofMonth, WeekofYear)
VALUES ('20211105','05/11/2021','2021','4','11','5','6','1','45');
INSERT INTO Time (DateID, FullDate, Year, Quarter, Month, Day, DayofWeek, WeekofMonth, WeekofYear)
VALUES ('20211106','06/11/2021','2021','4','11','6','7','1','45');
INSERT INTO Time (DateID, FullDate, Year, Quarter, Month, Day, DayofWeek, WeekofMonth, WeekofYear)
VALUES ('20211107','07/11/2021','2021','4','11','7','1','1','46');
INSERT INTO Time (DateID, FullDate, Year, Quarter, Month, Day, DayofWeek, WeekofMonth, WeekofYear)
VALUES ('20211108','08/11/2021','2021','4','11','8','2','2','46');
INSERT INTO Time (DateID, FullDate, Year, Quarter, Month, Day, DayofWeek, WeekofMonth, WeekofYear)
VALUES ('20211109','09/11/2021','2021','4','11','9','3','2','46');
INSERT INTO Time (DateID, FullDate, Year, Quarter, Month, Day, DayofWeek, WeekofMonth, WeekofYear)
VALUES ('20211110','10/11/2021','2021','4','11','10','4','2','46');
INSERT INTO Time (DateID, FullDate, Year, Quarter, Month, Day, DayofWeek, WeekofMonth, WeekofYear)
VALUES ('20211111','11/11/2021','2021','4','11','11','5','2','46');
INSERT INTO Time (DateID, FullDate, Year, Quarter, Month, Day, DayofWeek, WeekofMonth, WeekofYear)
VALUES ('20211112','12/11/2021','2021','4','11','12','6','2','46');
INSERT INTO Time (DateID, FullDate, Year, Quarter, Month, Day, DayofWeek, WeekofMonth, WeekofYear)
VALUES ('20211113','13/11/2021','2021','4','11','13','7','2','46');
INSERT INTO Time (DateID, FullDate, Year, Quarter, Month, Day, DayofWeek, WeekofMonth, WeekofYear)
VALUES ('20211114','14/11/2021','2021','4','11','14','1','2','47');
INSERT INTO Time (DateID, FullDate, Year, Quarter, Month, Day, DayofWeek, WeekofMonth, WeekofYear)
VALUES ('20211115','15/11/2021','2021','4','11','15','2','3','47');
INSERT INTO Time (DateID, FullDate, Year, Quarter, Month, Day, DayofWeek, WeekofMonth, WeekofYear)
VALUES ('20211116','16/11/2021','2021','4','11','16','3','3','47');
INSERT INTO Time (DateID, FullDate, Year, Quarter, Month, Day, DayofWeek, WeekofMonth, WeekofYear)
VALUES ('20211117','17/11/2021','2021','4','11','17','4','3','47');
INSERT INTO Time (DateID, FullDate, Year, Quarter, Month, Day, DayofWeek, WeekofMonth, WeekofYear)
VALUES ('20211118','18/11/2021','2021','4','11','18','5','3','47');
INSERT INTO Time (DateID, FullDate, Year, Quarter, Month, Day, DayofWeek, WeekofMonth, WeekofYear)
VALUES ('20211119','19/11/2021','2021','4','11','19','6','3','47');
INSERT INTO Time (DateID, FullDate, Year, Quarter, Month, Day, DayofWeek, WeekofMonth, WeekofYear)
VALUES ('20211120','20/11/2021','2021','4','11','20','7','3','47');

INSERT INTO Time (DateID, FullDate, Year, Quarter, Month, Day, DayofWeek, WeekofMonth, WeekofYear)
VALUES ('20211121','21/11/2021','2021','4','11','21','1','3','48');

INSERT INTO Time (DateID, FullDate, Year, Quarter, Month, Day, DayofWeek, WeekofMonth, WeekofYear)
VALUES ('20211122','22/11/2021','2021','4','11','22','2','4','48');

INSERT INTO Time (DateID, FullDate, Year, Quarter, Month, Day, DayofWeek, WeekofMonth, WeekofYear)
VALUES ('20211123','23/11/2021','2021','4','11','23','3','4','48');

INSERT INTO Time (DateID, FullDate, Year, Quarter, Month, Day, DayofWeek, WeekofMonth, WeekofYear)
VALUES ('20211124','24/11/2021','2021','4','11','24','4','4','48');

INSERT INTO Time (DateID, FullDate, Year, Quarter, Month, Day, DayofWeek, WeekofMonth, WeekofYear)
VALUES ('20211125','25/11/2021','2021','4','11','25','5','4','48');

INSERT INTO Time (DateID, FullDate, Year, Quarter, Month, Day, DayofWeek, WeekofMonth, WeekofYear)
VALUES ('20211126','26/11/2021','2021','4','11','26','6','4','48');

INSERT INTO Time (DateID, FullDate, Year, Quarter, Month, Day, DayofWeek, WeekofMonth, WeekofYear)
VALUES ('20211127','27/11/2021','2021','4','11','27','7','4','48');

INSERT INTO Time (DateID, FullDate, Year, Quarter, Month, Day, DayofWeek, WeekofMonth, WeekofYear)
VALUES ('20211128','28/11/2021','2021','4','11','28','1','4','49');

INSERT INTO Time (DateID, FullDate, Year, Quarter, Month, Day, DayofWeek, WeekofMonth, WeekofYear)
VALUES ('20211129','29/11/2021','2021','4','11','29','2','5','49');

INSERT INTO Time (DateID, FullDate, Year, Quarter, Month, Day, DayofWeek, WeekofMonth, WeekofYear)
VALUES ('20211130','30/11/2021','2021','4','11','30','3','5','49');

INSERT INTO Time (DateID, FullDate, Year, Quarter, Month, Day, DayofWeek, WeekofMonth, WeekofYear)
VALUES ('20211201','01/12/2021','2021','4','11','1','4','1','49');

INSERT INTO Time (DateID, FullDate, Year, Quarter, Month, Day, DayofWeek, WeekofMonth, WeekofYear)
VALUES ('20211202','02/12/2021','2021','4','12','2','5','1','49');

INSERT INTO Time (DateID, FullDate, Year, Quarter, Month, Day, DayofWeek, WeekofMonth, WeekofYear)
VALUES ('20211203','03/12/2021','2021','4','12','3','6','1','49');

INSERT INTO Time (DateID, FullDate, Year, Quarter, Month, Day, DayofWeek, WeekofMonth, WeekofYear)
VALUES ('20211204','04/12/2021','2021','4','12','4','7','1','49');

INSERT INTO Time (DateID, FullDate, Year, Quarter, Month, Day, DayofWeek, WeekofMonth, WeekofYear)
VALUES ('20211205','05/12/2021','2021','4','12','5','1','1','50');

INSERT INTO Time (DateID, FullDate, Year, Quarter, Month, Day, DayofWeek, WeekofMonth, WeekofYear)
VALUES ('20211206','06/12/2021','2021','4','12','6','2','1','50');

INSERT INTO Time (DateID, FullDate, Year, Quarter, Month, Day, DayofWeek, WeekofMonth, WeekofYear)
VALUES ('20211207','07/12/2021','2021','4','12','7','3','1','50');

INSERT INTO Time (DateID, FullDate, Year, Quarter, Month, Day, DayofWeek, WeekofMonth, WeekofYear)
VALUES ('20211208','08/12/2021','2021','4','12','8','4','2','50');

INSERT INTO Time (DateID, FullDate, Year, Quarter, Month, Day, DayofWeek, WeekofMonth, WeekofYear)
VALUES ('20211209','09/12/2021','2021','4','12','9','5','2','50');

INSERT INTO Time (DateID, FullDate, Year, Quarter, Month, Day, DayofWeek, WeekofMonth, WeekofYear)
VALUES ('20211210','10/12/2021','2021','4','12','10','6','2','50');

INSERT INTO Time (DateID, FullDate, Year, Quarter, Month, Day, DayofWeek, WeekofMonth, WeekofYear)
VALUES ('20211211','11/12/2021','2021','4','12','11','7','2','50');

INSERT INTO Time (DateID, FullDate, Year, Quarter, Month, Day, DayofWeek, WeekofMonth, WeekofYear)
VALUES ('20211212','12/12/2021','2021','4','12','12','1','2','51');

INSERT INTO Time (DateID, FullDate, Year, Quarter, Month, Day, DayofWeek, WeekofMonth, WeekofYear)
VALUES ('20211213','13/12/2021','2021','4','12','13','2','2','51');

INSERT INTO Time (DateID, FullDate, Year, Quarter, Month, Day, DayofWeek, WeekofMonth, WeekofYear)
VALUES ('20211214','14/12/2021','2021','4','12','14','3','2','51');

INSERT INTO Time (DateID, FullDate, Year, Quarter, Month, Day, DayofWeek, WeekofMonth, WeekofYear)
VALUES ('20211215','15/12/2021','2021','4','12','15','4','3','51');

INSERT INTO Time (DateID, FullDate, Year, Quarter, Month, Day, DayofWeek, WeekofMonth, WeekofYear)
VALUES ('20211216','16/12/2021','2021','4','12','16','5','3','51');

INSERT INTO Time (DateID, FullDate, Year, Quarter, Month, Day, DayofWeek, WeekofMonth, WeekofYear)
VALUES ('20211217','17/12/2021','2021','4','12','17','6','3','51');

INSERT INTO Time (DateID, FullDate, Year, Quarter, Month, Day, DayofWeek, WeekofMonth, WeekofYear)
VALUES ('20211218','18/12/2021','2021','4','12','18','7','3','51');

INSERT INTO Time (DateID, FullDate, Year, Quarter, Month, Day, DayofWeek, WeekofMonth, WeekofYear)
VALUES ('20211219','19/12/2021','2021','4','12','19','1','3','52');

INSERT INTO Time (DateID, FullDate, Year, Quarter, Month, Day, DayofWeek, WeekofMonth, WeekofYear)
VALUES ('20211220','20/12/2021','2021','4','12','20','2','3','52');

INSERT INTO Time (DateID, FullDate, Year, Quarter, Month, Day, DayofWeek, WeekofMonth, WeekofYear)
VALUES ('20211221','21/12/2021','2021','4','12','21','3','3','52');

INSERT INTO Time (DateID, FullDate, Year, Quarter, Month, Day, DayofWeek, WeekofMonth, WeekofYear)
VALUES ('20211222','22/12/2021','2021','4','12','22','4','4','52');

INSERT INTO Time (DateID, FullDate, Year, Quarter, Month, Day, DayofWeek, WeekofMonth, WeekofYear)
VALUES ('20211223','23/12/2021','2021','4','12','23','5','4','52');

INSERT INTO Time (DateID, FullDate, Year, Quarter, Month, Day, DayofWeek, WeekofMonth, WeekofYear)
VALUES ('20211224','24/12/2021','2021','4','12','24','6','4','52');

INSERT INTO Time (DateID, FullDate, Year, Quarter, Month, Day, DayofWeek, WeekofMonth, WeekofYear)
VALUES ('20211225','25/12/2021','2021','4','12','25','7','4','52');

INSERT INTO Time (DateID, FullDate, Year, Quarter, Month, Day, DayofWeek, WeekofMonth, WeekofYear)
VALUES ('20211226','26/12/2021','2021','4','12','26','1','4','53');

INSERT INTO Time (DateID, FullDate, Year, Quarter, Month, Day, DayofWeek, WeekofMonth, WeekofYear)
VALUES ('20211227','27/12/2021','2021','4','12','27','2','4','53');

INSERT INTO Time (DateID, FullDate, Year, Quarter, Month, Day, DayofWeek, WeekofMonth, WeekofYear)
VALUES ('20211228','28/12/2021','2021','4','12','28','3','4','53');

INSERT INTO Time (DateID, FullDate, Year, Quarter, Month, Day, DayofWeek, WeekofMonth, WeekofYear)
VALUES ('20211229','29/12/2021','2021','4','12','29','4','5','53');

INSERT INTO Time (DateID, FullDate, Year, Quarter, Month, Day, DayofWeek, WeekofMonth, WeekofYear)
VALUES ('20211230','30/12/2021','2021','4','12','30','5','5','53');

INSERT INTO Time (DateID, FullDate, Year, Quarter, Month, Day, DayofWeek, WeekofMonth, WeekofYear)
VALUES ('20211231','31/12/2021','2021','4','12','31','6','5','53');

INSERT INTO Time
(DateID, FullDate, Year, Quarter, Month, Day, DayofWeek, WeekofMonth, WeekofYear)
VALUES ('20220101', '01/01/2022', '2021', '1', '12', '1', '7', '1', '1');

INSERT INTO Time
(DateID, FullDate, Year, Quarter, Month, Day, DayofWeek, WeekofMonth, WeekofYear)
VALUES ('20220102', '02/01/2022', '2022', '1', '1', '2', '1', '1', '2');

INSERT INTO Time
(DateID, FullDate, Year, Quarter, Month, Day, DayofWeek, WeekofMonth, WeekofYear)
VALUES ('20220103', '03/01/2022', '2022', '1', '1', '3', '2', '1', '2');

INSERT INTO Time
(DateID, FullDate, Year, Quarter, Month, Day, DayofWeek, WeekofMonth, WeekofYear)
VALUES ('20220104', '04/01/2022', '2022', '1', '1', '4', '3', '1', '2');

INSERT INTO Time
(DateID, FullDate, Year, Quarter, Month, Day, DayofWeek, WeekofMonth, WeekofYear)
VALUES ('20220105', '05/01/2022', '2022', '1', '1', '5', '4', '1', '2');

INSERT INTO Time
(DateID, FullDate, Year, Quarter, Month, Day, DayofWeek, WeekofMonth, WeekofYear)
VALUES ('20220106', '06/01/2022', '2022', '1', '1', '6', '5', '1', '2');

INSERT INTO Time
(DateID, FullDate, Year, Quarter, Month, Day, DayofWeek, WeekofMonth, WeekofYear)
VALUES ('20220107', '07/01/2022', '2022', '1', '1', '7', '6', '1', '2');

INSERT INTO Time
(DateID, FullDate, Year, Quarter, Month, Day, DayofWeek, WeekofMonth, WeekofYear)
VALUES ('20220108', '08/01/2022', '2022', '1', '1', '8', '7', '2', '2');

INSERT INTO Time
(DateID, FullDate, Year, Quarter, Month, Day, DayofWeek, WeekofMonth, WeekofYear)
VALUES ('20220109', '09/01/2022', '2022', '1', '1', '9', '1', '2', '3');

INSERT INTO Time
(DateID, FullDate, Year, Quarter, Month, Day, DayofWeek, WeekofMonth, WeekofYear)
VALUES ('20220110', '10/01/2022', '2022', '1', '1', '10', '2', '2', '3');

INSERT INTO Time
(DateID, FullDate, Year, Quarter, Month, Day, DayofWeek, WeekofMonth, WeekofYear)
VALUES ('20220111', '11/01/2022', '2022', '1', '1', '11', '3', '2', '3');

INSERT INTO Time
(DateID, FullDate, Year, Quarter, Month, Day, DayofWeek, WeekofMonth, WeekofYear)
VALUES ('20220112', '12/01/2022', '2022', '1', '1', '12', '4', '2', '3');

INSERT INTO Time
(DateID, FullDate, Year, Quarter, Month, Day, DayofWeek, WeekofMonth, WeekofYear)
VALUES ('20220113', '13/01/2022', '2022', '1', '1', '13', '5', '2', '3');

INSERT INTO Time
(DateID, FullDate, Year, Quarter, Month, Day, DayofWeek, WeekofMonth, WeekofYear)
VALUES ('20220114', '14/01/2022', '2022', '1', '1', '14', '6', '2', '3');

INSERT INTO Time
(DateID, FullDate, Year, Quarter, Month, Day, DayofWeek, WeekofMonth, WeekofYear)
VALUES ('20220115', '15/01/2022', '2022', '1', '1', '15', '7', '3', '3');

INSERT INTO Time
(DateID, FullDate, Year, Quarter, Month, Day, DayofWeek, WeekofMonth, WeekofYear)
VALUES ('20220116', '16/01/2022', '2022', '1', '1', '16', '1', '3', '4');

INSERT INTO Time
(DateID, FullDate, Year, Quarter, Month, Day, DayofWeek, WeekofMonth, WeekofYear)
VALUES ('20220117', '17/01/2022', '2022', '1', '1', '17', '2', '3', '4');

INSERT INTO Time
(DateID, FullDate, Year, Quarter, Month, Day, DayofWeek, WeekofMonth, WeekofYear)
VALUES ('20220118', '18/01/2022', '2022', '1', '1', '18', '3', '3', '4');

INSERT INTO Time
(DateID, FullDate, Year, Quarter, Month, Day, DayofWeek, WeekofMonth, WeekofYear)
VALUES ('20220119', '19/01/2022', '2022', '1', '1', '19', '4', '3', '4');

INSERT INTO Time
(DateID, FullDate, Year, Quarter, Month, Day, DayofWeek, WeekofMonth, WeekofYear)
VALUES ('20220120', '20/01/2022', '2022', '1', '1', '20', '5', '3', '4');

INSERT INTO Time
(DateID, FullDate, Year, Quarter, Month, Day, DayofWeek, WeekofMonth, WeekofYear)
VALUES ('20220121', '21/01/2022', '2022', '1', '1', '21', '6', '3', '4');

INSERT INTO Time
(DateID, FullDate, Year, Quarter, Month, Day, DayofWeek, WeekofMonth, WeekofYear)
VALUES ('20220122', '22/01/2022', '2022', '1', '1', '22', '7', '4', '4');

INSERT INTO Time
(DateID, FullDate, Year, Quarter, Month, Day, DayofWeek, WeekofMonth, WeekofYear)
VALUES ('20220123', '23/01/2022', '2022', '1', '1', '23', '1', '4', '5');

INSERT INTO Time
(DateID, FullDate, Year, Quarter, Month, Day, DayofWeek, WeekofMonth, WeekofYear)
VALUES ('20220124', '24/01/2022', '2022', '1', '1', '24', '2', '4', '5');

INSERT INTO Time
(DateID, FullDate, Year, Quarter, Month, Day, DayofWeek, WeekofMonth, WeekofYear)
VALUES ('20220125', '25/01/2022', '2022', '1', '1', '25', '3', '4', '5');

INSERT INTO Time
(DateID, FullDate, Year, Quarter, Month, Day, DayofWeek, WeekofMonth, WeekofYear)
VALUES ('20220126', '26/01/2022', '2022', '1', '1', '26', '4', '4', '5');

INSERT INTO Time
(DateID, FullDate, Year, Quarter, Month, Day, DayofWeek, WeekofMonth, WeekofYear)
VALUES ('20220127', '27/01/2022', '2022', '1', '1', '27', '5', '4', '5');

INSERT INTO Time
(DateID, FullDate, Year, Quarter, Month, Day, DayofWeek, WeekofMonth, WeekofYear)
VALUES ('20220128', '28/01/2022', '2022', '1', '1', '28', '6', '4', '5');

INSERT INTO Time
(DateID, FullDate, Year, Quarter, Month, Day, DayofWeek, WeekofMonth, WeekofYear)
VALUES ('20220129', '29/01/2022', '2022', '1', '1', '29', '7', '5', '5');

INSERT INTO Time
(DateID, FullDate, Year, Quarter, Month, Day, DayofWeek, WeekofMonth, WeekofYear)
VALUES ('20220130', '30/01/2022', '2022', '1', '1', '30', '1', '5', '6');

INSERT INTO Time
(DateID, FullDate, Year, Quarter, Month, Day, DayofWeek, WeekofMonth, WeekofYear)
VALUES ('20220131', '31/01/2022', '2022', '1', '1', '31', '2', '5', '6');

INSERT INTO Time
(DateID, FullDate, Year, Quarter, Month, Day, DayofWeek, WeekofMonth, WeekofYear)
VALUES ('20220201', '01/02/2022', '2022', '1', '1', '1', '3', '1', '6');

INSERT INTO Time
(DateID, FullDate, Year, Quarter, Month, Day, DayofWeek, WeekofMonth, WeekofYear)
VALUES ('20220202', '02/02/2022', '2022', '1', '2', '2', '4', '1', '6');

INSERT INTO Time
(DateID, FullDate, Year, Quarter, Month, Day, DayofWeek, WeekofMonth, WeekofYear)
VALUES ('20220203', '03/02/2022', '2022', '1', '2', '3', '5', '1', '6');

INSERT INTO Time
(DateID, FullDate, Year, Quarter, Month, Day, DayofWeek, WeekofMonth, WeekofYear)
VALUES ('20220204', '04/02/2022', '2022', '1', '2', '4', '6', '1', '6');

INSERT INTO Time
(DateID, FullDate, Year, Quarter, Month, Day, DayofWeek, WeekofMonth, WeekofYear)
VALUES ('20220205', '05/02/2022', '2022', '1', '2', '5', '7', '1', '6');

INSERT INTO Time
(DateID, FullDate, Year, Quarter, Month, Day, DayofWeek, WeekofMonth, WeekofYear)
VALUES ('20220206', '06/02/2022', '2022', '1', '2', '6', '1', '1', '7');

INSERT INTO Time
(DateID, FullDate, Year, Quarter, Month, Day, DayofWeek, WeekofMonth, WeekofYear)
VALUES ('20220207', '07/02/2022', '2022', '1', '2', '7', '2', '1', '7');

INSERT INTO Time
(DateID, FullDate, Year, Quarter, Month, Day, DayofWeek, WeekofMonth, WeekofYear)
VALUES ('20220208', '08/02/2022', '2022', '1', '2', '8', '3', '2', '7');

INSERT INTO Time
(DateID, FullDate, Year, Quarter, Month, Day, DayofWeek, WeekofMonth, WeekofYear)
VALUES ('20220209', '09/02/2022', '2022', '1', '2', '9', '4', '2', '7');

INSERT INTO Time
(DateID, FullDate, Year, Quarter, Month, Day, DayofWeek, WeekofMonth, WeekofYear)
VALUES ('20220210', '10/02/2022', '2022', '1', '2', '10', '5', '2', '7');

INSERT INTO Time
(DateID, FullDate, Year, Quarter, Month, Day, DayofWeek, WeekofMonth, WeekofYear)
VALUES ('20220211', '11/02/2022', '2022', '1', '2', '11', '6', '2', '7');

INSERT INTO Time
(DateID, FullDate, Year, Quarter, Month, Day, DayofWeek, WeekofMonth, WeekofYear)
VALUES ('20220212', '12/02/2022', '2022', '1', '2', '12', '7', '2', '7');

INSERT INTO Time
(DateID, FullDate, Year, Quarter, Month, Day, DayofWeek, WeekofMonth, WeekofYear)
VALUES ('20220213', '13/02/2022', '2022', '1', '2', '13', '1', '2', '8');

INSERT INTO Time
(DateID, FullDate, Year, Quarter, Month, Day, DayofWeek, WeekofMonth, WeekofYear)
VALUES('20220214', '14/02/2022', '2022', '1', '2', '14', '2', '2', '8');

INSERT INTO Time
(DateID, FullDate, Year, Quarter, Month, Day, DayofWeek, WeekofMonth, WeekofYear)
VALUES ('20220215', '15/02/2022', '2022', '1', '2', '15', '3', '3', '8');

INSERT INTO Time
(DateID, FullDate, Year, Quarter, Month, Day, DayofWeek, WeekofMonth, WeekofYear)
VALUES ('20220216', '16/02/2022', '2022', '1', '2', '16', '4', '3', '8');

INSERT INTO Time
(DateID, FullDate, Year, Quarter, Month, Day, DayofWeek, WeekofMonth, WeekofYear)
VALUES ('20220217', '17/02/2022', '2022', '1', '2', '17', '5', '3', '8');

INSERT INTO Time
(DateID, FullDate, Year, Quarter, Month, Day, DayofWeek, WeekofMonth, WeekofYear)
VALUES ('20220218', '18/02/2022', '2022', '1', '2', '18', '6', '3', '8');

INSERT INTO Time
(DateID, FullDate, Year, Quarter, Month, Day, DayofWeek, WeekofMonth, WeekofYear)
VALUES ('20220219', '19/02/2022', '2022', '1', '2', '19', '7', '3', '8');

INSERT INTO Time
(DateID, FullDate, Year, Quarter, Month, Day, DayofWeek, WeekofMonth, WeekofYear)
VALUES ('20220220', '20/02/2022', '2022', '1', '2', '20', '1', '3', '9');

INSERT INTO Time
(DateID, FullDate, Year, Quarter, Month, Day, DayofWeek, WeekofMonth, WeekofYear)
VALUES ('20220221', '21/02/2022', '2022', '1', '2', '21', '2', '3', '9');

INSERT INTO Time
(DateID, FullDate, Year, Quarter, Month, Day, DayofWeek, WeekofMonth, WeekofYear)
VALUES ('20220222', '22/02/2022', '2022', '1', '2', '22', '3', '4', '9');

INSERT INTO Time
(DateID, FullDate, Year, Quarter, Month, Day, DayofWeek, WeekofMonth, WeekofYear)
VALUES ('20220223', '23/02/2022', '2022', '1', '2', '23', '4', '4', '9');

INSERT INTO Time
(DateID, FullDate, Year, Quarter, Month, Day, DayofWeek, WeekofMonth, WeekofYear)
VALUES ('20220224', '24/02/2022', '2022', '1', '2', '24', '5', '4', '9');

INSERT INTO Time
(DateID, FullDate, Year, Quarter, Month, Day, DayofWeek, WeekofMonth, WeekofYear)
VALUES ('20220225', '25/02/2022', '2022', '1', '2', '25', '6', '4', '9');

INSERT INTO Time
(DateID, FullDate, Year, Quarter, Month, Day, DayofWeek, WeekofMonth, WeekofYear)
VALUES ('20220226', '26/02/2022', '2022', '1', '2', '26', '7', '4', '9');

INSERT INTO Time
(DateID, FullDate, Year, Quarter, Month, Day, DayofWeek, WeekofMonth, WeekofYear)
VALUES ('20220227', '27/02/2022', '2022', '1', '2', '27', '1', '4', '10');

INSERT INTO Time
(DateID, FullDate, Year, Quarter, Month, Day, DayofWeek, WeekofMonth, WeekofYear)
VALUES ('20220228', '28/02/2022', '2022', '1', '2', '28', '2', '4', '10');

INSERT INTO Time
(DateID, FullDate, Year, Quarter, Month, Day, DayofWeek, WeekofMonth, WeekofYear)
VALUES ('20220301', '01/03/2022', '2022', '1', '2', '1', '3', '1', '10');

INSERT INTO Time
(DateID, FullDate, Year, Quarter, Month, Day, DayofWeek, WeekofMonth, WeekofYear)
VALUES ('20220302', '02/03/2022', '2022', '1', '3', '2', '4', '1', '10');

INSERT INTO Time
(DateID, FullDate, Year, Quarter, Month, Day, DayofWeek, WeekofMonth, WeekofYear)
VALUES ('20220303', '03/03/2022', '2022', '1', '3', '3', '5', '1', '10');

INSERT INTO Time
(DateID, FullDate, Year, Quarter, Month, Day, DayofWeek, WeekofMonth, WeekofYear)
VALUES ('20220304', '04/03/2022', '2022', '1', '3', '4', '6', '1', '10');

INSERT INTO Time
(DateID, FullDate, Year, Quarter, Month, Day, DayofWeek, WeekofMonth, WeekofYear)
VALUES ('20220305', '05/03/2022', '2022', '1', '3', '5', '7', '1', '10');

INSERT INTO Time
(DateID, FullDate, Year, Quarter, Month, Day, DayofWeek, WeekofMonth, WeekofYear)
VALUES ('20220306', '06/03/2022', '2022', '1', '3', '6', '1', '1', '11');

INSERT INTO Time
(DateID, FullDate, Year, Quarter, Month, Day, DayofWeek, WeekofMonth, WeekofYear)
VALUES ('20220307', '07/03/2022', '2022', '1', '3', '7', '2', '1', '11');

INSERT INTO Time
(DateID, FullDate, Year, Quarter, Month, Day, DayofWeek, WeekofMonth, WeekofYear)
VALUES ('20220308', '08/03/2022', '2022', '1', '3', '8', '3', '2', '11');

INSERT INTO Time
(DateID, FullDate, Year, Quarter, Month, Day, DayofWeek, WeekofMonth, WeekofYear)
VALUES ('20220309', '09/03/2022', '2022', '1', '3', '9', '4', '2', '11');

INSERT INTO Time
(DateID, FullDate, Year, Quarter, Month, Day, DayofWeek, WeekofMonth, WeekofYear)
VALUES ('20220310', '10/03/2022', '2022', '1', '3', '10', '5', '2', '11');

INSERT INTO Time
(DateID, FullDate, Year, Quarter, Month, Day, DayofWeek, WeekofMonth, WeekofYear)
VALUES ('20220311', '11/03/2022', '2022', '1', '3', '11', '6', '2', '11');
INSERT INTO Time
(DateID, FullDate, Year, Quarter, Month, Day, DayofWeek, WeekofMonth, WeekofYear)
VALUES ('20220312', '12/03/2022', '2022', '1', '3', '12', '7', '2', '11');

INSERT INTO Time
(DateID, FullDate, Year, Quarter, Month, Day, DayofWeek, WeekofMonth, WeekofYear)
VALUES ('20220313', '13/03/2022', '2022', '1', '3', '13', '1', '2', '12');

INSERT INTO Time
(DateID, FullDate, Year, Quarter, Month, Day, DayofWeek, WeekofMonth, WeekofYear)
VALUES ('20220314', '14/03/2022', '2022', '1', '3', '14', '2', '2', '12');

INSERT INTO Time
(DateID, FullDate, Year, Quarter, Month, Day, DayofWeek, WeekofMonth, WeekofYear)
VALUES ('20220315', '15/03/2022', '2022', '1', '3', '15', '3', '3', '12');

INSERT INTO Time
(DateID, FullDate, Year, Quarter, Month, Day, DayofWeek, WeekofMonth, WeekofYear)
VALUES ('20220316', '16/03/2022', '2022', '1', '3', '16', '4', '3', '12');

INSERT INTO Time
(DateID, FullDate, Year, Quarter, Month, Day, DayofWeek, WeekofMonth, WeekofYear)
VALUES ('20220317', '17/03/2022', '2022', '1', '3', '17', '5', '3', '12');

INSERT INTO Time
(DateID, FullDate, Year, Quarter, Month, Day, DayofWeek, WeekofMonth, WeekofYear)
VALUES ('20220318', '18/03/2022', '2022', '1', '3', '18', '6', '3', '12');

INSERT INTO Time
(DateID, FullDate, Year, Quarter, Month, Day, DayofWeek, WeekofMonth, WeekofYear)
VALUES ('20220319', '19/03/2022', '2022', '1', '3', '19', '7', '3', '12');

INSERT INTO Time
(DateID, FullDate, Year, Quarter, Month, Day, DayofWeek, WeekofMonth, WeekofYear)
VALUES ('20220320', '20/03/2022', '2022', '1', '3', '20', '1', '3', '13');

INSERT INTO Time
(DateID, FullDate, Year, Quarter, Month, Day, DayofWeek, WeekofMonth, WeekofYear)
VALUES ('20220321', '21/03/2022', '2022', '1', '3', '21', '2', '3', '13');

INSERT INTO Time
(DateID, FullDate, Year, Quarter, Month, Day, DayofWeek, WeekofMonth, WeekofYear)
VALUES ('20220322', '22/03/2022', '2022', '1', '3', '22', '3', '4', '13');

INSERT INTO Time
(DateID, FullDate, Year, Quarter, Month, Day, DayofWeek, WeekofMonth, WeekofYear)
VALUES ('20220323', '23/03/2022', '2022', '1', '3', '23', '4', '4', '13');

INSERT INTO Time
(DateID, FullDate, Year, Quarter, Month, Day, DayofWeek, WeekofMonth, WeekofYear)
VALUES ('20220324', '24/03/2022', '2022', '1', '3', '24', '5', '4', '13');

INSERT INTO Time
(DateID, FullDate, Year, Quarter, Month, Day, DayofWeek, WeekofMonth, WeekofYear)
VALUES ('20220325', '25/03/2022', '2022', '1', '3', '25', '6', '4', '13');

INSERT INTO Time
(DateID, FullDate, Year, Quarter, Month, Day, DayofWeek, WeekofMonth, WeekofYear)
VALUES ('20220326', '26/03/2022', '2022', '1', '3', '26', '7', '4', '13');

INSERT INTO Time
(DateID, FullDate, Year, Quarter, Month, Day, DayofWeek, WeekofMonth, WeekofYear)
VALUES ('20220327', '27/03/2022', '2022', '1', '3', '27', '1', '4', '14');

INSERT INTO Time
(DateID, FullDate, Year, Quarter, Month, Day, DayofWeek, WeekofMonth, WeekofYear)
VALUES ('20220328', '28/03/2022', '2022', '1', '3', '28', '2', '4', '14');

INSERT INTO Time
(DateID, FullDate, Year, Quarter, Month, Day, DayofWeek, WeekofMonth, WeekofYear)
VALUES ('20220329', '29/03/2022', '2022', '1', '3', '29', '3', '5', '14');

INSERT INTO Time
(DateID, FullDate, Year, Quarter, Month, Day, DayofWeek, WeekofMonth, WeekofYear)
VALUES ('20220330', '30/03/2022', '2022', '1', '3', '30', '4', '5', '14');

INSERT INTO Time
(DateID, FullDate, Year, Quarter, Month, Day, DayofWeek, WeekofMonth, WeekofYear)
VALUES ('20220331', '31/03/2022', '2022', '1', '3', '31', '5', '5', '14');


INSERT INTO Time
(DateID, FullDate, Year, Quarter, Month, Day, DayofWeek, WeekofMonth, WeekofYear)
VALUES ('20220401', '01/04/2022', '2022', '2', '3', '1', '6', '1', '14');

INSERT INTO Time
(DateID, FullDate, Year, Quarter, Month, Day, DayofWeek, WeekofMonth, WeekofYear)
VALUES ('20220402', '02/04/2022', '2022', '2', '4', '2', '7', '1', '14');

INSERT INTO Time
(DateID, FullDate, Year, Quarter, Month, Day, DayofWeek, WeekofMonth, WeekofYear)
VALUES ('20220403', '03/04/2022', '2022', '2', '4', '3', '1', '1', '15');

INSERT INTO Time
(DateID, FullDate, Year, Quarter, Month, Day, DayofWeek, WeekofMonth, WeekofYear)
VALUES ('20220404', '04/04/2022', '2022', '2', '4', '4', '2', '1', '15');

INSERT INTO Time
(DateID, FullDate, Year, Quarter, Month, Day, DayofWeek, WeekofMonth, WeekofYear)
VALUES ('20220405', '05/04/2022', '2022', '2', '4', '5', '3', '1', '15');

INSERT INTO Time
(DateID, FullDate, Year, Quarter, Month, Day, DayofWeek, WeekofMonth, WeekofYear)
VALUES ('20220406', '06/04/2022', '2022', '2', '4', '6', '4', '1', '15');

INSERT INTO Time
(DateID, FullDate, Year, Quarter, Month, Day, DayofWeek, WeekofMonth, WeekofYear)
VALUES ('20220407', '07/04/2022', '2022', '2', '4', '7', '5', '1', '15');

INSERT INTO Time
(DateID, FullDate, Year, Quarter, Month, Day, DayofWeek, WeekofMonth, WeekofYear)
VALUES ('20220408', '08/04/2022', '2022', '2', '4', '8', '6', '2', '15');

INSERT INTO Time
(DateID, FullDate, Year, Quarter, Month, Day, DayofWeek, WeekofMonth, WeekofYear)
VALUES ('20220409', '09/04/2022', '2022', '2', '4', '9', '7', '2', '15');

INSERT INTO Time
(DateID, FullDate, Year, Quarter, Month, Day, DayofWeek, WeekofMonth, WeekofYear)
VALUES ('20220410', '10/04/2022', '2022', '2', '4', '10', '1', '2', '16');

INSERT INTO Time
(DateID, FullDate, Year, Quarter, Month, Day, DayofWeek, WeekofMonth, WeekofYear)
VALUES ('20220411', '11/04/2022', '2022', '2', '4', '11', '2', '2', '16');

INSERT INTO Time
(DateID, FullDate, Year, Quarter, Month, Day, DayofWeek, WeekofMonth, WeekofYear)
VALUES ('20220412', '12/04/2022', '2022', '2', '4', '12', '3', '2', '16');

INSERT INTO Time
(DateID, FullDate, Year, Quarter, Month, Day, DayofWeek, WeekofMonth, WeekofYear)
VALUES ('20220413', '13/04/2022', '2022', '2', '4', '13', '4', '2', '16');

INSERT INTO Time
(DateID, FullDate, Year, Quarter, Month, Day, DayofWeek, WeekofMonth, WeekofYear)
VALUES ('20220414', '14/04/2022', '2022', '2', '4', '14', '5', '2', '16');

INSERT INTO Time
(DateID, FullDate, Year, Quarter, Month, Day, DayofWeek, WeekofMonth, WeekofYear)
VALUES ('20220415', '15/04/2022', '2022', '2', '4', '15', '6', '3', '16');

INSERT INTO Time
(DateID, FullDate, Year, Quarter, Month, Day, DayofWeek, WeekofMonth, WeekofYear)
VALUES ('20220416', '16/04/2022', '2022', '2', '4', '16', '7', '3', '16');

INSERT INTO Time
(DateID, FullDate, Year, Quarter, Month, Day, DayofWeek, WeekofMonth, WeekofYear)
VALUES ('20220417', '17/04/2022', '2022', '2', '4', '17', '1', '3', '17');

INSERT INTO Time
(DateID, FullDate, Year, Quarter, Month, Day, DayofWeek, WeekofMonth, WeekofYear)
VALUES ('20220418', '18/04/2022', '2022', '2', '4', '18', '2', '3', '17');

INSERT INTO Time
(DateID, FullDate, Year, Quarter, Month, Day, DayofWeek, WeekofMonth, WeekofYear)
VALUES ('20220419', '19/04/2022', '2022', '2', '4', '19', '3', '3', '17');

INSERT INTO Time
(DateID, FullDate, Year, Quarter, Month, Day, DayofWeek, WeekofMonth, WeekofYear)
VALUES ('20220420', '20/04/2022', '2022', '2', '4', '20', '4', '3', '17');

INSERT INTO Time
(DateID, FullDate, Year, Quarter, Month, Day, DayofWeek, WeekofMonth, WeekofYear)
VALUES ('20220421', '21/04/2022', '2022', '2', '4', '21', '5', '3', '17');

INSERT INTO Time
(DateID, FullDate, Year, Quarter, Month, Day, DayofWeek, WeekofMonth, WeekofYear)
VALUES ('20220422', '22/04/2022', '2022', '2', '4', '22', '6', '4', '17');

INSERT INTO Time
(DateID, FullDate, Year, Quarter, Month, Day, DayofWeek, WeekofMonth, WeekofYear)
VALUES ('20220423', '23/04/2022', '2022', '2', '4', '23', '7', '4', '17');

INSERT INTO Time
(DateID, FullDate, Year, Quarter, Month, Day, DayofWeek, WeekofMonth, WeekofYear)
VALUES ('20220424', '24/04/2022', '2022', '2', '4', '24', '1', '4', '18');

INSERT INTO Time
(DateID, FullDate, Year, Quarter, Month, Day, DayofWeek, WeekofMonth, WeekofYear)
VALUES ('20220425', '25/04/2022', '2022', '2', '4', '25', '2', '4', '18');

INSERT INTO Time
(DateID, FullDate, Year, Quarter, Month, Day, DayofWeek, WeekofMonth, WeekofYear)
VALUES ('20220426', '26/04/2022', '2022', '2', '4', '26', '3', '4', '18');

INSERT INTO Time
(DateID, FullDate, Year, Quarter, Month, Day, DayofWeek, WeekofMonth, WeekofYear)
VALUES ('20220427', '27/04/2022', '2022', '2', '4', '27', '4', '4', '18');

INSERT INTO Time
(DateID, FullDate, Year, Quarter, Month, Day, DayofWeek, WeekofMonth, WeekofYear)
VALUES ('20220428', '28/04/2022', '2022', '2', '4', '28', '5', '4', '18');

INSERT INTO Time
(DateID, FullDate, Year, Quarter, Month, Day, DayofWeek, WeekofMonth, WeekofYear)
VALUES ('20220429', '29/04/2022', '2022', '2', '4', '29', '6', '5', '18');

INSERT INTO Time
(DateID, FullDate, Year, Quarter, Month, Day, DayofWeek, WeekofMonth, WeekofYear)
VALUES ('20220430', '30/04/2022', '2022', '2', '4', '30', '7', '5', '18');

INSERT INTO Time
(DateID, FullDate, Year, Quarter, Month, Day, DayofWeek, WeekofMonth, WeekofYear)
VALUES ('20220501', '01/05/2022', '2022', '2', '4', '1', '1', '1', '19');

INSERT INTO Time
(DateID, FullDate, Year, Quarter, Month, Day, DayofWeek, WeekofMonth, WeekofYear)
VALUES ('20220502', '02/05/2022', '2022', '2', '5', '2', '2', '1', '19');

INSERT INTO Time
(DateID, FullDate, Year, Quarter, Month, Day, DayofWeek, WeekofMonth, WeekofYear)
VALUES ('20220503', '03/05/2022', '2022', '2', '5', '3', '3', '1', '19');

INSERT INTO Time
(DateID, FullDate, Year, Quarter, Month, Day, DayofWeek, WeekofMonth, WeekofYear)
VALUES ('20220504', '04/05/2022', '2022', '2', '5', '4', '4', '1', '19');

INSERT INTO Time
(DateID, FullDate, Year, Quarter, Month, Day, DayofWeek, WeekofMonth, WeekofYear)
VALUES ('20220505', '05/05/2022', '2022', '2', '5', '5', '5', '1', '19');

INSERT INTO Time
(DateID, FullDate, Year, Quarter, Month, Day, DayofWeek, WeekofMonth, WeekofYear)
VALUES ('20220506', '06/05/2022', '2022', '2', '5', '6', '6', '1', '19');

INSERT INTO Time
(DateID, FullDate, Year, Quarter, Month, Day, DayofWeek, WeekofMonth, WeekofYear)
VALUES ('20220507', '07/05/2022', '2022', '2', '5', '7', '7', '1', '19');

INSERT INTO Time
(DateID, FullDate, Year, Quarter, Month, Day, DayofWeek, WeekofMonth, WeekofYear)
VALUES ('20220508', '08/05/2022', '2022', '2', '5', '8', '1', '2', '20');

INSERT INTO Time
(DateID, FullDate, Year, Quarter, Month, Day, DayofWeek, WeekofMonth, WeekofYear)
VALUES ('20220509', '09/05/2022', '2022', '2', '5', '9', '2', '2', '20');

INSERT INTO Time
(DateID, FullDate, Year, Quarter, Month, Day, DayofWeek, WeekofMonth, WeekofYear)
VALUES ('20220510', '10/05/2022', '2022', '2', '5', '10', '3', '2', '20');

INSERT INTO Time
(DateID, FullDate, Year, Quarter, Month, Day, DayofWeek, WeekofMonth, WeekofYear)
VALUES ('20220511', '11/05/2022', '2022', '2', '5', '11', '4', '2', '20');

INSERT INTO Time
(DateID, FullDate, Year, Quarter, Month, Day, DayofWeek, WeekofMonth, WeekofYear)
VALUES ('20220512', '12/05/2022', '2022', '2', '5', '12', '5', '2', '20');

INSERT INTO Time
(DateID, FullDate, Year, Quarter, Month, Day, DayofWeek, WeekofMonth, WeekofYear)
VALUES ('20220513', '13/05/2022', '2022', '2', '5', '13', '6', '2', '20');

INSERT INTO Time
(DateID, FullDate, Year, Quarter, Month, Day, DayofWeek, WeekofMonth, WeekofYear)
VALUES ('20220514', '14/05/2022', '2022', '2', '5', '14', '7', '2', '20');

INSERT INTO Time
(DateID, FullDate, Year, Quarter, Month, Day, DayofWeek, WeekofMonth, WeekofYear)
VALUES ('20220515', '15/05/2022', '2022', '2', '5', '15', '1', '3', '21');

INSERT INTO Time
(DateID, FullDate, Year, Quarter, Month, Day, DayofWeek, WeekofMonth, WeekofYear)
VALUES ('20220516', '16/05/2022', '2022', '2', '5', '16', '2', '3', '21');

INSERT INTO Time
(DateID, FullDate, Year, Quarter, Month, Day, DayofWeek, WeekofMonth, WeekofYear)
VALUES ('20220517', '17/05/2022', '2022', '2', '5', '17', '3', '3', '21');

INSERT INTO Time
(DateID, FullDate, Year, Quarter, Month, Day, DayofWeek, WeekofMonth, WeekofYear)
VALUES ('20220518', '18/05/2022', '2022', '2', '5', '18', '4', '3', '21');

INSERT INTO Time
(DateID, FullDate, Year, Quarter, Month, Day, DayofWeek, WeekofMonth, WeekofYear)
VALUES ('20220519', '19/05/2022', '2022', '2', '5', '19', '5', '3', '21');

INSERT INTO Time
(DateID, FullDate, Year, Quarter, Month, Day, DayofWeek, WeekofMonth, WeekofYear)
VALUES ('20220520', '20/05/2022', '2022', '2', '5', '20', '6', '3', '21');

INSERT INTO Time
(DateID, FullDate, Year, Quarter, Month, Day, DayofWeek, WeekofMonth, WeekofYear)
VALUES ('20220521', '21/05/2022', '2022', '2', '5', '21', '7', '3', '21');

INSERT INTO Time
(DateID, FullDate, Year, Quarter, Month, Day, DayofWeek, WeekofMonth, WeekofYear)
VALUES ('20220522', '22/05/2022', '2022', '2', '5', '22', '1', '4', '22');

INSERT INTO Time
(DateID, FullDate, Year, Quarter, Month, Day, DayofWeek, WeekofMonth, WeekofYear)
VALUES ('20220523', '23/05/2022', '2022', '2', '5', '23', '2', '4', '22');

INSERT INTO Time
(DateID, FullDate, Year, Quarter, Month, Day, DayofWeek, WeekofMonth, WeekofYear)
VALUES ('20220524', '24/05/2022', '2022', '2', '5', '24', '3', '4', '22');

INSERT INTO Time
(DateID, FullDate, Year, Quarter, Month, Day, DayofWeek, WeekofMonth, WeekofYear)
VALUES ('20220525', '25/05/2022', '2022', '2', '5', '25', '4', '4', '22');

INSERT INTO Time
(DateID, FullDate, Year, Quarter, Month, Day, DayofWeek, WeekofMonth, WeekofYear)
VALUES ('20220526', '26/05/2022', '2022', '2', '5', '26', '5', '4', '22');

INSERT INTO Time
(DateID, FullDate, Year, Quarter, Month, Day, DayofWeek, WeekofMonth, WeekofYear)
VALUES ('20220527', '27/05/2022', '2022', '2', '5', '27', '6', '4', '22');

INSERT INTO Time
(DateID, FullDate, Year, Quarter, Month, Day, DayofWeek, WeekofMonth, WeekofYear)
VALUES ('20220528', '28/05/2022', '2022', '2', '5', '28', '7', '4', '22');

INSERT INTO Time
(DateID, FullDate, Year, Quarter, Month, Day, DayofWeek, WeekofMonth, WeekofYear)
VALUES ('20220529', '29/05/2022', '2022', '2', '5', '29', '1', '5', '23');

INSERT INTO Time
(DateID, FullDate, Year, Quarter, Month, Day, DayofWeek, WeekofMonth, WeekofYear)
VALUES ('20220530', '30/05/2022', '2022', '2', '5', '30', '2', '5', '23');

INSERT INTO Time
(DateID, FullDate, Year, Quarter, Month, Day, DayofWeek, WeekofMonth, WeekofYear)
VALUES ('20220531', '31/05/2022', '2022', '2', '5', '31', '3', '5', '23');

INSERT INTO Time
(DateID, FullDate, Year, Quarter, Month, Day, DayofWeek, WeekofMonth, WeekofYear)
VALUES ('20220601', '01/06/2022', '2022', '2', '5', '1', '4', '1', '23');

INSERT INTO Time
(DateID, FullDate, Year, Quarter, Month, Day, DayofWeek, WeekofMonth, WeekofYear)
VALUES ('20220602', '02/06/2022', '2022', '2', '6', '2', '5', '1', '23');

INSERT INTO Time
(DateID, FullDate, Year, Quarter, Month, Day, DayofWeek, WeekofMonth, WeekofYear)
VALUES ('20220603', '03/06/2022', '2022', '2', '6', '3', '6', '1', '23');

INSERT INTO Time
(DateID, FullDate, Year, Quarter, Month, Day, DayofWeek, WeekofMonth, WeekofYear)
VALUES ('20220604', '04/06/2022', '2022', '2', '6', '4', '7', '1', '23');

INSERT INTO Time
(DateID, FullDate, Year, Quarter, Month, Day, DayofWeek, WeekofMonth, WeekofYear)
VALUES ('20220605', '05/06/2022', '2022', '2', '6', '5', '1', '1', '24');

INSERT INTO Time
(DateID, FullDate, Year, Quarter, Month, Day, DayofWeek, WeekofMonth, WeekofYear)
VALUES ('20220606', '06/06/2022', '2022', '2', '6', '6', '2', '1', '24');

INSERT INTO Time
(DateID, FullDate, Year, Quarter, Month, Day, DayofWeek, WeekofMonth, WeekofYear)
VALUES ('20220607', '07/06/2022', '2022', '2', '6', '7', '3', '1', '24');

INSERT INTO Time
(DateID, FullDate, Year, Quarter, Month, Day, DayofWeek, WeekofMonth, WeekofYear)
VALUES ('20220608', '08/06/2022', '2022', '2', '6', '8', '4', '2', '24');

INSERT INTO Time
(DateID, FullDate, Year, Quarter, Month, Day, DayofWeek, WeekofMonth, WeekofYear)
VALUES ('20220609', '09/06/2022', '2022', '2', '6', '9', '5', '2', '24');

INSERT INTO Time
(DateID, FullDate, Year, Quarter, Month, Day, DayofWeek, WeekofMonth, WeekofYear)
VALUES ('20220610', '10/06/2022', '2022', '2', '6', '10', '6', '2', '24');

INSERT INTO Time
(DateID, FullDate, Year, Quarter, Month, Day, DayofWeek, WeekofMonth, WeekofYear)
VALUES ('20220611', '11/06/2022', '2022', '2', '6', '11', '7', '2', '24');

INSERT INTO Time
(DateID, FullDate, Year, Quarter, Month, Day, DayofWeek, WeekofMonth, WeekofYear)
VALUES ('20220612', '12/06/2022', '2022', '2', '6', '12', '1', '2', '25');

INSERT INTO Time
(DateID, FullDate, Year, Quarter, Month, Day, DayofWeek, WeekofMonth, WeekofYear)
VALUES ('20220613', '13/06/2022', '2022', '2', '6', '13', '2', '2', '25');

INSERT INTO Time
(DateID, FullDate, Year, Quarter, Month, Day, DayofWeek, WeekofMonth, WeekofYear)
VALUES ('20220614', '14/06/2022', '2022', '2', '6', '14', '3', '2', '25');

INSERT INTO Time
(DateID, FullDate, Year, Quarter, Month, Day, DayofWeek, WeekofMonth, WeekofYear)
VALUES ('20220615', '15/06/2022', '2022', '2', '6', '15', '4', '3', '25');

INSERT INTO Time
(DateID, FullDate, Year, Quarter, Month, Day, DayofWeek, WeekofMonth, WeekofYear)
VALUES ('20220616', '16/06/2022', '2022', '2', '6', '16', '5', '3', '25');

INSERT INTO Time
(DateID, FullDate, Year, Quarter, Month, Day, DayofWeek, WeekofMonth, WeekofYear)
VALUES ('20220617', '17/06/2022', '2022', '2', '6', '17', '6', '3', '25');

INSERT INTO Time
(DateID, FullDate, Year, Quarter, Month, Day, DayofWeek, WeekofMonth, WeekofYear)
VALUES ('20220618', '18/06/2022', '2022', '2', '6', '18', '7', '3', '25');

INSERT INTO Time
(DateID, FullDate, Year, Quarter, Month, Day, DayofWeek, WeekofMonth, WeekofYear)
VALUES ('20220619', '19/06/2022', '2022', '2', '6', '19', '1', '3', '26');

INSERT INTO Time
(DateID, FullDate, Year, Quarter, Month, Day, DayofWeek, WeekofMonth, WeekofYear)
VALUES ('20220620', '20/06/2022', '2022', '2', '6', '20', '2', '3', '26');

INSERT INTO Time
(DateID, FullDate, Year, Quarter, Month, Day, DayofWeek, WeekofMonth, WeekofYear)
VALUES ('20220621', '21/06/2022', '2022', '2', '6', '21', '3', '3', '26');

INSERT INTO Time
(DateID, FullDate, Year, Quarter, Month, Day, DayofWeek, WeekofMonth, WeekofYear)
VALUES ('20220622', '22/06/2022', '2022', '2', '6', '22', '4', '4', '26');

INSERT INTO Time
(DateID, FullDate, Year, Quarter, Month, Day, DayofWeek, WeekofMonth, WeekofYear)
VALUES ('20220623', '23/06/2022', '2022', '2', '6', '23', '5', '4', '26');

INSERT INTO Time
(DateID, FullDate, Year, Quarter, Month, Day, DayofWeek, WeekofMonth, WeekofYear)
VALUES ('20220624', '24/06/2022', '2022', '2', '6', '24', '6', '4', '26');

INSERT INTO Time
(DateID, FullDate, Year, Quarter, Month, Day, DayofWeek, WeekofMonth, WeekofYear)
VALUES ('20220625', '25/06/2022', '2022', '2', '6', '25', '7', '4', '26');

INSERT INTO Time
(DateID, FullDate, Year, Quarter, Month, Day, DayofWeek, WeekofMonth, WeekofYear)
VALUES ('20220626', '26/06/2022', '2022', '2', '6', '26', '1', '4', '27');

INSERT INTO Time
(DateID, FullDate, Year, Quarter, Month, Day, DayofWeek, WeekofMonth, WeekofYear)
VALUES ('20220627', '27/06/2022', '2022', '2', '6', '27', '2', '4', '27');

INSERT INTO Time
(DateID, FullDate, Year, Quarter, Month, Day, DayofWeek, WeekofMonth, WeekofYear)
VALUES ('20220628', '28/06/2022', '2022', '2', '6', '28', '3', '4', '27');

INSERT INTO Time
(DateID, FullDate, Year, Quarter, Month, Day, DayofWeek, WeekofMonth, WeekofYear)
VALUES ('20220629', '29/06/2022', '2022', '2', '6', '29', '4', '5', '27');

INSERT INTO Time
(DateID, FullDate, Year, Quarter, Month, Day, DayofWeek, WeekofMonth, WeekofYear)
VALUES ('20220630', '30/06/2022', '2022', '2', '6', '30', '5', '5', '27');

INSERT INTO Time
(DateID, FullDate, Year, Quarter, Month, Day, DayofWeek, WeekofMonth, WeekofYear)
VALUES ('20220701', '01/07/2022', '2022', '3', '6', '1', '6', '1', '27');

INSERT INTO Time
(DateID, FullDate, Year, Quarter, Month, Day, DayofWeek, WeekofMonth, WeekofYear)
VALUES ('20220702', '02/07/2022', '2022', '3', '7', '2', '7', '1', '27');

INSERT INTO Time
(DateID, FullDate, Year, Quarter, Month, Day, DayofWeek, WeekofMonth, WeekofYear)
VALUES ('20220703', '03/07/2022', '2022', '3', '7', '3', '1', '1', '28');

INSERT INTO Time
(DateID, FullDate, Year, Quarter, Month, Day, DayofWeek, WeekofMonth, WeekofYear)
VALUES ('20220704', '04/07/2022', '2022', '3', '7', '4', '2', '1', '28');

INSERT INTO Time
(DateID, FullDate, Year, Quarter, Month, Day, DayofWeek, WeekofMonth, WeekofYear)
VALUES ('20220705', '05/07/2022', '2022', '3', '7', '5', '3', '1', '28');

INSERT INTO Time
(DateID, FullDate, Year, Quarter, Month, Day, DayofWeek, WeekofMonth, WeekofYear)
VALUES ('20220706', '06/07/2022', '2022', '3', '7', '6', '4', '1', '28');

INSERT INTO Time
(DateID, FullDate, Year, Quarter, Month, Day, DayofWeek, WeekofMonth, WeekofYear)
VALUES ('20220707', '07/07/2022', '2022', '3', '7', '7', '5', '1', '28');

INSERT INTO Time
(DateID, FullDate, Year, Quarter, Month, Day, DayofWeek, WeekofMonth, WeekofYear)
VALUES ('20220708', '08/07/2022', '2022', '3', '7', '8', '6', '2', '28');

INSERT INTO Time
(DateID, FullDate, Year, Quarter, Month, Day, DayofWeek, WeekofMonth, WeekofYear)
VALUES ('20220709', '09/07/2022', '2022', '3', '7', '9', '7', '2', '28');

INSERT INTO Time
(DateID, FullDate, Year, Quarter, Month, Day, DayofWeek, WeekofMonth, WeekofYear)
VALUES ('20220710', '10/07/2022', '2022', '3', '7', '10', '1', '2', '29');

INSERT INTO Time
(DateID, FullDate, Year, Quarter, Month, Day, DayofWeek, WeekofMonth, WeekofYear)
VALUES ('20220711', '11/07/2022', '2022', '3', '7', '11', '2', '2', '29');

INSERT INTO Time
(DateID, FullDate, Year, Quarter, Month, Day, DayofWeek, WeekofMonth, WeekofYear)
VALUES ('20220712', '12/07/2022', '2022', '3', '7', '12', '3', '2', '29');

INSERT INTO Time
(DateID, FullDate, Year, Quarter, Month, Day, DayofWeek, WeekofMonth, WeekofYear)
VALUES ('20220713', '13/07/2022', '2022', '3', '7', '13', '4', '2', '29');

INSERT INTO Time
(DateID, FullDate, Year, Quarter, Month, Day, DayofWeek, WeekofMonth, WeekofYear)
VALUES ('20220714', '14/07/2022', '2022', '3', '7', '14', '5', '2', '29');

INSERT INTO Time
(DateID, FullDate, Year, Quarter, Month, Day, DayofWeek, WeekofMonth, WeekofYear)
VALUES ('20220715', '15/07/2022', '2022', '3', '7', '15', '6', '3', '29');

INSERT INTO Time
(DateID, FullDate, Year, Quarter, Month, Day, DayofWeek, WeekofMonth, WeekofYear)
VALUES ('20220716', '16/07/2022', '2022', '3', '7', '16', '7', '3', '29');

INSERT INTO Time
(DateID, FullDate, Year, Quarter, Month, Day, DayofWeek, WeekofMonth, WeekofYear)
VALUES ('20220717', '17/07/2022', '2022', '3', '7', '17', '1', '3', '30');

INSERT INTO Time
(DateID, FullDate, Year, Quarter, Month, Day, DayofWeek, WeekofMonth, WeekofYear)
VALUES ('20220718', '18/07/2022', '2022', '3', '7', '18', '2', '3', '30');

INSERT INTO Time
(DateID, FullDate, Year, Quarter, Month, Day, DayofWeek, WeekofMonth, WeekofYear)
VALUES ('20220719', '19/07/2022', '2022', '3', '7', '19', '3', '3', '30');

INSERT INTO Time
(DateID, FullDate, Year, Quarter, Month, Day, DayofWeek, WeekofMonth, WeekofYear)
VALUES ('20220720', '20/07/2022', '2022', '3', '7', '20', '4', '3', '30');

INSERT INTO Time
(DateID, FullDate, Year, Quarter, Month, Day, DayofWeek, WeekofMonth, WeekofYear)
VALUES ('20220721', '21/07/2022', '2022', '3', '7', '21', '5', '3', '30');

INSERT INTO Time
(DateID, FullDate, Year, Quarter, Month, Day, DayofWeek, WeekofMonth, WeekofYear)
VALUES ('20220722', '22/07/2022', '2022', '3', '7', '22', '6', '4', '30');

INSERT INTO Time
(DateID, FullDate, Year, Quarter, Month, Day, DayofWeek, WeekofMonth, WeekofYear)
VALUES ('20220723', '23/07/2022', '2022', '3', '7', '23', '7', '4', '30');

INSERT INTO Time
(DateID, FullDate, Year, Quarter, Month, Day, DayofWeek, WeekofMonth, WeekofYear)
VALUES ('20220724', '24/07/2022', '2022', '3', '7', '24', '1', '4', '31');

INSERT INTO Time
(DateID, FullDate, Year, Quarter, Month, Day, DayofWeek, WeekofMonth, WeekofYear)
VALUES ('20220725', '25/07/2022', '2022', '3', '7', '25', '2', '4', '31');

INSERT INTO Time
(DateID, FullDate, Year, Quarter, Month, Day, DayofWeek, WeekofMonth, WeekofYear)
VALUES ('20220726', '26/07/2022', '2022', '3', '7', '26', '3', '4', '31');

INSERT INTO Time
(DateID, FullDate, Year, Quarter, Month, Day, DayofWeek, WeekofMonth, WeekofYear)
VALUES ('20220727', '27/07/2022', '2022', '3', '7', '27', '4', '4', '31');

INSERT INTO Time
(DateID, FullDate, Year, Quarter, Month, Day, DayofWeek, WeekofMonth, WeekofYear)
VALUES ('20220728', '28/07/2022', '2022', '3', '7', '28', '5', '4', '31');

INSERT INTO Time
(DateID, FullDate, Year, Quarter, Month, Day, DayofWeek, WeekofMonth, WeekofYear)
VALUES ('20220729', '29/07/2022', '2022', '3', '7', '29', '6', '5', '31');

INSERT INTO Time
(DateID, FullDate, Year, Quarter, Month, Day, DayofWeek, WeekofMonth, WeekofYear)
VALUES ('20220730', '30/07/2022', '2022', '3', '7', '30', '7', '5', '31');

INSERT INTO Time
(DateID, FullDate, Year, Quarter, Month, Day, DayofWeek, WeekofMonth, WeekofYear)
VALUES ('20220731', '31/07/2022', '2022', '3', '7', '31', '1', '5', '32');

INSERT INTO Time
(DateID, FullDate, Year, Quarter, Month, Day, DayofWeek, WeekofMonth, WeekofYear)
VALUES ('20220801', '01/08/2022', '2022', '3', '7', '1', '2', '1', '32');

INSERT INTO Time
(DateID, FullDate, Year, Quarter, Month, Day, DayofWeek, WeekofMonth, WeekofYear)
VALUES ('20220802', '02/08/2022', '2022', '3', '8', '2', '3', '1', '32');

INSERT INTO Time
(DateID, FullDate, Year, Quarter, Month, Day, DayofWeek, WeekofMonth, WeekofYear)
VALUES ('20220803', '03/08/2022', '2022', '3', '8', '3', '4', '1', '32');

INSERT INTO Time
(DateID, FullDate, Year, Quarter, Month, Day, DayofWeek, WeekofMonth, WeekofYear)
VALUES ('20220804', '04/08/2022', '2022', '3', '8', '4', '5', '1', '32');

INSERT INTO Time
(DateID, FullDate, Year, Quarter, Month, Day, DayofWeek, WeekofMonth, WeekofYear)
VALUES ('20220805', '05/08/2022', '2022', '3', '8', '5', '6', '1', '32');

INSERT INTO Time
(DateID, FullDate, Year, Quarter, Month, Day, DayofWeek, WeekofMonth, WeekofYear)
VALUES ('20220806', '06/08/2022', '2022', '3', '8', '6', '7', '1', '32');

INSERT INTO Time
(DateID, FullDate, Year, Quarter, Month, Day, DayofWeek, WeekofMonth, WeekofYear)
VALUES ('20220807', '07/08/2022', '2022', '3', '8', '7', '1', '1', '33');

INSERT INTO Time
(DateID, FullDate, Year, Quarter, Month, Day, DayofWeek, WeekofMonth, WeekofYear)
VALUES ('20220808', '08/08/2022', '2022', '3', '8', '8', '2', '2', '33');

INSERT INTO Time
(DateID, FullDate, Year, Quarter, Month, Day, DayofWeek, WeekofMonth, WeekofYear)
VALUES ('20220809', '09/08/2022', '2022', '3', '8', '9', '3', '2', '33');

INSERT INTO Time
(DateID, FullDate, Year, Quarter, Month, Day, DayofWeek, WeekofMonth, WeekofYear)
VALUES ('20220810', '10/08/2022', '2022', '3', '8', '10', '4', '2', '33');

INSERT INTO Time
(DateID, FullDate, Year, Quarter, Month, Day, DayofWeek, WeekofMonth, WeekofYear)
VALUES ('20220811', '11/08/2022', '2022', '3', '8', '11', '5', '2', '33');

INSERT INTO Time
(DateID, FullDate, Year, Quarter, Month, Day, DayofWeek, WeekofMonth, WeekofYear)
VALUES ('20220812', '12/08/2022', '2022', '3', '8', '12', '6', '2', '33');

INSERT INTO Time
(DateID, FullDate, Year, Quarter, Month, Day, DayofWeek, WeekofMonth, WeekofYear)
VALUES ('20220813', '13/08/2022', '2022', '3', '8', '13', '7', '2', '33');

INSERT INTO Time
(DateID, FullDate, Year, Quarter, Month, Day, DayofWeek, WeekofMonth, WeekofYear)
VALUES ('20220814', '14/08/2022', '2022', '3', '8', '14', '1', '2', '34');

INSERT INTO Time
(DateID, FullDate, Year, Quarter, Month, Day, DayofWeek, WeekofMonth, WeekofYear)
VALUES ('20220815', '15/08/2022', '2022', '3', '8', '15', '2', '3', '34');

INSERT INTO Time
(DateID, FullDate, Year, Quarter, Month, Day, DayofWeek, WeekofMonth, WeekofYear)
VALUES ('20220816', '16/08/2022', '2022', '3', '8', '16', '3', '3', '34');

INSERT INTO Time
(DateID, FullDate, Year, Quarter, Month, Day, DayofWeek, WeekofMonth, WeekofYear)
VALUES ('20220817', '17/08/2022', '2022', '3', '8', '17', '4', '3', '34');

INSERT INTO Time
(DateID, FullDate, Year, Quarter, Month, Day, DayofWeek, WeekofMonth, WeekofYear)
VALUES ('20220818', '18/08/2022', '2022', '3', '8', '18', '5', '3', '34');

INSERT INTO Time
(DateID, FullDate, Year, Quarter, Month, Day, DayofWeek, WeekofMonth, WeekofYear)
VALUES ('20220819', '19/08/2022', '2022', '3', '8', '19', '6', '3', '34');

INSERT INTO Time
(DateID, FullDate, Year, Quarter, Month, Day, DayofWeek, WeekofMonth, WeekofYear)
VALUES ('20220820', '20/08/2022', '2022', '3', '8', '20', '7', '3', '34');

INSERT INTO Time
(DateID, FullDate, Year, Quarter, Month, Day, DayofWeek, WeekofMonth, WeekofYear)
VALUES ('20220821', '21/08/2022', '2022', '3', '8', '21', '1', '3', '35');

INSERT INTO Time
(DateID, FullDate, Year, Quarter, Month, Day, DayofWeek, WeekofMonth, WeekofYear)
VALUES ('20220822', '22/08/2022', '2022', '3', '8', '22', '2', '4', '35');

INSERT INTO Time
(DateID, FullDate, Year, Quarter, Month, Day, DayofWeek, WeekofMonth, WeekofYear)
VALUES ('20220823', '23/08/2022', '2022', '3', '8', '23', '3', '4', '35');

INSERT INTO Time
(DateID, FullDate, Year, Quarter, Month, Day, DayofWeek, WeekofMonth, WeekofYear)
VALUES ('20220824', '24/08/2022', '2022', '3', '8', '24', '4', '4', '35');

INSERT INTO Time
(DateID, FullDate, Year, Quarter, Month, Day, DayofWeek, WeekofMonth, WeekofYear)
VALUES ('20220825', '25/08/2022', '2022', '3', '8', '25', '5', '4', '35');

INSERT INTO Time
(DateID, FullDate, Year, Quarter, Month, Day, DayofWeek, WeekofMonth, WeekofYear)
VALUES ('20220826', '26/08/2022', '2022', '3', '8', '26', '6', '4', '35');

INSERT INTO Time
(DateID, FullDate, Year, Quarter, Month, Day, DayofWeek, WeekofMonth, WeekofYear)
VALUES ('20220827', '27/08/2022', '2022', '3', '8', '27', '7', '4', '35');

INSERT INTO Time
(DateID, FullDate, Year, Quarter, Month, Day, DayofWeek, WeekofMonth, WeekofYear)
VALUES ('20220828', '28/08/2022', '2022', '3', '8', '28', '1', '4', '36');

INSERT INTO Time
(DateID, FullDate, Year, Quarter, Month, Day, DayofWeek, WeekofMonth, WeekofYear)
VALUES ('20220829', '29/08/2022', '2022', '3', '8', '29', '2', '5', '36');

INSERT INTO Time
(DateID, FullDate, Year, Quarter, Month, Day, DayofWeek, WeekofMonth, WeekofYear)
VALUES ('20220830', '30/08/2022', '2022', '3', '8', '30', '3', '5', '36');

INSERT INTO Time
(DateID, FullDate, Year, Quarter, Month, Day, DayofWeek, WeekofMonth, WeekofYear)
VALUES ('20220831', '31/08/2022', '2022', '3', '8', '31', '4', '5', '36');

INSERT INTO Time
(DateID, FullDate, Year, Quarter, Month, Day, DayofWeek, WeekofMonth, WeekofYear)
VALUES ('20220901', '01/09/2022', '2022', '3', '8', '1', '5', '1', '36');

INSERT INTO Time
(DateID, FullDate, Year, Quarter, Month, Day, DayofWeek, WeekofMonth, WeekofYear)
VALUES ('20220902', '02/09/2022', '2022', '3', '9', '2', '6', '1', '36');

INSERT INTO Time
(DateID, FullDate, Year, Quarter, Month, Day, DayofWeek, WeekofMonth, WeekofYear)
VALUES ('20220903', '03/09/2022', '2022', '3', '9', '3', '7', '1', '36');

INSERT INTO Time
(DateID, FullDate, Year, Quarter, Month, Day, DayofWeek, WeekofMonth, WeekofYear)
VALUES ('20220904', '04/09/2022', '2022', '3', '9', '4', '1', '1', '37');

INSERT INTO Time
(DateID, FullDate, Year, Quarter, Month, Day, DayofWeek, WeekofMonth, WeekofYear)
VALUES ('20220905', '05/09/2022', '2022', '3', '9', '5', '2', '1', '37');

INSERT INTO Time
(DateID, FullDate, Year, Quarter, Month, Day, DayofWeek, WeekofMonth, WeekofYear)
VALUES ('20220906', '06/09/2022', '2022', '3', '9', '6', '3', '1', '37');

INSERT INTO Time
(DateID, FullDate, Year, Quarter, Month, Day, DayofWeek, WeekofMonth, WeekofYear)
VALUES ('20220907', '07/09/2022', '2022', '3', '9', '7', '4', '1', '37');

INSERT INTO Time
(DateID, FullDate, Year, Quarter, Month, Day, DayofWeek, WeekofMonth, WeekofYear)
VALUES ('20220908', '08/09/2022', '2022', '3', '9', '8', '5', '2', '37');

INSERT INTO Time
(DateID, FullDate, Year, Quarter, Month, Day, DayofWeek, WeekofMonth, WeekofYear)
VALUES ('20220909', '09/09/2022', '2022', '3', '9', '9', '6', '2', '37');

INSERT INTO Time
(DateID, FullDate, Year, Quarter, Month, Day, DayofWeek, WeekofMonth, WeekofYear)
VALUES ('20220910', '10/09/2022', '2022', '3', '9', '10', '7', '2', '37');

INSERT INTO Time
(DateID, FullDate, Year, Quarter, Month, Day, DayofWeek, WeekofMonth, WeekofYear)
VALUES ('20220911', '11/09/2022', '2022', '3', '9', '11', '1', '2', '38');

INSERT INTO Time
(DateID, FullDate, Year, Quarter, Month, Day, DayofWeek, WeekofMonth, WeekofYear)
VALUES ('20220912', '12/09/2022', '2022', '3', '9', '12', '2', '2', '38');

INSERT INTO Time
(DateID, FullDate, Year, Quarter, Month, Day, DayofWeek, WeekofMonth, WeekofYear)
VALUES ('20220913', '13/09/2022', '2022', '3', '9', '13', '3', '2', '38');

INSERT INTO Time
(DateID, FullDate, Year, Quarter, Month, Day, DayofWeek, WeekofMonth, WeekofYear)
VALUES ('20220914', '14/09/2022', '2022', '3', '9', '14', '4', '2', '38');

INSERT INTO Time
(DateID, FullDate, Year, Quarter, Month, Day, DayofWeek, WeekofMonth, WeekofYear)
VALUES ('20220915', '15/09/2022', '2022', '3', '9', '15', '5', '3', '38');

INSERT INTO Time
(DateID, FullDate, Year, Quarter, Month, Day, DayofWeek, WeekofMonth, WeekofYear)
VALUES ('20220916', '16/09/2022', '2022', '3', '9', '16', '6', '3', '38');

INSERT INTO Time
(DateID, FullDate, Year, Quarter, Month, Day, DayofWeek, WeekofMonth, WeekofYear)
VALUES ('20220917', '17/09/2022', '2022', '3', '9', '17', '7', '3', '38');

INSERT INTO Time
(DateID, FullDate, Year, Quarter, Month, Day, DayofWeek, WeekofMonth, WeekofYear)
VALUES ('20220918', '18/09/2022', '2022', '3', '9', '18', '1', '3', '39');

INSERT INTO Time
(DateID, FullDate, Year, Quarter, Month, Day, DayofWeek, WeekofMonth, WeekofYear)
VALUES ('20220919', '19/09/2022', '2022', '3', '9', '19', '2', '3', '39');

INSERT INTO Time
(DateID, FullDate, Year, Quarter, Month, Day, DayofWeek, WeekofMonth, WeekofYear)
VALUES ('20220920', '20/09/2022', '2022', '3', '9', '20', '3', '3', '39');

INSERT INTO Time
(DateID, FullDate, Year, Quarter, Month, Day, DayofWeek, WeekofMonth, WeekofYear)
VALUES ('20220921', '21/09/2022', '2022', '3', '9', '21', '4', '3', '39');

INSERT INTO Time
(DateID, FullDate, Year, Quarter, Month, Day, DayofWeek, WeekofMonth, WeekofYear)
VALUES ('20220922', '22/09/2022', '2022', '3', '9', '22', '5', '4', '39');

INSERT INTO Time
(DateID, FullDate, Year, Quarter, Month, Day, DayofWeek, WeekofMonth, WeekofYear)
VALUES ('20220923', '23/09/2022', '2022', '3', '9', '23', '6', '4', '39');

INSERT INTO Time
(DateID, FullDate, Year, Quarter, Month, Day, DayofWeek, WeekofMonth, WeekofYear)
VALUES ('20220924', '24/09/2022', '2022', '3', '9', '24', '7', '4', '39');

INSERT INTO Time
(DateID, FullDate, Year, Quarter, Month, Day, DayofWeek, WeekofMonth, WeekofYear)
VALUES ('20220925', '25/09/2022', '2022', '3', '9', '25', '1', '4', '40');

INSERT INTO Time
(DateID, FullDate, Year, Quarter, Month, Day, DayofWeek, WeekofMonth, WeekofYear)
VALUES ('20220926', '26/09/2022', '2022', '3', '9', '26', '2', '4', '40');

INSERT INTO Time
(DateID, FullDate, Year, Quarter, Month, Day, DayofWeek, WeekofMonth, WeekofYear)
VALUES ('20220927', '27/09/2022', '2022', '3', '9', '27', '3', '4', '40');

INSERT INTO Time
(DateID, FullDate, Year, Quarter, Month, Day, DayofWeek, WeekofMonth, WeekofYear)
VALUES ('20220928', '28/09/2022', '2022', '3', '9', '28', '4', '4', '40');

INSERT INTO Time
(DateID, FullDate, Year, Quarter, Month, Day, DayofWeek, WeekofMonth, WeekofYear)
VALUES ('20220929', '29/09/2022', '2022', '3', '9', '29', '5', '5', '40');

INSERT INTO Time
(DateID, FullDate, Year, Quarter, Month, Day, DayofWeek, WeekofMonth, WeekofYear)
VALUES ('20220930', '30/09/2022', '2022', '3', '9', '30', '6', '5', '40');

INSERT INTO Time
(DateID, FullDate, Year, Quarter, Month, Day, DayofWeek, WeekofMonth, WeekofYear)
VALUES ('20221001', '01/10/2022', '2022', '4', '9', '1', '7', '1', '40');

INSERT INTO Time
(DateID, FullDate, Year, Quarter, Month, Day, DayofWeek, WeekofMonth, WeekofYear)
VALUES ('20221002', '02/10/2022', '2022', '4', '9', '2', '1', '1', '41');

INSERT INTO Time
(DateID, FullDate, Year, Quarter, Month, Day, DayofWeek, WeekofMonth, WeekofYear)
VALUES ('20221003', '03/10/2022', '2022', '4', '10', '3', '2', '1', '41');

INSERT INTO Time
(DateID, FullDate, Year, Quarter, Month, Day, DayofWeek, WeekofMonth, WeekofYear)
VALUES ('20221004', '04/10/2022', '2022', '4', '10', '4', '3', '1', '41');

INSERT INTO Time
(DateID, FullDate, Year, Quarter, Month, Day, DayofWeek, WeekofMonth, WeekofYear)
VALUES ('20221005', '05/10/2022', '2022', '4', '10', '5', '4', '1', '41');

INSERT INTO Time
(DateID, FullDate, Year, Quarter, Month, Day, DayofWeek, WeekofMonth, WeekofYear)
VALUES ('20221006', '06/10/2022', '2022', '4', '10', '6', '5', '1', '41');

INSERT INTO Time
(DateID, FullDate, Year, Quarter, Month, Day, DayofWeek, WeekofMonth, WeekofYear)
VALUES ('20221007', '07/10/2022', '2022', '4', '10', '7', '6', '1', '41');

INSERT INTO Time
(DateID, FullDate, Year, Quarter, Month, Day, DayofWeek, WeekofMonth, WeekofYear)
VALUES ('20221008', '08/10/2022', '2022', '4', '10', '8', '7', '2', '41');

INSERT INTO Time
(DateID, FullDate, Year, Quarter, Month, Day, DayofWeek, WeekofMonth, WeekofYear)
VALUES ('20221009', '09/10/2022', '2022', '4', '10', '9', '1', '2', '42');

INSERT INTO Time
(DateID, FullDate, Year, Quarter, Month, Day, DayofWeek, WeekofMonth, WeekofYear)
VALUES ('20221010', '10/10/2022', '2022', '4', '10', '10', '2', '2', '42');

INSERT INTO Time
(DateID, FullDate, Year, Quarter, Month, Day, DayofWeek, WeekofMonth, WeekofYear)
VALUES ('20221011', '11/10/2022', '2022', '4', '10', '11', '3', '2', '42');

INSERT INTO Time
(DateID, FullDate, Year, Quarter, Month, Day, DayofWeek, WeekofMonth, WeekofYear)
VALUES ('20221012', '12/10/2022', '2022', '4', '10', '12', '4', '2', '42');

INSERT INTO Time
(DateID, FullDate, Year, Quarter, Month, Day, DayofWeek, WeekofMonth, WeekofYear)
VALUES ('20221013', '13/10/2022', '2022', '4', '10', '13', '5', '2', '42');

INSERT INTO Time
(DateID, FullDate, Year, Quarter, Month, Day, DayofWeek, WeekofMonth, WeekofYear)
VALUES ('20221014', '14/10/2022', '2022', '4', '10', '14', '6', '2', '42');

INSERT INTO Time
(DateID, FullDate, Year, Quarter, Month, Day, DayofWeek, WeekofMonth, WeekofYear)
VALUES ('20221015', '15/10/2022', '2022', '4', '10', '15', '7', '3', '42');

INSERT INTO Time
(DateID, FullDate, Year, Quarter, Month, Day, DayofWeek, WeekofMonth, WeekofYear)
VALUES ('20221016', '16/10/2022', '2022', '4', '10', '16', '1', '3', '43');

INSERT INTO Time
(DateID, FullDate, Year, Quarter, Month, Day, DayofWeek, WeekofMonth, WeekofYear)
VALUES ('20221017', '17/10/2022', '2022', '4', '10', '17', '2', '3', '43');

INSERT INTO Time
(DateID, FullDate, Year, Quarter, Month, Day, DayofWeek, WeekofMonth, WeekofYear)
VALUES ('20221018', '18/10/2022', '2022', '4', '10', '18', '3', '3', '43');

INSERT INTO Time
(DateID, FullDate, Year, Quarter, Month, Day, DayofWeek, WeekofMonth, WeekofYear)
VALUES ('20221019', '19/10/2022', '2022', '4', '10', '19', '4', '3', '43');

INSERT INTO Time
(DateID, FullDate, Year, Quarter, Month, Day, DayofWeek, WeekofMonth, WeekofYear)
VALUES ('20221020', '20/10/2022', '2022', '4', '10', '20', '5', '3', '43');

INSERT INTO Time
(DateID, FullDate, Year, Quarter, Month, Day, DayofWeek, WeekofMonth, WeekofYear)
VALUES ('20221021', '21/10/2022', '2022', '4', '10', '21', '6', '3', '43');

INSERT INTO Time
(DateID, FullDate, Year, Quarter, Month, Day, DayofWeek, WeekofMonth, WeekofYear)
VALUES ('20221022', '22/10/2022', '2022', '4', '10', '22', '7', '4', '43');

INSERT INTO Time
(DateID, FullDate, Year, Quarter, Month, Day, DayofWeek, WeekofMonth, WeekofYear)
VALUES ('20221023', '23/10/2022', '2022', '4', '10', '23', '1', '4', '44');

INSERT INTO Time
(DateID, FullDate, Year, Quarter, Month, Day, DayofWeek, WeekofMonth, WeekofYear)
VALUES ('20221024', '24/10/2022', '2022', '4', '10', '24', '2', '4', '44');

INSERT INTO Time
(DateID, FullDate, Year, Quarter, Month, Day, DayofWeek, WeekofMonth, WeekofYear)
VALUES ('20221025', '25/10/2022', '2022', '4', '10', '25', '3', '4', '44');

INSERT INTO Time
(DateID, FullDate, Year, Quarter, Month, Day, DayofWeek, WeekofMonth, WeekofYear)
VALUES ('20221026', '26/10/2022', '2022', '4', '10', '26', '4', '4', '44');

INSERT INTO Time
(DateID, FullDate, Year, Quarter, Month, Day, DayofWeek, WeekofMonth, WeekofYear)
VALUES ('20221027', '27/10/2022', '2022', '4', '10', '27', '5', '4', '44');

INSERT INTO Time
(DateID, FullDate, Year, Quarter, Month, Day, DayofWeek, WeekofMonth, WeekofYear)
VALUES ('20221028', '28/10/2022', '2022', '4', '10', '28', '6', '4', '44');

INSERT INTO Time
(DateID, FullDate, Year, Quarter, Month, Day, DayofWeek, WeekofMonth, WeekofYear)
VALUES ('20221029', '29/10/2022', '2022', '4', '10', '29', '7', '5', '44');

INSERT INTO Time
(DateID, FullDate, Year, Quarter, Month, Day, DayofWeek, WeekofMonth, WeekofYear)
VALUES ('20221030', '30/10/2022', '2022', '4', '10', '30', '1', '5', '45');

INSERT INTO Time
(DateID, FullDate, Year, Quarter, Month, Day, DayofWeek, WeekofMonth, WeekofYear)
VALUES ('20221031', '31/10/2022', '2022', '4', '10', '31', '2', '5', '45');

INSERT INTO Time
(DateID, FullDate, Year, Quarter, Month, Day, DayofWeek, WeekofMonth, WeekofYear)
VALUES ('20221101', '01/11/2022', '2022', '4', '10', '1', '3', '1', '45');

INSERT INTO Time
(DateID, FullDate, Year, Quarter, Month, Day, DayofWeek, WeekofMonth, WeekofYear)
VALUES ('20221102', '02/11/2022', '2022', '4', '10', '2', '4', '1', '45');

INSERT INTO Time
(DateID, FullDate, Year, Quarter, Month, Day, DayofWeek, WeekofMonth, WeekofYear)
VALUES ('20221103', '03/11/2022', '2022', '4', '11', '3', '5', '1', '45');

INSERT INTO Time
(DateID, FullDate, Year, Quarter, Month, Day, DayofWeek, WeekofMonth, WeekofYear)
VALUES ('20221104', '04/11/2022', '2022', '4', '11', '4', '6', '1', '45');

INSERT INTO Time
(DateID, FullDate, Year, Quarter, Month, Day, DayofWeek, WeekofMonth, WeekofYear)
VALUES ('20221105', '05/11/2022', '2022', '4', '11', '5', '7', '1', '45');

INSERT INTO Time
(DateID, FullDate, Year, Quarter, Month, Day, DayofWeek, WeekofMonth, WeekofYear)
VALUES ('20221106', '06/11/2022', '2022', '4', '11', '6', '1', '1', '46');

INSERT INTO Time
(DateID, FullDate, Year, Quarter, Month, Day, DayofWeek, WeekofMonth, WeekofYear)
VALUES ('20221107', '07/11/2022', '2022', '4', '11', '7', '2', '1', '46');

INSERT INTO Time
(DateID, FullDate, Year, Quarter, Month, Day, DayofWeek, WeekofMonth, WeekofYear)
VALUES ('20221108', '08/11/2022', '2022', '4', '11', '8', '3', '2', '46');

INSERT INTO Time
(DateID, FullDate, Year, Quarter, Month, Day, DayofWeek, WeekofMonth, WeekofYear)
VALUES ('20221109', '09/11/2022', '2022', '4', '11', '9', '4', '2', '46');

INSERT INTO Time
(DateID, FullDate, Year, Quarter, Month, Day, DayofWeek, WeekofMonth, WeekofYear)
VALUES ('20221110', '10/11/2022', '2022', '4', '11', '10', '5', '2', '46');

INSERT INTO Time
(DateID, FullDate, Year, Quarter, Month, Day, DayofWeek, WeekofMonth, WeekofYear)
VALUES ('20221111', '11/11/2022', '2022', '4', '11', '11', '6', '2', '46');

INSERT INTO Time
(DateID, FullDate, Year, Quarter, Month, Day, DayofWeek, WeekofMonth, WeekofYear)
VALUES ('20221112', '12/11/2022', '2022', '4', '11', '12', '7', '2', '46');

INSERT INTO Time
(DateID, FullDate, Year, Quarter, Month, Day, DayofWeek, WeekofMonth, WeekofYear)
VALUES ('20221113', '13/11/2022', '2022', '4', '11', '13', '1', '2', '47');

INSERT INTO Time
(DateID, FullDate, Year, Quarter, Month, Day, DayofWeek, WeekofMonth, WeekofYear)
VALUES ('20221114', '14/11/2022', '2022', '4', '11', '14', '2', '2', '47');

INSERT INTO Time
(DateID, FullDate, Year, Quarter, Month, Day, DayofWeek, WeekofMonth, WeekofYear)
VALUES ('20221115', '15/11/2022', '2022', '4', '11', '15', '3', '3', '47');

INSERT INTO Time
(DateID, FullDate, Year, Quarter, Month, Day, DayofWeek, WeekofMonth, WeekofYear)
VALUES ('20221116', '16/11/2022', '2022', '4', '11', '16', '4', '3', '47');

INSERT INTO Time
(DateID, FullDate, Year, Quarter, Month, Day, DayofWeek, WeekofMonth, WeekofYear)
VALUES ('20221117', '17/11/2022', '2022', '4', '11', '17', '5', '3', '47');

INSERT INTO Time
(DateID, FullDate, Year, Quarter, Month, Day, DayofWeek, WeekofMonth, WeekofYear)
VALUES ('20221118', '18/11/2022', '2022', '4', '11', '18', '6', '3', '47');

INSERT INTO Time
(DateID, FullDate, Year, Quarter, Month, Day, DayofWeek, WeekofMonth, WeekofYear)
VALUES ('20221119', '19/11/2022', '2022', '4', '11', '19', '7', '3', '47');

INSERT INTO Time
(DateID, FullDate, Year, Quarter, Month, Day, DayofWeek, WeekofMonth, WeekofYear)
VALUES ('20221120', '20/11/2022', '2022', '4', '11', '20', '1', '3', '48');

INSERT INTO Time
(DateID, FullDate, Year, Quarter, Month, Day, DayofWeek, WeekofMonth, WeekofYear)
VALUES ('20221121', '21/11/2022', '2022', '4', '11', '21', '2', '3', '48');

INSERT INTO Time
(DateID, FullDate, Year, Quarter, Month, Day, DayofWeek, WeekofMonth, WeekofYear)
VALUES ('20221122', '22/11/2022', '2022', '4', '11', '22', '3', '4', '48');

INSERT INTO Time
(DateID, FullDate, Year, Quarter, Month, Day, DayofWeek, WeekofMonth, WeekofYear)
VALUES ('20221123', '23/11/2022', '2022', '4', '11', '23', '4', '4', '48');

INSERT INTO Time
(DateID, FullDate, Year, Quarter, Month, Day, DayofWeek, WeekofMonth, WeekofYear)
VALUES ('20221124', '24/11/2022', '2022', '4', '11', '24', '5', '4', '48');

INSERT INTO Time
(DateID, FullDate, Year, Quarter, Month, Day, DayofWeek, WeekofMonth, WeekofYear)
VALUES ('20221125', '25/11/2022', '2022', '4', '11', '25', '6', '4', '48');

INSERT INTO Time
(DateID, FullDate, Year, Quarter, Month, Day, DayofWeek, WeekofMonth, WeekofYear)
VALUES ('20221126', '26/11/2022', '2022', '4', '11', '26', '7', '4', '48');

INSERT INTO Time
(DateID, FullDate, Year, Quarter, Month, Day, DayofWeek, WeekofMonth, WeekofYear)
VALUES ('20221127', '27/11/2022', '2022', '4', '11', '27', '1', '4', '49');

INSERT INTO Time
(DateID, FullDate, Year, Quarter, Month, Day, DayofWeek, WeekofMonth, WeekofYear)
VALUES ('20221128', '28/11/2022', '2022', '4', '11', '28', '2', '4', '49');

INSERT INTO Time
(DateID, FullDate, Year, Quarter, Month, Day, DayofWeek, WeekofMonth, WeekofYear)
VALUES ('20221129', '29/11/2022', '2022', '4', '11', '29', '3', '5', '49');

INSERT INTO Time
(DateID, FullDate, Year, Quarter, Month, Day, DayofWeek, WeekofMonth, WeekofYear)
VALUES ('20221130', '30/11/2022', '2022', '4', '11', '30', '4', '5', '49');

INSERT INTO Time
(DateID, FullDate, Year, Quarter, Month, Day, DayofWeek, WeekofMonth, WeekofYear)
VALUES ('20221201', '01/12/2022', '2022', '4', '11', '1', '5', '1', '49');

INSERT INTO Time
(DateID, FullDate, Year, Quarter, Month, Day, DayofWeek, WeekofMonth, WeekofYear)
VALUES ('20221202', '02/12/2022', '2022', '4', '11', '2', '6', '1', '49');

INSERT INTO Time
(DateID, FullDate, Year, Quarter, Month, Day, DayofWeek, WeekofMonth, WeekofYear)
VALUES ('20221203', '03/12/2022', '2022', '4', '12', '3', '7', '1', '49');

INSERT INTO Time
(DateID, FullDate, Year, Quarter, Month, Day, DayofWeek, WeekofMonth, WeekofYear)
VALUES ('20221204', '04/12/2022', '2022', '4', '12', '4', '1', '1', '50');

INSERT INTO Time
(DateID, FullDate, Year, Quarter, Month, Day, DayofWeek, WeekofMonth, WeekofYear)
VALUES ('20221205', '05/12/2022', '2022', '4', '12', '5', '2', '1', '50');

INSERT INTO Time
(DateID, FullDate, Year, Quarter, Month, Day, DayofWeek, WeekofMonth, WeekofYear)
VALUES ('20221206', '06/12/2022', '2022', '4', '12', '6', '3', '1', '50');

INSERT INTO Time
(DateID, FullDate, Year, Quarter, Month, Day, DayofWeek, WeekofMonth, WeekofYear)
VALUES ('20221207', '07/12/2022', '2022', '4', '12', '7', '4', '1', '50');

INSERT INTO Time
(DateID, FullDate, Year, Quarter, Month, Day, DayofWeek, WeekofMonth, WeekofYear)
VALUES ('20221208', '08/12/2022', '2022', '4', '12', '8', '5', '2', '50');

INSERT INTO Time
(DateID, FullDate, Year, Quarter, Month, Day, DayofWeek, WeekofMonth, WeekofYear)
VALUES ('20221209', '09/12/2022', '2022', '4', '12', '9', '6', '2', '50');

INSERT INTO Time
(DateID, FullDate, Year, Quarter, Month, Day, DayofWeek, WeekofMonth, WeekofYear)
VALUES ('20221210', '10/12/2022', '2022', '4', '12', '10', '7', '2', '50');

INSERT INTO Time
(DateID, FullDate, Year, Quarter, Month, Day, DayofWeek, WeekofMonth, WeekofYear)
VALUES ('20221211', '11/12/2022', '2022', '4', '12', '11', '1', '2', '51');

INSERT INTO Time
(DateID, FullDate, Year, Quarter, Month, Day, DayofWeek, WeekofMonth, WeekofYear)
VALUES ('20221212', '12/12/2022', '2022', '4', '12', '12', '2', '2', '51');

INSERT INTO Time
(DateID, FullDate, Year, Quarter, Month, Day, DayofWeek, WeekofMonth, WeekofYear)
VALUES ('20221213', '13/12/2022', '2022', '4', '12', '13', '3', '2', '51');

INSERT INTO Time
(DateID, FullDate, Year, Quarter, Month, Day, DayofWeek, WeekofMonth, WeekofYear)
VALUES ('20221214', '14/12/2022', '2022', '4', '12', '14', '4', '2', '51');

INSERT INTO Time
(DateID, FullDate, Year, Quarter, Month, Day, DayofWeek, WeekofMonth, WeekofYear)
VALUES ('20221215', '15/12/2022', '2022', '4', '12', '15', '5', '3', '51');

INSERT INTO Time
(DateID, FullDate, Year, Quarter, Month, Day, DayofWeek, WeekofMonth, WeekofYear)
VALUES ('20221216', '16/12/2022', '2022', '4', '12', '16', '6', '3', '51');

INSERT INTO Time
(DateID, FullDate, Year, Quarter, Month, Day, DayofWeek, WeekofMonth, WeekofYear)
VALUES ('20221217', '17/12/2022', '2022', '4', '12', '17', '7', '3', '51');

INSERT INTO Time
(DateID, FullDate, Year, Quarter, Month, Day, DayofWeek, WeekofMonth, WeekofYear)
VALUES ('20221218', '18/12/2022', '2022', '4', '12', '18', '1', '3', '52');

INSERT INTO Time
(DateID, FullDate, Year, Quarter, Month, Day, DayofWeek, WeekofMonth, WeekofYear)
VALUES ('20221219', '19/12/2022', '2022', '4', '12', '19', '2', '3', '52');

INSERT INTO Time
(DateID, FullDate, Year, Quarter, Month, Day, DayofWeek, WeekofMonth, WeekofYear)
VALUES ('20221220', '20/12/2022', '2022', '4', '12', '20', '3', '3', '52');

INSERT INTO Time
(DateID, FullDate, Year, Quarter, Month, Day, DayofWeek, WeekofMonth, WeekofYear)
VALUES ('20221221', '21/12/2022', '2022', '4', '12', '21', '4', '3', '52');

INSERT INTO Time
(DateID, FullDate, Year, Quarter, Month, Day, DayofWeek, WeekofMonth, WeekofYear)
VALUES ('20221222', '22/12/2022', '2022', '4', '12', '22', '5', '4', '52');

INSERT INTO Time
(DateID, FullDate, Year, Quarter, Month, Day, DayofWeek, WeekofMonth, WeekofYear)
VALUES ('20221223', '23/12/2022', '2022', '4', '12', '23', '6', '4', '52');

INSERT INTO Time
(DateID, FullDate, Year, Quarter, Month, Day, DayofWeek, WeekofMonth, WeekofYear)
VALUES ('20221224', '24/12/2022', '2022', '4', '12', '24', '7', '4', '52');

INSERT INTO Time
(DateID, FullDate, Year, Quarter, Month, Day, DayofWeek, WeekofMonth, WeekofYear)
VALUES ('20221225', '25/12/2022', '2022', '4', '12', '25', '1', '4', '53');

INSERT INTO Time
(DateID, FullDate, Year, Quarter, Month, Day, DayofWeek, WeekofMonth, WeekofYear)
VALUES ('20221226', '26/12/2022', '2022', '4', '12', '26', '2', '4', '53');

INSERT INTO Time
(DateID, FullDate, Year, Quarter, Month, Day, DayofWeek, WeekofMonth, WeekofYear)
VALUES ('20221227', '27/12/2022', '2022', '4', '12', '27', '3', '4', '53');

INSERT INTO Time
(DateID, FullDate, Year, Quarter, Month, Day, DayofWeek, WeekofMonth, WeekofYear)
VALUES ('20221228', '28/12/2022', '2022', '4', '12', '28', '4', '4', '53');

INSERT INTO Time
(DateID, FullDate, Year, Quarter, Month, Day, DayofWeek, WeekofMonth, WeekofYear)
VALUES ('20221229', '29/12/2022', '2022', '4', '12', '29', '5', '5', '53');

INSERT INTO Time
(DateID, FullDate, Year, Quarter, Month, Day, DayofWeek, WeekofMonth, WeekofYear)
VALUES ('20221230', '30/12/2022', '2022', '4', '12', '30', '6', '5', '53');

INSERT INTO Time
(DateID, FullDate, Year, Quarter, Month, Day, DayofWeek, WeekofMonth, WeekofYear)
VALUES ('20221231', '31/12/2022', '2022', '4', '12', '31', '7', '5', '53');

INSERT INTO Time
(DateID, FullDate, Year, Quarter, Month, Day, DayofWeek, WeekofMonth, WeekofYear)
VALUES ('20230101', '01/01/2023', '2022', '1', '12', '1', '1', '1', '1');

INSERT INTO Time
(DateID, FullDate, Year, Quarter, Month, Day, DayofWeek, WeekofMonth, WeekofYear)
VALUES ('20230102', '02/01/2023', '2022', '1', '12', '2', '2', '1', '1');

INSERT INTO Time
(DateID, FullDate, Year, Quarter, Month, Day, DayofWeek, WeekofMonth, WeekofYear)
VALUES ('20230103', '03/01/2023', '2023', '1', '1', '3', '3', '1', '1');

INSERT INTO Time
(DateID, FullDate, Year, Quarter, Month, Day, DayofWeek, WeekofMonth, WeekofYear)
VALUES ('20230104', '04/01/2023', '2023', '1', '1', '4', '4', '1', '1');

INSERT INTO Time
(DateID, FullDate, Year, Quarter, Month, Day, DayofWeek, WeekofMonth, WeekofYear)
VALUES ('20230105', '05/01/2023', '2023', '1', '1', '5', '5', '1', '1');

INSERT INTO Time
(DateID, FullDate, Year, Quarter, Month, Day, DayofWeek, WeekofMonth, WeekofYear)
VALUES ('20230106', '06/01/2023', '2023', '1', '1', '6', '6', '1', '1');

INSERT INTO Time
(DateID, FullDate, Year, Quarter, Month, Day, DayofWeek, WeekofMonth, WeekofYear)
VALUES ('20230107', '07/01/2023', '2023', '1', '1', '7', '7', '1', '1');

INSERT INTO Time
(DateID, FullDate, Year, Quarter, Month, Day, DayofWeek, WeekofMonth, WeekofYear)
VALUES ('20230108', '08/01/2023', '2023', '1', '1', '8', '1', '2', '2');

INSERT INTO Time
(DateID, FullDate, Year, Quarter, Month, Day, DayofWeek, WeekofMonth, WeekofYear)
VALUES ('20230109', '09/01/2023', '2023', '1', '1', '9', '2', '2', '2');

INSERT INTO Time
(DateID, FullDate, Year, Quarter, Month, Day, DayofWeek, WeekofMonth, WeekofYear)
VALUES ('20230110', '10/01/2023', '2023', '1', '1', '10', '3', '2', '2');

INSERT INTO Time
(DateID, FullDate, Year, Quarter, Month, Day, DayofWeek, WeekofMonth, WeekofYear)
VALUES ('20230111', '11/01/2023', '2023', '1', '1', '11', '4', '2', '2');

INSERT INTO Time
(DateID, FullDate, Year, Quarter, Month, Day, DayofWeek, WeekofMonth, WeekofYear)
VALUES ('20230112', '12/01/2023', '2023', '1', '1', '12', '5', '2', '2');

INSERT INTO Time
(DateID, FullDate, Year, Quarter, Month, Day, DayofWeek, WeekofMonth, WeekofYear)
VALUES ('20230113', '13/01/2023', '2023', '1', '1', '13', '6', '2', '2');

INSERT INTO Time
(DateID, FullDate, Year, Quarter, Month, Day, DayofWeek, WeekofMonth, WeekofYear)
VALUES ('20230114', '14/01/2023', '2023', '1', '1', '14', '7', '2', '2');

INSERT INTO Time
(DateID, FullDate, Year, Quarter, Month, Day, DayofWeek, WeekofMonth, WeekofYear)
VALUES ('20230115', '15/01/2023', '2023', '1', '1', '15', '1', '3', '3');

INSERT INTO Time
(DateID, FullDate, Year, Quarter, Month, Day, DayofWeek, WeekofMonth, WeekofYear)
VALUES ('20230116', '16/01/2023', '2023', '1', '1', '16', '2', '3', '3');

INSERT INTO Time
(DateID, FullDate, Year, Quarter, Month, Day, DayofWeek, WeekofMonth, WeekofYear)
VALUES ('20230117', '17/01/2023', '2023', '1', '1', '17', '3', '3', '3');

INSERT INTO Time
(DateID, FullDate, Year, Quarter, Month, Day, DayofWeek, WeekofMonth, WeekofYear)
VALUES ('20230118', '18/01/2023', '2023', '1', '1', '18', '4', '3', '3');

INSERT INTO Time
(DateID, FullDate, Year, Quarter, Month, Day, DayofWeek, WeekofMonth, WeekofYear)
VALUES ('20230119', '19/01/2023', '2023', '1', '1', '19', '5', '3', '3');

INSERT INTO Time
(DateID, FullDate, Year, Quarter, Month, Day, DayofWeek, WeekofMonth, WeekofYear)
VALUES ('20230120', '20/01/2023', '2023', '1', '1', '20', '6', '3', '3');

INSERT INTO Time
(DateID, FullDate, Year, Quarter, Month, Day, DayofWeek, WeekofMonth, WeekofYear)
VALUES ('20230121', '21/01/2023', '2023', '1', '1', '21', '7', '3', '3');

INSERT INTO Time
(DateID, FullDate, Year, Quarter, Month, Day, DayofWeek, WeekofMonth, WeekofYear)
VALUES ('20230122', '22/01/2023', '2023', '1', '1', '22', '1', '4', '4');

INSERT INTO Time
(DateID, FullDate, Year, Quarter, Month, Day, DayofWeek, WeekofMonth, WeekofYear)
VALUES ('20230123', '23/01/2023', '2023', '1', '1', '23', '2', '4', '4');

INSERT INTO Time
(DateID, FullDate, Year, Quarter, Month, Day, DayofWeek, WeekofMonth, WeekofYear)
VALUES ('20230124', '24/01/2023', '2023', '1', '1', '24', '3', '4', '4');

INSERT INTO Time
(DateID, FullDate, Year, Quarter, Month, Day, DayofWeek, WeekofMonth, WeekofYear)
VALUES ('20230125', '25/01/2023', '2023', '1', '1', '25', '4', '4', '4');

INSERT INTO Time
(DateID, FullDate, Year, Quarter, Month, Day, DayofWeek, WeekofMonth, WeekofYear)
VALUES ('20230126', '26/01/2023', '2023', '1', '1', '26', '5', '4', '4');

INSERT INTO Time
(DateID, FullDate, Year, Quarter, Month, Day, DayofWeek, WeekofMonth, WeekofYear)
VALUES ('20230127', '27/01/2023', '2023', '1', '1', '27', '6', '4', '4');

INSERT INTO Time
(DateID, FullDate, Year, Quarter, Month, Day, DayofWeek, WeekofMonth, WeekofYear)
VALUES ('20230128', '28/01/2023', '2023', '1', '1', '28', '7', '4', '4');

INSERT INTO Time
(DateID, FullDate, Year, Quarter, Month, Day, DayofWeek, WeekofMonth, WeekofYear)
VALUES ('20230129', '29/01/2023', '2023', '1', '1', '29', '1', '5', '5');

INSERT INTO Time
(DateID, FullDate, Year, Quarter, Month, Day, DayofWeek, WeekofMonth, WeekofYear)
VALUES ('20230130', '30/01/2023', '2023', '1', '1', '30', '2', '5', '5');

INSERT INTO Time
(DateID, FullDate, Year, Quarter, Month, Day, DayofWeek, WeekofMonth, WeekofYear)
VALUES ('20230131', '31/01/2023', '2023', '1', '1', '31', '3', '5', '5');

INSERT INTO Time
(DateID, FullDate, Year, Quarter, Month, Day, DayofWeek, WeekofMonth, WeekofYear)
VALUES ('20230201', '01/02/2023', '2023', '1', '1', '1', '4', '1', '5');

INSERT INTO Time
(DateID, FullDate, Year, Quarter, Month, Day, DayofWeek, WeekofMonth, WeekofYear)
VALUES ('20230202', '02/02/2023', '2023', '1', '1', '2', '5', '1', '5');

INSERT INTO Time
(DateID, FullDate, Year, Quarter, Month, Day, DayofWeek, WeekofMonth, WeekofYear)
VALUES ('20230203', '03/02/2023', '2023', '1', '2', '3', '6', '1', '5');

INSERT INTO Time
(DateID, FullDate, Year, Quarter, Month, Day, DayofWeek, WeekofMonth, WeekofYear)
VALUES ('20230204', '04/02/2023', '2023', '1', '2', '4', '7', '1', '5');

INSERT INTO Time
(DateID, FullDate, Year, Quarter, Month, Day, DayofWeek, WeekofMonth, WeekofYear)
VALUES ('20230205', '05/02/2023', '2023', '1', '2', '5', '1', '1', '6');

INSERT INTO Time
(DateID, FullDate, Year, Quarter, Month, Day, DayofWeek, WeekofMonth, WeekofYear)
VALUES ('20230206', '06/02/2023', '2023', '1', '2', '6', '2', '1', '6');

INSERT INTO Time
(DateID, FullDate, Year, Quarter, Month, Day, DayofWeek, WeekofMonth, WeekofYear)
VALUES ('20230207', '07/02/2023', '2023', '1', '2', '7', '3', '1', '6');

INSERT INTO Time
(DateID, FullDate, Year, Quarter, Month, Day, DayofWeek, WeekofMonth, WeekofYear)
VALUES ('20230208', '08/02/2023', '2023', '1', '2', '8', '4', '2', '6');

INSERT INTO Time
(DateID, FullDate, Year, Quarter, Month, Day, DayofWeek, WeekofMonth, WeekofYear)
VALUES ('20230209', '09/02/2023', '2023', '1', '2', '9', '5', '2', '6');

INSERT INTO Time
(DateID, FullDate, Year, Quarter, Month, Day, DayofWeek, WeekofMonth, WeekofYear)
VALUES ('20230210', '10/02/2023', '2023', '1', '2', '10', '6', '2', '6');

INSERT INTO Time
(DateID, FullDate, Year, Quarter, Month, Day, DayofWeek, WeekofMonth, WeekofYear)
VALUES ('20230211', '11/02/2023', '2023', '1', '2', '11', '7', '2', '6');

INSERT INTO Time
(DateID, FullDate, Year, Quarter, Month, Day, DayofWeek, WeekofMonth, WeekofYear)
VALUES ('20230212', '12/02/2023', '2023', '1', '2', '12', '1', '2', '7');

INSERT INTO Time
(DateID, FullDate, Year, Quarter, Month, Day, DayofWeek, WeekofMonth, WeekofYear)
VALUES ('20230213', '13/02/2023', '2023', '1', '2', '13', '2', '2', '7');

INSERT INTO Time
(DateID, FullDate, Year, Quarter, Month, Day, DayofWeek, WeekofMonth, WeekofYear)
VALUES ('20230214', '14/02/2023', '2023', '1', '2', '14', '3', '2', '7');

INSERT INTO Time
(DateID, FullDate, Year, Quarter, Month, Day, DayofWeek, WeekofMonth, WeekofYear)
VALUES ('20230215', '15/02/2023', '2023', '1', '2', '15', '4', '3', '7');

INSERT INTO Time
(DateID, FullDate, Year, Quarter, Month, Day, DayofWeek, WeekofMonth, WeekofYear)
VALUES ('20230216', '16/02/2023', '2023', '1', '2', '16', '5', '3', '7');

INSERT INTO Time
(DateID, FullDate, Year, Quarter, Month, Day, DayofWeek, WeekofMonth, WeekofYear)
VALUES ('20230217', '17/02/2023', '2023', '1', '2', '17', '6', '3', '7');

INSERT INTO Time
(DateID, FullDate, Year, Quarter, Month, Day, DayofWeek, WeekofMonth, WeekofYear)
VALUES ('20230218', '18/02/2023', '2023', '1', '2', '18', '7', '3', '7');

INSERT INTO Time
(DateID, FullDate, Year, Quarter, Month, Day, DayofWeek, WeekofMonth, WeekofYear)
VALUES ('20230219', '19/02/2023', '2023', '1', '2', '19', '1', '3', '8');

INSERT INTO Time
(DateID, FullDate, Year, Quarter, Month, Day, DayofWeek, WeekofMonth, WeekofYear)
VALUES ('20230220', '20/02/2023', '2023', '1', '2', '20', '2', '3', '8');

INSERT INTO Time
(DateID, FullDate, Year, Quarter, Month, Day, DayofWeek, WeekofMonth, WeekofYear)
VALUES ('20230221', '21/02/2023', '2023', '1', '2', '21', '3', '3', '8');

INSERT INTO Time
(DateID, FullDate, Year, Quarter, Month, Day, DayofWeek, WeekofMonth, WeekofYear)
VALUES ('20230222', '22/02/2023', '2023', '1', '2', '22', '4', '4', '8');

INSERT INTO Time
(DateID, FullDate, Year, Quarter, Month, Day, DayofWeek, WeekofMonth, WeekofYear)
VALUES ('20230223', '23/02/2023', '2023', '1', '2', '23', '5', '4', '8');

INSERT INTO Time
(DateID, FullDate, Year, Quarter, Month, Day, DayofWeek, WeekofMonth, WeekofYear)
VALUES ('20230224', '24/02/2023', '2023', '1', '2', '24', '6', '4', '8');

INSERT INTO Time
(DateID, FullDate, Year, Quarter, Month, Day, DayofWeek, WeekofMonth, WeekofYear)
VALUES ('20230225', '25/02/2023', '2023', '1', '2', '25', '7', '4', '8');

INSERT INTO Time
(DateID, FullDate, Year, Quarter, Month, Day, DayofWeek, WeekofMonth, WeekofYear)
VALUES ('20230226', '26/02/2023', '2023', '1', '2', '26', '1', '4', '9');

INSERT INTO Time
(DateID, FullDate, Year, Quarter, Month, Day, DayofWeek, WeekofMonth, WeekofYear)
VALUES ('20230227', '27/02/2023', '2023', '1', '2', '27', '2', '4', '9');

INSERT INTO Time
(DateID, FullDate, Year, Quarter, Month, Day, DayofWeek, WeekofMonth, WeekofYear)
VALUES ('20230228', '28/02/2023', '2023', '1', '2', '28', '3', '4', '9');

INSERT INTO Time
(DateID, FullDate, Year, Quarter, Month, Day, DayofWeek, WeekofMonth, WeekofYear)
VALUES ('20230301', '01/03/2023', '2023', '1', '2', '1', '4', '1', '9');

INSERT INTO Time
(DateID, FullDate, Year, Quarter, Month, Day, DayofWeek, WeekofMonth, WeekofYear)
VALUES ('20230302', '02/03/2023', '2023', '1', '2', '2', '5', '1', '9');

INSERT INTO Time
(DateID, FullDate, Year, Quarter, Month, Day, DayofWeek, WeekofMonth, WeekofYear)
VALUES ('20230303', '03/03/2023', '2023', '1', '3', '3', '6', '1', '9');

INSERT INTO Time
(DateID, FullDate, Year, Quarter, Month, Day, DayofWeek, WeekofMonth, WeekofYear)
VALUES ('20230304', '04/03/2023', '2023', '1', '3', '4', '7', '1', '9');

INSERT INTO Time
(DateID, FullDate, Year, Quarter, Month, Day, DayofWeek, WeekofMonth, WeekofYear)
VALUES ('20230305', '05/03/2023', '2023', '1', '3', '5', '1', '1', '10');

INSERT INTO Time
(DateID, FullDate, Year, Quarter, Month, Day, DayofWeek, WeekofMonth, WeekofYear)
VALUES ('20230306', '06/03/2023', '2023', '1', '3', '6', '2', '1', '10');

INSERT INTO Time
(DateID, FullDate, Year, Quarter, Month, Day, DayofWeek, WeekofMonth, WeekofYear)
VALUES ('20230307', '07/03/2023', '2023', '1', '3', '7', '3', '1', '10');

INSERT INTO Time
(DateID, FullDate, Year, Quarter, Month, Day, DayofWeek, WeekofMonth, WeekofYear)
VALUES ('20230308', '08/03/2023', '2023', '1', '3', '8', '4', '2', '10');

INSERT INTO Time
(DateID, FullDate, Year, Quarter, Month, Day, DayofWeek, WeekofMonth, WeekofYear)
VALUES ('20230309', '09/03/2023', '2023', '1', '3', '9', '5', '2', '10');

INSERT INTO Time
(DateID, FullDate, Year, Quarter, Month, Day, DayofWeek, WeekofMonth, WeekofYear)
VALUES ('20230310', '10/03/2023', '2023', '1', '3', '10', '6', '2', '10');

INSERT INTO Time
(DateID, FullDate, Year, Quarter, Month, Day, DayofWeek, WeekofMonth, WeekofYear)
VALUES ('20230311', '11/03/2023', '2023', '1', '3', '11', '7', '2', '10');

INSERT INTO Time
(DateID, FullDate, Year, Quarter, Month, Day, DayofWeek, WeekofMonth, WeekofYear)
VALUES ('20230312', '12/03/2023', '2023', '1', '3', '12', '1', '2', '11');

INSERT INTO Time
(DateID, FullDate, Year, Quarter, Month, Day, DayofWeek, WeekofMonth, WeekofYear)
VALUES ('20230313', '13/03/2023', '2023', '1', '3', '13', '2', '2', '11');

INSERT INTO Time
(DateID, FullDate, Year, Quarter, Month, Day, DayofWeek, WeekofMonth, WeekofYear)
VALUES ('20230314', '14/03/2023', '2023', '1', '3', '14', '3', '2', '11');

INSERT INTO Time
(DateID, FullDate, Year, Quarter, Month, Day, DayofWeek, WeekofMonth, WeekofYear)
VALUES ('20230315', '15/03/2023', '2023', '1', '3', '15', '4', '3', '11');

INSERT INTO Time
(DateID, FullDate, Year, Quarter, Month, Day, DayofWeek, WeekofMonth, WeekofYear)
VALUES ('20230316', '16/03/2023', '2023', '1', '3', '16', '5', '3', '11');

INSERT INTO Time
(DateID, FullDate, Year, Quarter, Month, Day, DayofWeek, WeekofMonth, WeekofYear)
VALUES ('20230317', '17/03/2023', '2023', '1', '3', '17', '6', '3', '11');

INSERT INTO Time
(DateID, FullDate, Year, Quarter, Month, Day, DayofWeek, WeekofMonth, WeekofYear)
VALUES ('20230318', '18/03/2023', '2023', '1', '3', '18', '7', '3', '11');

INSERT INTO Time
(DateID, FullDate, Year, Quarter, Month, Day, DayofWeek, WeekofMonth, WeekofYear)
VALUES ('20230319', '19/03/2023', '2023', '1', '3', '19', '1', '3', '12');

INSERT INTO Time
(DateID, FullDate, Year, Quarter, Month, Day, DayofWeek, WeekofMonth, WeekofYear)
VALUES ('20230320', '20/03/2023', '2023', '1', '3', '20', '2', '3', '12');

INSERT INTO Time
(DateID, FullDate, Year, Quarter, Month, Day, DayofWeek, WeekofMonth, WeekofYear)
VALUES ('20230321', '21/03/2023', '2023', '1', '3', '21', '3', '3', '12');

INSERT INTO Time
(DateID, FullDate, Year, Quarter, Month, Day, DayofWeek, WeekofMonth, WeekofYear)
VALUES ('20230322', '22/03/2023', '2023', '1', '3', '22', '4', '4', '12');

INSERT INTO Time
(DateID, FullDate, Year, Quarter, Month, Day, DayofWeek, WeekofMonth, WeekofYear)
VALUES ('20230323', '23/03/2023', '2023', '1', '3', '23', '5', '4', '12');

INSERT INTO Time
(DateID, FullDate, Year, Quarter, Month, Day, DayofWeek, WeekofMonth, WeekofYear)
VALUES ('20230324', '24/03/2023', '2023', '1', '3', '24', '6', '4', '12');

INSERT INTO Time
(DateID, FullDate, Year, Quarter, Month, Day, DayofWeek, WeekofMonth, WeekofYear)
VALUES ('20230325', '25/03/2023', '2023', '1', '3', '25', '7', '4', '12');

INSERT INTO Time
(DateID, FullDate, Year, Quarter, Month, Day, DayofWeek, WeekofMonth, WeekofYear)
VALUES ('20230326', '26/03/2023', '2023', '1', '3', '26', '1', '4', '13');

INSERT INTO Time
(DateID, FullDate, Year, Quarter, Month, Day, DayofWeek, WeekofMonth, WeekofYear)
VALUES ('20230327', '27/03/2023', '2023', '1', '3', '27', '2', '4', '13');

INSERT INTO Time
(DateID, FullDate, Year, Quarter, Month, Day, DayofWeek, WeekofMonth, WeekofYear)
VALUES ('20230328', '28/03/2023', '2023', '1', '3', '28', '3', '4', '13');

INSERT INTO Time
(DateID, FullDate, Year, Quarter, Month, Day, DayofWeek, WeekofMonth, WeekofYear)
VALUES ('20230329', '29/03/2023', '2023', '1', '3', '29', '4', '5', '13');

INSERT INTO Time
(DateID, FullDate, Year, Quarter, Month, Day, DayofWeek, WeekofMonth, WeekofYear)
VALUES ('20230330', '30/03/2023', '2023', '1', '3', '30', '5', '5', '13');

INSERT INTO Time
(DateID, FullDate, Year, Quarter, Month, Day, DayofWeek, WeekofMonth, WeekofYear)
VALUES ('20230331', '31/03/2023', '2023', '1', '3', '31', '6', '5', '13');

INSERT INTO Time
(DateID, FullDate, Year, Quarter, Month, Day, DayofWeek, WeekofMonth, WeekofYear)
VALUES ('20230401', '01/04/2023', '2023', '2', '3', '1', '7', '1', '13');

INSERT INTO Time
(DateID, FullDate, Year, Quarter, Month, Day, DayofWeek, WeekofMonth, WeekofYear)
VALUES ('20230402', '02/04/2023', '2023', '2', '3', '2', '1', '1', '14');

INSERT INTO Time
(DateID, FullDate, Year, Quarter, Month, Day, DayofWeek, WeekofMonth, WeekofYear)
VALUES ('20230403', '03/04/2023', '2023', '2', '4', '3', '2', '1', '14');

INSERT INTO Time
(DateID, FullDate, Year, Quarter, Month, Day, DayofWeek, WeekofMonth, WeekofYear)
VALUES ('20230404', '04/04/2023', '2023', '2', '4', '4', '3', '1', '14');

INSERT INTO Time
(DateID, FullDate, Year, Quarter, Month, Day, DayofWeek, WeekofMonth, WeekofYear)
VALUES ('20230405', '05/04/2023', '2023', '2', '4', '5', '4', '1', '14');

INSERT INTO Time
(DateID, FullDate, Year, Quarter, Month, Day, DayofWeek, WeekofMonth, WeekofYear)
VALUES ('20230406', '06/04/2023', '2023', '2', '4', '6', '5', '1', '14');

INSERT INTO Time
(DateID, FullDate, Year, Quarter, Month, Day, DayofWeek, WeekofMonth, WeekofYear)
VALUES ('20230407', '07/04/2023', '2023', '2', '4', '7', '6', '1', '14');

INSERT INTO Time
(DateID, FullDate, Year, Quarter, Month, Day, DayofWeek, WeekofMonth, WeekofYear)
VALUES ('20230408', '08/04/2023', '2023', '2', '4', '8', '7', '2', '14');

INSERT INTO Time
(DateID, FullDate, Year, Quarter, Month, Day, DayofWeek, WeekofMonth, WeekofYear)
VALUES ('20230409', '09/04/2023', '2023', '2', '4', '9', '1', '2', '15');

INSERT INTO Time
(DateID, FullDate, Year, Quarter, Month, Day, DayofWeek, WeekofMonth, WeekofYear)
VALUES ('20230410', '10/04/2023', '2023', '2', '4', '10', '2', '2', '15');

INSERT INTO Time
(DateID, FullDate, Year, Quarter, Month, Day, DayofWeek, WeekofMonth, WeekofYear)
VALUES ('20230411', '11/04/2023', '2023', '2', '4', '11', '3', '2', '15');

INSERT INTO Time
(DateID, FullDate, Year, Quarter, Month, Day, DayofWeek, WeekofMonth, WeekofYear)
VALUES ('20230412', '12/04/2023', '2023', '2', '4', '12', '4', '2', '15');

INSERT INTO Time
(DateID, FullDate, Year, Quarter, Month, Day, DayofWeek, WeekofMonth, WeekofYear)
VALUES ('20230413', '13/04/2023', '2023', '2', '4', '13', '5', '2', '15');

INSERT INTO Time
(DateID, FullDate, Year, Quarter, Month, Day, DayofWeek, WeekofMonth, WeekofYear)
VALUES ('20230414', '14/04/2023', '2023', '2', '4', '14', '6', '2', '15');

INSERT INTO Time
(DateID, FullDate, Year, Quarter, Month, Day, DayofWeek, WeekofMonth, WeekofYear)
VALUES ('20230415', '15/04/2023', '2023', '2', '4', '15', '7', '3', '15');

INSERT INTO Time
(DateID, FullDate, Year, Quarter, Month, Day, DayofWeek, WeekofMonth, WeekofYear)
VALUES ('20230416', '16/04/2023', '2023', '2', '4', '16', '1', '3', '16');

INSERT INTO Time
(DateID, FullDate, Year, Quarter, Month, Day, DayofWeek, WeekofMonth, WeekofYear)
VALUES ('20230417', '17/04/2023', '2023', '2', '4', '17', '2', '3', '16');

INSERT INTO Time
(DateID, FullDate, Year, Quarter, Month, Day, DayofWeek, WeekofMonth, WeekofYear)
VALUES ('20230418', '18/04/2023', '2023', '2', '4', '18', '3', '3', '16');

INSERT INTO Time
(DateID, FullDate, Year, Quarter, Month, Day, DayofWeek, WeekofMonth, WeekofYear)
VALUES ('20230419', '19/04/2023', '2023', '2', '4', '19', '4', '3', '16');

INSERT INTO Time
(DateID, FullDate, Year, Quarter, Month, Day, DayofWeek, WeekofMonth, WeekofYear)
VALUES ('20230420', '20/04/2023', '2023', '2', '4', '20', '5', '3', '16');

INSERT INTO Time
(DateID, FullDate, Year, Quarter, Month, Day, DayofWeek, WeekofMonth, WeekofYear)
VALUES ('20230421', '21/04/2023', '2023', '2', '4', '21', '6', '3', '16');

INSERT INTO Time
(DateID, FullDate, Year, Quarter, Month, Day, DayofWeek, WeekofMonth, WeekofYear)
VALUES ('20230422', '22/04/2023', '2023', '2', '4', '22', '7', '4', '16');

INSERT INTO Time
(DateID, FullDate, Year, Quarter, Month, Day, DayofWeek, WeekofMonth, WeekofYear)
VALUES ('20230423', '23/04/2023', '2023', '2', '4', '23', '1', '4', '17');

INSERT INTO Time
(DateID, FullDate, Year, Quarter, Month, Day, DayofWeek, WeekofMonth, WeekofYear)
VALUES ('20230424', '24/04/2023', '2023', '2', '4', '24', '2', '4', '17');

INSERT INTO Time
(DateID, FullDate, Year, Quarter, Month, Day, DayofWeek, WeekofMonth, WeekofYear)
VALUES ('20230425', '25/04/2023', '2023', '2', '4', '25', '3', '4', '17');

INSERT INTO Time
(DateID, FullDate, Year, Quarter, Month, Day, DayofWeek, WeekofMonth, WeekofYear)
VALUES ('20230426', '26/04/2023', '2023', '2', '4', '26', '4', '4', '17');

INSERT INTO Time
(DateID, FullDate, Year, Quarter, Month, Day, DayofWeek, WeekofMonth, WeekofYear)
VALUES ('20230427', '27/04/2023', '2023', '2', '4', '27', '5', '4', '17');

INSERT INTO Time
(DateID, FullDate, Year, Quarter, Month, Day, DayofWeek, WeekofMonth, WeekofYear)
VALUES ('20230428', '28/04/2023', '2023', '2', '4', '28', '6', '4', '17');

INSERT INTO Time
(DateID, FullDate, Year, Quarter, Month, Day, DayofWeek, WeekofMonth, WeekofYear)
VALUES ('20230429', '29/04/2023', '2023', '2', '4', '29', '7', '5', '17');

INSERT INTO Time
(DateID, FullDate, Year, Quarter, Month, Day, DayofWeek, WeekofMonth, WeekofYear)
VALUES ('20230430', '30/04/2023', '2023', '2', '4', '30', '1', '5', '18');

INSERT INTO Time
(DateID, FullDate, Year, Quarter, Month, Day, DayofWeek, WeekofMonth, WeekofYear)
VALUES ('20230501', '01/05/2023', '2023', '2', '4', '1', '2', '1', '18');

INSERT INTO Time
(DateID, FullDate, Year, Quarter, Month, Day, DayofWeek, WeekofMonth, WeekofYear)
VALUES ('20230502', '02/05/2023', '2023', '2', '4', '2', '3', '1', '18');

INSERT INTO Time
(DateID, FullDate, Year, Quarter, Month, Day, DayofWeek, WeekofMonth, WeekofYear)
VALUES ('20230503', '03/05/2023', '2023', '2', '5', '3', '4', '1', '18');

INSERT INTO Time
(DateID, FullDate, Year, Quarter, Month, Day, DayofWeek, WeekofMonth, WeekofYear)
VALUES ('20230504', '04/05/2023', '2023', '2', '5', '4', '5', '1', '18');

INSERT INTO Time
(DateID, FullDate, Year, Quarter, Month, Day, DayofWeek, WeekofMonth, WeekofYear)
VALUES ('20230505', '05/05/2023', '2023', '2', '5', '5', '6', '1', '18');

INSERT INTO Time
(DateID, FullDate, Year, Quarter, Month, Day, DayofWeek, WeekofMonth, WeekofYear)
VALUES ('20230506', '06/05/2023', '2023', '2', '5', '6', '7', '1', '18');

INSERT INTO Time
(DateID, FullDate, Year, Quarter, Month, Day, DayofWeek, WeekofMonth, WeekofYear)
VALUES ('20230507', '07/05/2023', '2023', '2', '5', '7', '1', '1', '19');

INSERT INTO Time
(DateID, FullDate, Year, Quarter, Month, Day, DayofWeek, WeekofMonth, WeekofYear)
VALUES ('20230508', '08/05/2023', '2023', '2', '5', '8', '2', '2', '19');

INSERT INTO Time
(DateID, FullDate, Year, Quarter, Month, Day, DayofWeek, WeekofMonth, WeekofYear)
VALUES ('20230509', '09/05/2023', '2023', '2', '5', '9', '3', '2', '19');

INSERT INTO Time
(DateID, FullDate, Year, Quarter, Month, Day, DayofWeek, WeekofMonth, WeekofYear)
VALUES ('20230510', '10/05/2023', '2023', '2', '5', '10', '4', '2', '19');

INSERT INTO Time
(DateID, FullDate, Year, Quarter, Month, Day, DayofWeek, WeekofMonth, WeekofYear)
VALUES ('20230511', '11/05/2023', '2023', '2', '5', '11', '5', '2', '19');

INSERT INTO Time
(DateID, FullDate, Year, Quarter, Month, Day, DayofWeek, WeekofMonth, WeekofYear)
VALUES ('20230512', '12/05/2023', '2023', '2', '5', '12', '6', '2', '19');

INSERT INTO Time
(DateID, FullDate, Year, Quarter, Month, Day, DayofWeek, WeekofMonth, WeekofYear)
VALUES ('20230513', '13/05/2023', '2023', '2', '5', '13', '7', '2', '19');

INSERT INTO Time
(DateID, FullDate, Year, Quarter, Month, Day, DayofWeek, WeekofMonth, WeekofYear)
VALUES ('20230514', '14/05/2023', '2023', '2', '5', '14', '1', '2', '20');

INSERT INTO Time
(DateID, FullDate, Year, Quarter, Month, Day, DayofWeek, WeekofMonth, WeekofYear)
VALUES ('20230515', '15/05/2023', '2023', '2', '5', '15', '2', '3', '20');

INSERT INTO Time
(DateID, FullDate, Year, Quarter, Month, Day, DayofWeek, WeekofMonth, WeekofYear)
VALUES ('20230516', '16/05/2023', '2023', '2', '5', '16', '3', '3', '20');

INSERT INTO Time
(DateID, FullDate, Year, Quarter, Month, Day, DayofWeek, WeekofMonth, WeekofYear)
VALUES ('20230517', '17/05/2023', '2023', '2', '5', '17', '4', '3', '20');

INSERT INTO Time
(DateID, FullDate, Year, Quarter, Month, Day, DayofWeek, WeekofMonth, WeekofYear)
VALUES ('20230518', '18/05/2023', '2023', '2', '5', '18', '5', '3', '20');

INSERT INTO Time
(DateID, FullDate, Year, Quarter, Month, Day, DayofWeek, WeekofMonth, WeekofYear)
VALUES ('20230519', '19/05/2023', '2023', '2', '5', '19', '6', '3', '20');

INSERT INTO Time
(DateID, FullDate, Year, Quarter, Month, Day, DayofWeek, WeekofMonth, WeekofYear)
VALUES ('20230520', '20/05/2023', '2023', '2', '5', '20', '7', '3', '20');

INSERT INTO Time
(DateID, FullDate, Year, Quarter, Month, Day, DayofWeek, WeekofMonth, WeekofYear)
VALUES ('20230521', '21/05/2023', '2023', '2', '5', '21', '1', '3', '21');

INSERT INTO Time
(DateID, FullDate, Year, Quarter, Month, Day, DayofWeek, WeekofMonth, WeekofYear)
VALUES ('20230522', '22/05/2023', '2023', '2', '5', '22', '2', '4', '21');

INSERT INTO Time
(DateID, FullDate, Year, Quarter, Month, Day, DayofWeek, WeekofMonth, WeekofYear)
VALUES ('20230523', '23/05/2023', '2023', '2', '5', '23', '3', '4', '21');

INSERT INTO Time
(DateID, FullDate, Year, Quarter, Month, Day, DayofWeek, WeekofMonth, WeekofYear)
VALUES ('20230524', '24/05/2023', '2023', '2', '5', '24', '4', '4', '21');

INSERT INTO Time
(DateID, FullDate, Year, Quarter, Month, Day, DayofWeek, WeekofMonth, WeekofYear)
VALUES ('20230525', '25/05/2023', '2023', '2', '5', '25', '5', '4', '21');

INSERT INTO Time
(DateID, FullDate, Year, Quarter, Month, Day, DayofWeek, WeekofMonth, WeekofYear)
VALUES ('20230526', '26/05/2023', '2023', '2', '5', '26', '6', '4', '21');

INSERT INTO Time
(DateID, FullDate, Year, Quarter, Month, Day, DayofWeek, WeekofMonth, WeekofYear)
VALUES ('20230527', '27/05/2023', '2023', '2', '5', '27', '7', '4', '21');

INSERT INTO Time
(DateID, FullDate, Year, Quarter, Month, Day, DayofWeek, WeekofMonth, WeekofYear)
VALUES ('20230528', '28/05/2023', '2023', '2', '5', '28', '1', '4', '22');

INSERT INTO Time
(DateID, FullDate, Year, Quarter, Month, Day, DayofWeek, WeekofMonth, WeekofYear)
VALUES ('20230529', '29/05/2023', '2023', '2', '5', '29', '2', '5', '22');

INSERT INTO Time
(DateID, FullDate, Year, Quarter, Month, Day, DayofWeek, WeekofMonth, WeekofYear)
VALUES ('20230530', '30/05/2023', '2023', '2', '5', '30', '3', '5', '22');

INSERT INTO Time
(DateID, FullDate, Year, Quarter, Month, Day, DayofWeek, WeekofMonth, WeekofYear)
VALUES ('20230531', '31/05/2023', '2023', '2', '5', '31', '4', '5', '22');

INSERT INTO Time
(DateID, FullDate, Year, Quarter, Month, Day, DayofWeek, WeekofMonth, WeekofYear)
VALUES ('20230601', '01/06/2023', '2023', '2', '5', '1', '5', '1', '22');

INSERT INTO Time
(DateID, FullDate, Year, Quarter, Month, Day, DayofWeek, WeekofMonth, WeekofYear)
VALUES ('20230602', '02/06/2023', '2023', '2', '5', '2', '6', '1', '22');

INSERT INTO Time
(DateID, FullDate, Year, Quarter, Month, Day, DayofWeek, WeekofMonth, WeekofYear)
VALUES ('20230603', '03/06/2023', '2023', '2', '6', '3', '7', '1', '22');

INSERT INTO Time
(DateID, FullDate, Year, Quarter, Month, Day, DayofWeek, WeekofMonth, WeekofYear)
VALUES ('20230604', '04/06/2023', '2023', '2', '6', '4', '1', '1', '23');

INSERT INTO Time
(DateID, FullDate, Year, Quarter, Month, Day, DayofWeek, WeekofMonth, WeekofYear)
VALUES ('20230605', '05/06/2023', '2023', '2', '6', '5', '2', '1', '23');

INSERT INTO Time
(DateID, FullDate, Year, Quarter, Month, Day, DayofWeek, WeekofMonth, WeekofYear)
VALUES ('20230606', '06/06/2023', '2023', '2', '6', '6', '3', '1', '23');

INSERT INTO Time
(DateID, FullDate, Year, Quarter, Month, Day, DayofWeek, WeekofMonth, WeekofYear)
VALUES ('20230607', '07/06/2023', '2023', '2', '6', '7', '4', '1', '23');

INSERT INTO Time
(DateID, FullDate, Year, Quarter, Month, Day, DayofWeek, WeekofMonth, WeekofYear)
VALUES ('20230608', '08/06/2023', '2023', '2', '6', '8', '5', '2', '23');

INSERT INTO Time
(DateID, FullDate, Year, Quarter, Month, Day, DayofWeek, WeekofMonth, WeekofYear)
VALUES ('20230609', '09/06/2023', '2023', '2', '6', '9', '6', '2', '23');

INSERT INTO Time
(DateID, FullDate, Year, Quarter, Month, Day, DayofWeek, WeekofMonth, WeekofYear)
VALUES ('20230610', '10/06/2023', '2023', '2', '6', '10', '7', '2', '23');

INSERT INTO Time
(DateID, FullDate, Year, Quarter, Month, Day, DayofWeek, WeekofMonth, WeekofYear)
VALUES ('20230611', '11/06/2023', '2023', '2', '6', '11', '1', '2', '24');

INSERT INTO Time
(DateID, FullDate, Year, Quarter, Month, Day, DayofWeek, WeekofMonth, WeekofYear)
VALUES ('20230612', '12/06/2023', '2023', '2', '6', '12', '2', '2', '24');

INSERT INTO Time
(DateID, FullDate, Year, Quarter, Month, Day, DayofWeek, WeekofMonth, WeekofYear)
VALUES ('20230613', '13/06/2023', '2023', '2', '6', '13', '3', '2', '24');

INSERT INTO Time
(DateID, FullDate, Year, Quarter, Month, Day, DayofWeek, WeekofMonth, WeekofYear)
VALUES ('20230614', '14/06/2023', '2023', '2', '6', '14', '4', '2', '24');

INSERT INTO Time
(DateID, FullDate, Year, Quarter, Month, Day, DayofWeek, WeekofMonth, WeekofYear)
VALUES ('20230615', '15/06/2023', '2023', '2', '6', '15', '5', '3', '24');

INSERT INTO Time
(DateID, FullDate, Year, Quarter, Month, Day, DayofWeek, WeekofMonth, WeekofYear)
VALUES ('20230616', '16/06/2023', '2023', '2', '6', '16', '6', '3', '24');

INSERT INTO Time
(DateID, FullDate, Year, Quarter, Month, Day, DayofWeek, WeekofMonth, WeekofYear)
VALUES ('20230617', '17/06/2023', '2023', '2', '6', '17', '7', '3', '24');

INSERT INTO Time
(DateID, FullDate, Year, Quarter, Month, Day, DayofWeek, WeekofMonth, WeekofYear)
VALUES ('20230618', '18/06/2023', '2023', '2', '6', '18', '1', '3', '25');

INSERT INTO Time
(DateID, FullDate, Year, Quarter, Month, Day, DayofWeek, WeekofMonth, WeekofYear)
VALUES ('20230619', '19/06/2023', '2023', '2', '6', '19', '2', '3', '25');

INSERT INTO Time
(DateID, FullDate, Year, Quarter, Month, Day, DayofWeek, WeekofMonth, WeekofYear)
VALUES ('20230620', '20/06/2023', '2023', '2', '6', '20', '3', '3', '25');

INSERT INTO Time
(DateID, FullDate, Year, Quarter, Month, Day, DayofWeek, WeekofMonth, WeekofYear)
VALUES ('20230621', '21/06/2023', '2023', '2', '6', '21', '4', '3', '25');

INSERT INTO Time
(DateID, FullDate, Year, Quarter, Month, Day, DayofWeek, WeekofMonth, WeekofYear)
VALUES ('20230622', '22/06/2023', '2023', '2', '6', '22', '5', '4', '25');

INSERT INTO Time
(DateID, FullDate, Year, Quarter, Month, Day, DayofWeek, WeekofMonth, WeekofYear)
VALUES ('20230623', '23/06/2023', '2023', '2', '6', '23', '6', '4', '25');

INSERT INTO Time
(DateID, FullDate, Year, Quarter, Month, Day, DayofWeek, WeekofMonth, WeekofYear)
VALUES ('20230624', '24/06/2023', '2023', '2', '6', '24', '7', '4', '25');

INSERT INTO Time
(DateID, FullDate, Year, Quarter, Month, Day, DayofWeek, WeekofMonth, WeekofYear)
VALUES ('20230625', '25/06/2023', '2023', '2', '6', '25', '1', '4', '26');

INSERT INTO Time
(DateID, FullDate, Year, Quarter, Month, Day, DayofWeek, WeekofMonth, WeekofYear)
VALUES ('20230626', '26/06/2023', '2023', '2', '6', '26', '2', '4', '26');

INSERT INTO Time
(DateID, FullDate, Year, Quarter, Month, Day, DayofWeek, WeekofMonth, WeekofYear)
VALUES ('20230627', '27/06/2023', '2023', '2', '6', '27', '3', '4', '26');

INSERT INTO Time
(DateID, FullDate, Year, Quarter, Month, Day, DayofWeek, WeekofMonth, WeekofYear)
VALUES ('20230628', '28/06/2023', '2023', '2', '6', '28', '4', '4', '26');

INSERT INTO Time
(DateID, FullDate, Year, Quarter, Month, Day, DayofWeek, WeekofMonth, WeekofYear)
VALUES ('20230629', '29/06/2023', '2023', '2', '6', '29', '5', '5', '26');

INSERT INTO Time
(DateID, FullDate, Year, Quarter, Month, Day, DayofWeek, WeekofMonth, WeekofYear)
VALUES ('20230630', '30/06/2023', '2023', '2', '6', '30', '6', '5', '26');

INSERT INTO Time
(DateID, FullDate, Year, Quarter, Month, Day, DayofWeek, WeekofMonth, WeekofYear)
VALUES ('20230701', '01/07/2023', '2023', '3', '6', '1', '7', '1', '26');

INSERT INTO Time
(DateID, FullDate, Year, Quarter, Month, Day, DayofWeek, WeekofMonth, WeekofYear)
VALUES ('20230702', '02/07/2023', '2023', '3', '6', '2', '1', '1', '27');

INSERT INTO Time
(DateID, FullDate, Year, Quarter, Month, Day, DayofWeek, WeekofMonth, WeekofYear)
VALUES ('20230703', '03/07/2023', '2023', '3', '7', '3', '2', '1', '27');

INSERT INTO Time
(DateID, FullDate, Year, Quarter, Month, Day, DayofWeek, WeekofMonth, WeekofYear)
VALUES ('20230704', '04/07/2023', '2023', '3', '7', '4', '3', '1', '27');

INSERT INTO Time
(DateID, FullDate, Year, Quarter, Month, Day, DayofWeek, WeekofMonth, WeekofYear)
VALUES ('20230705', '05/07/2023', '2023', '3', '7', '5', '4', '1', '27');

INSERT INTO Time
(DateID, FullDate, Year, Quarter, Month, Day, DayofWeek, WeekofMonth, WeekofYear)
VALUES ('20230706', '06/07/2023', '2023', '3', '7', '6', '5', '1', '27');

INSERT INTO Time
(DateID, FullDate, Year, Quarter, Month, Day, DayofWeek, WeekofMonth, WeekofYear)
VALUES ('20230707', '07/07/2023', '2023', '3', '7', '7', '6', '1', '27');

INSERT INTO Time
(DateID, FullDate, Year, Quarter, Month, Day, DayofWeek, WeekofMonth, WeekofYear)
VALUES ('20230708', '08/07/2023', '2023', '3', '7', '8', '7', '2', '27');

INSERT INTO Time
(DateID, FullDate, Year, Quarter, Month, Day, DayofWeek, WeekofMonth, WeekofYear)
VALUES ('20230709', '09/07/2023', '2023', '3', '7', '9', '1', '2', '28');

INSERT INTO Time
(DateID, FullDate, Year, Quarter, Month, Day, DayofWeek, WeekofMonth, WeekofYear)
VALUES ('20230710', '10/07/2023', '2023', '3', '7', '10', '2', '2', '28');

INSERT INTO Time
(DateID, FullDate, Year, Quarter, Month, Day, DayofWeek, WeekofMonth, WeekofYear)
VALUES ('20230711', '11/07/2023', '2023', '3', '7', '11', '3', '2', '28');

INSERT INTO Time
(DateID, FullDate, Year, Quarter, Month, Day, DayofWeek, WeekofMonth, WeekofYear)
VALUES ('20230712', '12/07/2023', '2023', '3', '7', '12', '4', '2', '28');

INSERT INTO Time
(DateID, FullDate, Year, Quarter, Month, Day, DayofWeek, WeekofMonth, WeekofYear)
VALUES ('20230713', '13/07/2023', '2023', '3', '7', '13', '5', '2', '28');

INSERT INTO Time
(DateID, FullDate, Year, Quarter, Month, Day, DayofWeek, WeekofMonth, WeekofYear)
VALUES ('20230714', '14/07/2023', '2023', '3', '7', '14', '6', '2', '28');

INSERT INTO Time
(DateID, FullDate, Year, Quarter, Month, Day, DayofWeek, WeekofMonth, WeekofYear)
VALUES ('20230715', '15/07/2023', '2023', '3', '7', '15', '7', '3', '28');

INSERT INTO Time
(DateID, FullDate, Year, Quarter, Month, Day, DayofWeek, WeekofMonth, WeekofYear)
VALUES ('20230716', '16/07/2023', '2023', '3', '7', '16', '1', '3', '29');

INSERT INTO Time
(DateID, FullDate, Year, Quarter, Month, Day, DayofWeek, WeekofMonth, WeekofYear)
VALUES ('20230717', '17/07/2023', '2023', '3', '7', '17', '2', '3', '29');

INSERT INTO Time
(DateID, FullDate, Year, Quarter, Month, Day, DayofWeek, WeekofMonth, WeekofYear)
VALUES ('20230718', '18/07/2023', '2023', '3', '7', '18', '3', '3', '29');

INSERT INTO Time
(DateID, FullDate, Year, Quarter, Month, Day, DayofWeek, WeekofMonth, WeekofYear)
VALUES ('20230719', '19/07/2023', '2023', '3', '7', '19', '4', '3', '29');

INSERT INTO Time
(DateID, FullDate, Year, Quarter, Month, Day, DayofWeek, WeekofMonth, WeekofYear)
VALUES ('20230720', '20/07/2023', '2023', '3', '7', '20', '5', '3', '29');

INSERT INTO Time
(DateID, FullDate, Year, Quarter, Month, Day, DayofWeek, WeekofMonth, WeekofYear)
VALUES ('20230721', '21/07/2023', '2023', '3', '7', '21', '6', '3', '29');

INSERT INTO Time
(DateID, FullDate, Year, Quarter, Month, Day, DayofWeek, WeekofMonth, WeekofYear)
VALUES ('20230722', '22/07/2023', '2023', '3', '7', '22', '7', '4', '29');

INSERT INTO Time
(DateID, FullDate, Year, Quarter, Month, Day, DayofWeek, WeekofMonth, WeekofYear)
VALUES ('20230723', '23/07/2023', '2023', '3', '7', '23', '1', '4', '30');

INSERT INTO Time
(DateID, FullDate, Year, Quarter, Month, Day, DayofWeek, WeekofMonth, WeekofYear)
VALUES ('20230724', '24/07/2023', '2023', '3', '7', '24', '2', '4', '30');

INSERT INTO Time
(DateID, FullDate, Year, Quarter, Month, Day, DayofWeek, WeekofMonth, WeekofYear)
VALUES ('20230725', '25/07/2023', '2023', '3', '7', '25', '3', '4', '30');

INSERT INTO Time
(DateID, FullDate, Year, Quarter, Month, Day, DayofWeek, WeekofMonth, WeekofYear)
VALUES ('20230726', '26/07/2023', '2023', '3', '7', '26', '4', '4', '30');

INSERT INTO Time
(DateID, FullDate, Year, Quarter, Month, Day, DayofWeek, WeekofMonth, WeekofYear)
VALUES ('20230727', '27/07/2023', '2023', '3', '7', '27', '5', '4', '30');

INSERT INTO Time
(DateID, FullDate, Year, Quarter, Month, Day, DayofWeek, WeekofMonth, WeekofYear)
VALUES ('20230728', '28/07/2023', '2023', '3', '7', '28', '6', '4', '30');

INSERT INTO Time
(DateID, FullDate, Year, Quarter, Month, Day, DayofWeek, WeekofMonth, WeekofYear)
VALUES ('20230729', '29/07/2023', '2023', '3', '7', '29', '7', '5', '30');

INSERT INTO Time
(DateID, FullDate, Year, Quarter, Month, Day, DayofWeek, WeekofMonth, WeekofYear)
VALUES ('20230730', '30/07/2023', '2023', '3', '7', '30', '1', '5', '31');

INSERT INTO Time
(DateID, FullDate, Year, Quarter, Month, Day, DayofWeek, WeekofMonth, WeekofYear)
VALUES ('20230731', '31/07/2023', '2023', '3', '7', '31', '2', '5', '31');

INSERT INTO Time
(DateID, FullDate, Year, Quarter, Month, Day, DayofWeek, WeekofMonth, WeekofYear)
VALUES ('20230801', '01/08/2023', '2023', '3', '7', '1', '3', '1', '31');

INSERT INTO Time
(DateID, FullDate, Year, Quarter, Month, Day, DayofWeek, WeekofMonth, WeekofYear)
VALUES ('20230802', '02/08/2023', '2023', '3', '7', '2', '4', '1', '31');

INSERT INTO Time
(DateID, FullDate, Year, Quarter, Month, Day, DayofWeek, WeekofMonth, WeekofYear)
VALUES ('20230803', '03/08/2023', '2023', '3', '8', '3', '5', '1', '31');

INSERT INTO Time
(DateID, FullDate, Year, Quarter, Month, Day, DayofWeek, WeekofMonth, WeekofYear)
VALUES ('20230804', '04/08/2023', '2023', '3', '8', '4', '6', '1', '31');

INSERT INTO Time
(DateID, FullDate, Year, Quarter, Month, Day, DayofWeek, WeekofMonth, WeekofYear)
VALUES ('20230805', '05/08/2023', '2023', '3', '8', '5', '7', '1', '31');

INSERT INTO Time
(DateID, FullDate, Year, Quarter, Month, Day, DayofWeek, WeekofMonth, WeekofYear)
VALUES ('20230806', '06/08/2023', '2023', '3', '8', '6', '1', '1', '32');

INSERT INTO Time
(DateID, FullDate, Year, Quarter, Month, Day, DayofWeek, WeekofMonth, WeekofYear)
VALUES ('20230807', '07/08/2023', '2023', '3', '8', '7', '2', '1', '32');

INSERT INTO Time
(DateID, FullDate, Year, Quarter, Month, Day, DayofWeek, WeekofMonth, WeekofYear)
VALUES ('20230808', '08/08/2023', '2023', '3', '8', '8', '3', '2', '32');

INSERT INTO Time
(DateID, FullDate, Year, Quarter, Month, Day, DayofWeek, WeekofMonth, WeekofYear)
VALUES ('20230809', '09/08/2023', '2023', '3', '8', '9', '4', '2', '32');

INSERT INTO Time
(DateID, FullDate, Year, Quarter, Month, Day, DayofWeek, WeekofMonth, WeekofYear)
VALUES ('20230810', '10/08/2023', '2023', '3', '8', '10', '5', '2', '32');

INSERT INTO Time
(DateID, FullDate, Year, Quarter, Month, Day, DayofWeek, WeekofMonth, WeekofYear)
VALUES ('20230811', '11/08/2023', '2023', '3', '8', '11', '6', '2', '32');

INSERT INTO Time
(DateID, FullDate, Year, Quarter, Month, Day, DayofWeek, WeekofMonth, WeekofYear)
VALUES ('20230812', '12/08/2023', '2023', '3', '8', '12', '7', '2', '32');

INSERT INTO Time
(DateID, FullDate, Year, Quarter, Month, Day, DayofWeek, WeekofMonth, WeekofYear)
VALUES ('20230813', '13/08/2023', '2023', '3', '8', '13', '1', '2', '33');

INSERT INTO Time
(DateID, FullDate, Year, Quarter, Month, Day, DayofWeek, WeekofMonth, WeekofYear)
VALUES ('20230814', '14/08/2023', '2023', '3', '8', '14', '2', '2', '33');

INSERT INTO Time
(DateID, FullDate, Year, Quarter, Month, Day, DayofWeek, WeekofMonth, WeekofYear)
VALUES ('20230815', '15/08/2023', '2023', '3', '8', '15', '3', '3', '33');

INSERT INTO Time
(DateID, FullDate, Year, Quarter, Month, Day, DayofWeek, WeekofMonth, WeekofYear)
VALUES ('20230816', '16/08/2023', '2023', '3', '8', '16', '4', '3', '33');

INSERT INTO Time
(DateID, FullDate, Year, Quarter, Month, Day, DayofWeek, WeekofMonth, WeekofYear)
VALUES ('20230817', '17/08/2023', '2023', '3', '8', '17', '5', '3', '33');

INSERT INTO Time
(DateID, FullDate, Year, Quarter, Month, Day, DayofWeek, WeekofMonth, WeekofYear)
VALUES ('20230818', '18/08/2023', '2023', '3', '8', '18', '6', '3', '33');

INSERT INTO Time
(DateID, FullDate, Year, Quarter, Month, Day, DayofWeek, WeekofMonth, WeekofYear)
VALUES ('20230819', '19/08/2023', '2023', '3', '8', '19', '7', '3', '33');

INSERT INTO Time
(DateID, FullDate, Year, Quarter, Month, Day, DayofWeek, WeekofMonth, WeekofYear)
VALUES ('20230820', '20/08/2023', '2023', '3', '8', '20', '1', '3', '34');

INSERT INTO Time
(DateID, FullDate, Year, Quarter, Month, Day, DayofWeek, WeekofMonth, WeekofYear)
VALUES ('20230821', '21/08/2023', '2023', '3', '8', '21', '2', '3', '34');

INSERT INTO Time
(DateID, FullDate, Year, Quarter, Month, Day, DayofWeek, WeekofMonth, WeekofYear)
VALUES ('20230822', '22/08/2023', '2023', '3', '8', '22', '3', '4', '34');

INSERT INTO Time
(DateID, FullDate, Year, Quarter, Month, Day, DayofWeek, WeekofMonth, WeekofYear)
VALUES ('20230823', '23/08/2023', '2023', '3', '8', '23', '4', '4', '34');

INSERT INTO Time
(DateID, FullDate, Year, Quarter, Month, Day, DayofWeek, WeekofMonth, WeekofYear)
VALUES ('20230824', '24/08/2023', '2023', '3', '8', '24', '5', '4', '34');

INSERT INTO Time
(DateID, FullDate, Year, Quarter, Month, Day, DayofWeek, WeekofMonth, WeekofYear)
VALUES ('20230825', '25/08/2023', '2023', '3', '8', '25', '6', '4', '34');

INSERT INTO Time
(DateID, FullDate, Year, Quarter, Month, Day, DayofWeek, WeekofMonth, WeekofYear)
VALUES ('20230826', '26/08/2023', '2023', '3', '8', '26', '7', '4', '34');

INSERT INTO Time
(DateID, FullDate, Year, Quarter, Month, Day, DayofWeek, WeekofMonth, WeekofYear)
VALUES ('20230827', '27/08/2023', '2023', '3', '8', '27', '1', '4', '35');

INSERT INTO Time
(DateID, FullDate, Year, Quarter, Month, Day, DayofWeek, WeekofMonth, WeekofYear)
VALUES ('20230828', '28/08/2023', '2023', '3', '8', '28', '2', '4', '35');

INSERT INTO Time
(DateID, FullDate, Year, Quarter, Month, Day, DayofWeek, WeekofMonth, WeekofYear)
VALUES ('20230829', '29/08/2023', '2023', '3', '8', '29', '3', '5', '35');

INSERT INTO Time
(DateID, FullDate, Year, Quarter, Month, Day, DayofWeek, WeekofMonth, WeekofYear)
VALUES ('20230830', '30/08/2023', '2023', '3', '8', '30', '4', '5', '35');

INSERT INTO Time
(DateID, FullDate, Year, Quarter, Month, Day, DayofWeek, WeekofMonth, WeekofYear)
VALUES ('20230831', '31/08/2023', '2023', '3', '8', '31', '5', '5', '35');

INSERT INTO Time
(DateID, FullDate, Year, Quarter, Month, Day, DayofWeek, WeekofMonth, WeekofYear)
VALUES ('20230901', '01/09/2023', '2023', '3', '8', '1', '6', '1', '35');

INSERT INTO Time
(DateID, FullDate, Year, Quarter, Month, Day, DayofWeek, WeekofMonth, WeekofYear)
VALUES ('20230902', '02/09/2023', '2023', '3', '8', '2', '7', '1', '35');

INSERT INTO Time
(DateID, FullDate, Year, Quarter, Month, Day, DayofWeek, WeekofMonth, WeekofYear)
VALUES ('20230903', '03/09/2023', '2023', '3', '9', '3', '1', '1', '36');

INSERT INTO Time
(DateID, FullDate, Year, Quarter, Month, Day, DayofWeek, WeekofMonth, WeekofYear)
VALUES ('20230904', '04/09/2023', '2023', '3', '9', '4', '2', '1', '36');

INSERT INTO Time
(DateID, FullDate, Year, Quarter, Month, Day, DayofWeek, WeekofMonth, WeekofYear)
VALUES ('20230905', '05/09/2023', '2023', '3', '9', '5', '3', '1', '36');

INSERT INTO Time
(DateID, FullDate, Year, Quarter, Month, Day, DayofWeek, WeekofMonth, WeekofYear)
VALUES ('20230906', '06/09/2023', '2023', '3', '9', '6', '4', '1', '36');

INSERT INTO Time
(DateID, FullDate, Year, Quarter, Month, Day, DayofWeek, WeekofMonth, WeekofYear)
VALUES ('20230907', '07/09/2023', '2023', '3', '9', '7', '5', '1', '36');

INSERT INTO Time
(DateID, FullDate, Year, Quarter, Month, Day, DayofWeek, WeekofMonth, WeekofYear)
VALUES ('20230908', '08/09/2023', '2023', '3', '9', '8', '6', '2', '36');

INSERT INTO Time
(DateID, FullDate, Year, Quarter, Month, Day, DayofWeek, WeekofMonth, WeekofYear)
VALUES ('20230909', '09/09/2023', '2023', '3', '9', '9', '7', '2', '36');

INSERT INTO Time
(DateID, FullDate, Year, Quarter, Month, Day, DayofWeek, WeekofMonth, WeekofYear)
VALUES ('20230910', '10/09/2023', '2023', '3', '9', '10', '1', '2', '37');

INSERT INTO Time
(DateID, FullDate, Year, Quarter, Month, Day, DayofWeek, WeekofMonth, WeekofYear)
VALUES ('20230911', '11/09/2023', '2023', '3', '9', '11', '2', '2', '37');

INSERT INTO Time
(DateID, FullDate, Year, Quarter, Month, Day, DayofWeek, WeekofMonth, WeekofYear)
VALUES ('20230912', '12/09/2023', '2023', '3', '9', '12', '3', '2', '37');

INSERT INTO Time
(DateID, FullDate, Year, Quarter, Month, Day, DayofWeek, WeekofMonth, WeekofYear)
VALUES ('20230913', '13/09/2023', '2023', '3', '9', '13', '4', '2', '37');

INSERT INTO Time
(DateID, FullDate, Year, Quarter, Month, Day, DayofWeek, WeekofMonth, WeekofYear)
VALUES ('20230914', '14/09/2023', '2023', '3', '9', '14', '5', '2', '37');

INSERT INTO Time
(DateID, FullDate, Year, Quarter, Month, Day, DayofWeek, WeekofMonth, WeekofYear)
VALUES ('20230915', '15/09/2023', '2023', '3', '9', '15', '6', '3', '37');

INSERT INTO Time
(DateID, FullDate, Year, Quarter, Month, Day, DayofWeek, WeekofMonth, WeekofYear)
VALUES ('20230916', '16/09/2023', '2023', '3', '9', '16', '7', '3', '37');

INSERT INTO Time
(DateID, FullDate, Year, Quarter, Month, Day, DayofWeek, WeekofMonth, WeekofYear)
VALUES ('20230917', '17/09/2023', '2023', '3', '9', '17', '1', '3', '38');

INSERT INTO Time
(DateID, FullDate, Year, Quarter, Month, Day, DayofWeek, WeekofMonth, WeekofYear)
VALUES ('20230918', '18/09/2023', '2023', '3', '9', '18', '2', '3', '38');

INSERT INTO Time
(DateID, FullDate, Year, Quarter, Month, Day, DayofWeek, WeekofMonth, WeekofYear)
VALUES ('20230919', '19/09/2023', '2023', '3', '9', '19', '3', '3', '38');

INSERT INTO Time
(DateID, FullDate, Year, Quarter, Month, Day, DayofWeek, WeekofMonth, WeekofYear)
VALUES ('20230920', '20/09/2023', '2023', '3', '9', '20', '4', '3', '38');

INSERT INTO Time
(DateID, FullDate, Year, Quarter, Month, Day, DayofWeek, WeekofMonth, WeekofYear)
VALUES ('20230921', '21/09/2023', '2023', '3', '9', '21', '5', '3', '38');

INSERT INTO Time
(DateID, FullDate, Year, Quarter, Month, Day, DayofWeek, WeekofMonth, WeekofYear)
VALUES ('20230922', '22/09/2023', '2023', '3', '9', '22', '6', '4', '38');

INSERT INTO Time
(DateID, FullDate, Year, Quarter, Month, Day, DayofWeek, WeekofMonth, WeekofYear)
VALUES ('20230923', '23/09/2023', '2023', '3', '9', '23', '7', '4', '38');

INSERT INTO Time
(DateID, FullDate, Year, Quarter, Month, Day, DayofWeek, WeekofMonth, WeekofYear)
VALUES ('20230924', '24/09/2023', '2023', '3', '9', '24', '1', '4', '39');

INSERT INTO Time
(DateID, FullDate, Year, Quarter, Month, Day, DayofWeek, WeekofMonth, WeekofYear)
VALUES ('20230925', '25/09/2023', '2023', '3', '9', '25', '2', '4', '39');

INSERT INTO Time
(DateID, FullDate, Year, Quarter, Month, Day, DayofWeek, WeekofMonth, WeekofYear)
VALUES ('20230926', '26/09/2023', '2023', '3', '9', '26', '3', '4', '39');

INSERT INTO Time
(DateID, FullDate, Year, Quarter, Month, Day, DayofWeek, WeekofMonth, WeekofYear)
VALUES ('20230927', '27/09/2023', '2023', '3', '9', '27', '4', '4', '39');

INSERT INTO Time
(DateID, FullDate, Year, Quarter, Month, Day, DayofWeek, WeekofMonth, WeekofYear)
VALUES ('20230928', '28/09/2023', '2023', '3', '9', '28', '5', '4', '39');

INSERT INTO Time
(DateID, FullDate, Year, Quarter, Month, Day, DayofWeek, WeekofMonth, WeekofYear)
VALUES ('20230929', '29/09/2023', '2023', '3', '9', '29', '6', '5', '39');

INSERT INTO Time
(DateID, FullDate, Year, Quarter, Month, Day, DayofWeek, WeekofMonth, WeekofYear)
VALUES ('20230930', '30/09/2023', '2023', '3', '9', '30', '7', '5', '39');

INSERT INTO Time
(DateID, FullDate, Year, Quarter, Month, Day, DayofWeek, WeekofMonth, WeekofYear)
VALUES ('20231001', '01/10/2023', '2023', '4', '9', '1', '1', '1', '40');

INSERT INTO Time
(DateID, FullDate, Year, Quarter, Month, Day, DayofWeek, WeekofMonth, WeekofYear)
VALUES ('20231002', '02/10/2023', '2023', '4', '9', '2', '2', '1', '40');

INSERT INTO Time
(DateID, FullDate, Year, Quarter, Month, Day, DayofWeek, WeekofMonth, WeekofYear)
VALUES ('20231003', '03/10/2023', '2023', '4', '9', '3', '3', '1', '40');

INSERT INTO Time
(DateID, FullDate, Year, Quarter, Month, Day, DayofWeek, WeekofMonth, WeekofYear)
VALUES ('20231004', '04/10/2023', '2023', '4', '10', '4', '4', '1', '40');

INSERT INTO Time
(DateID, FullDate, Year, Quarter, Month, Day, DayofWeek, WeekofMonth, WeekofYear)
VALUES ('20231005', '05/10/2023', '2023', '4', '10', '5', '5', '1', '40');

INSERT INTO Time
(DateID, FullDate, Year, Quarter, Month, Day, DayofWeek, WeekofMonth, WeekofYear)
VALUES ('20231006', '06/10/2023', '2023', '4', '10', '6', '6', '1', '40');

INSERT INTO Time
(DateID, FullDate, Year, Quarter, Month, Day, DayofWeek, WeekofMonth, WeekofYear)
VALUES ('20231007', '07/10/2023', '2023', '4', '10', '7', '7', '1', '40');

INSERT INTO Time
(DateID, FullDate, Year, Quarter, Month, Day, DayofWeek, WeekofMonth, WeekofYear)
VALUES ('20231008', '08/10/2023', '2023', '4', '10', '8', '1', '2', '41');

INSERT INTO Time
(DateID, FullDate, Year, Quarter, Month, Day, DayofWeek, WeekofMonth, WeekofYear)
VALUES ('20231009', '09/10/2023', '2023', '4', '10', '9', '2', '2', '41');

INSERT INTO Time
(DateID, FullDate, Year, Quarter, Month, Day, DayofWeek, WeekofMonth, WeekofYear)
VALUES ('20231010', '10/10/2023', '2023', '4', '10', '10', '3', '2', '41');

INSERT INTO Time
(DateID, FullDate, Year, Quarter, Month, Day, DayofWeek, WeekofMonth, WeekofYear)
VALUES ('20231011', '11/10/2023', '2023', '4', '10', '11', '4', '2', '41');

INSERT INTO Time
(DateID, FullDate, Year, Quarter, Month, Day, DayofWeek, WeekofMonth, WeekofYear)
VALUES ('20231012', '12/10/2023', '2023', '4', '10', '12', '5', '2', '41');

INSERT INTO Time
(DateID, FullDate, Year, Quarter, Month, Day, DayofWeek, WeekofMonth, WeekofYear)
VALUES ('20231013', '13/10/2023', '2023', '4', '10', '13', '6', '2', '41');

INSERT INTO Time
(DateID, FullDate, Year, Quarter, Month, Day, DayofWeek, WeekofMonth, WeekofYear)
VALUES ('20231014', '14/10/2023', '2023', '4', '10', '14', '7', '2', '41');

INSERT INTO Time
(DateID, FullDate, Year, Quarter, Month, Day, DayofWeek, WeekofMonth, WeekofYear)
VALUES ('20231015', '15/10/2023', '2023', '4', '10', '15', '1', '3', '42');

INSERT INTO Time
(DateID, FullDate, Year, Quarter, Month, Day, DayofWeek, WeekofMonth, WeekofYear)
VALUES ('20231016', '16/10/2023', '2023', '4', '10', '16', '2', '3', '42');

INSERT INTO Time
(DateID, FullDate, Year, Quarter, Month, Day, DayofWeek, WeekofMonth, WeekofYear)
VALUES ('20231017', '17/10/2023', '2023', '4', '10', '17', '3', '3', '42');

INSERT INTO Time
(DateID, FullDate, Year, Quarter, Month, Day, DayofWeek, WeekofMonth, WeekofYear)
VALUES ('20231018', '18/10/2023', '2023', '4', '10', '18', '4', '3', '42');

INSERT INTO Time
(DateID, FullDate, Year, Quarter, Month, Day, DayofWeek, WeekofMonth, WeekofYear)
VALUES ('20231019', '19/10/2023', '2023', '4', '10', '19', '5', '3', '42');

INSERT INTO Time
(DateID, FullDate, Year, Quarter, Month, Day, DayofWeek, WeekofMonth, WeekofYear)
VALUES ('20231020', '20/10/2023', '2023', '4', '10', '20', '6', '3', '42');

INSERT INTO Time
(DateID, FullDate, Year, Quarter, Month, Day, DayofWeek, WeekofMonth, WeekofYear)
VALUES ('20231021', '21/10/2023', '2023', '4', '10', '21', '7', '3', '42');

INSERT INTO Time
(DateID, FullDate, Year, Quarter, Month, Day, DayofWeek, WeekofMonth, WeekofYear)
VALUES ('20231022', '22/10/2023', '2023', '4', '10', '22', '1', '4', '43');

INSERT INTO Time
(DateID, FullDate, Year, Quarter, Month, Day, DayofWeek, WeekofMonth, WeekofYear)
VALUES ('20231023', '23/10/2023', '2023', '4', '10', '23', '2', '4', '43');

INSERT INTO Time
(DateID, FullDate, Year, Quarter, Month, Day, DayofWeek, WeekofMonth, WeekofYear)
VALUES ('20231024', '24/10/2023', '2023', '4', '10', '24', '3', '4', '43');

INSERT INTO Time
(DateID, FullDate, Year, Quarter, Month, Day, DayofWeek, WeekofMonth, WeekofYear)
VALUES ('20231025', '25/10/2023', '2023', '4', '10', '25', '4', '4', '43');

INSERT INTO Time
(DateID, FullDate, Year, Quarter, Month, Day, DayofWeek, WeekofMonth, WeekofYear)
VALUES ('20231026', '26/10/2023', '2023', '4', '10', '26', '5', '4', '43');

INSERT INTO Time
(DateID, FullDate, Year, Quarter, Month, Day, DayofWeek, WeekofMonth, WeekofYear)
VALUES ('20231027', '27/10/2023', '2023', '4', '10', '27', '6', '4', '43');

INSERT INTO Time
(DateID, FullDate, Year, Quarter, Month, Day, DayofWeek, WeekofMonth, WeekofYear)
VALUES ('20231028', '28/10/2023', '2023', '4', '10', '28', '7', '4', '43');

INSERT INTO Time
(DateID, FullDate, Year, Quarter, Month, Day, DayofWeek, WeekofMonth, WeekofYear)
VALUES ('20231029', '29/10/2023', '2023', '4', '10', '29', '1', '5', '44');

INSERT INTO Time
(DateID, FullDate, Year, Quarter, Month, Day, DayofWeek, WeekofMonth, WeekofYear)
VALUES ('20231030', '30/10/2023', '2023', '4', '10', '30', '2', '5', '44');

INSERT INTO Time
(DateID, FullDate, Year, Quarter, Month, Day, DayofWeek, WeekofMonth, WeekofYear)
VALUES ('20231031', '31/10/2023', '2023', '4', '10', '31', '3', '5', '44');

INSERT INTO Time
(DateID, FullDate, Year, Quarter, Month, Day, DayofWeek, WeekofMonth, WeekofYear)
VALUES ('20231101', '01/11/2023', '2023', '4', '10', '1', '4', '1', '44');

INSERT INTO Time
(DateID, FullDate, Year, Quarter, Month, Day, DayofWeek, WeekofMonth, WeekofYear)
VALUES ('20231102', '02/11/2023', '2023', '4', '10', '2', '5', '1', '44');

INSERT INTO Time
(DateID, FullDate, Year, Quarter, Month, Day, DayofWeek, WeekofMonth, WeekofYear)
VALUES ('20231103', '03/11/2023', '2023', '4', '10', '3', '6', '1', '44');

INSERT INTO Time
(DateID, FullDate, Year, Quarter, Month, Day, DayofWeek, WeekofMonth, WeekofYear)
VALUES ('20231104', '04/11/2023', '2023', '4', '11', '4', '7', '1', '44');

INSERT INTO Time
(DateID, FullDate, Year, Quarter, Month, Day, DayofWeek, WeekofMonth, WeekofYear)
VALUES ('20231105', '05/11/2023', '2023', '4', '11', '5', '1', '1', '45');

INSERT INTO Time
(DateID, FullDate, Year, Quarter, Month, Day, DayofWeek, WeekofMonth, WeekofYear)
VALUES ('20231106', '06/11/2023', '2023', '4', '11', '6', '2', '1', '45');

INSERT INTO Time
(DateID, FullDate, Year, Quarter, Month, Day, DayofWeek, WeekofMonth, WeekofYear)
VALUES ('20231107', '07/11/2023', '2023', '4', '11', '7', '3', '1', '45');

INSERT INTO Time
(DateID, FullDate, Year, Quarter, Month, Day, DayofWeek, WeekofMonth, WeekofYear)
VALUES ('20231108', '08/11/2023', '2023', '4', '11', '8', '4', '2', '45');

INSERT INTO Time
(DateID, FullDate, Year, Quarter, Month, Day, DayofWeek, WeekofMonth, WeekofYear)
VALUES ('20231109', '09/11/2023', '2023', '4', '11', '9', '5', '2', '45');

INSERT INTO Time
(DateID, FullDate, Year, Quarter, Month, Day, DayofWeek, WeekofMonth, WeekofYear)
VALUES ('20231110', '10/11/2023', '2023', '4', '11', '10', '6', '2', '45');

INSERT INTO Time
(DateID, FullDate, Year, Quarter, Month, Day, DayofWeek, WeekofMonth, WeekofYear)
VALUES ('20231111', '11/11/2023', '2023', '4', '11', '11', '7', '2', '45');

INSERT INTO Time
(DateID, FullDate, Year, Quarter, Month, Day, DayofWeek, WeekofMonth, WeekofYear)
VALUES ('20231112', '12/11/2023', '2023', '4', '11', '12', '1', '2', '46');

INSERT INTO Time
(DateID, FullDate, Year, Quarter, Month, Day, DayofWeek, WeekofMonth, WeekofYear)
VALUES ('20231113', '13/11/2023', '2023', '4', '11', '13', '2', '2', '46');

INSERT INTO Time
(DateID, FullDate, Year, Quarter, Month, Day, DayofWeek, WeekofMonth, WeekofYear)
VALUES ('20231114', '14/11/2023', '2023', '4', '11', '14', '3', '2', '46');

INSERT INTO Time
(DateID, FullDate, Year, Quarter, Month, Day, DayofWeek, WeekofMonth, WeekofYear)
VALUES ('20231115', '15/11/2023', '2023', '4', '11', '15', '4', '3', '46');

INSERT INTO Time
(DateID, FullDate, Year, Quarter, Month, Day, DayofWeek, WeekofMonth, WeekofYear)
VALUES ('20231116', '16/11/2023', '2023', '4', '11', '16', '5', '3', '46');

INSERT INTO Time
(DateID, FullDate, Year, Quarter, Month, Day, DayofWeek, WeekofMonth, WeekofYear)
VALUES ('20231117', '17/11/2023', '2023', '4', '11', '17', '6', '3', '46');

INSERT INTO Time
(DateID, FullDate, Year, Quarter, Month, Day, DayofWeek, WeekofMonth, WeekofYear)
VALUES ('20231118', '18/11/2023', '2023', '4', '11', '18', '7', '3', '46');

INSERT INTO Time
(DateID, FullDate, Year, Quarter, Month, Day, DayofWeek, WeekofMonth, WeekofYear)
VALUES ('20231119', '19/11/2023', '2023', '4', '11', '19', '1', '3', '47');

INSERT INTO Time
(DateID, FullDate, Year, Quarter, Month, Day, DayofWeek, WeekofMonth, WeekofYear)
VALUES ('20231120', '20/11/2023', '2023', '4', '11', '20', '2', '3', '47');

INSERT INTO Time
(DateID, FullDate, Year, Quarter, Month, Day, DayofWeek, WeekofMonth, WeekofYear)
VALUES ('20231121', '21/11/2023', '2023', '4', '11', '21', '3', '3', '47');

INSERT INTO Time
(DateID, FullDate, Year, Quarter, Month, Day, DayofWeek, WeekofMonth, WeekofYear)
VALUES ('20231122', '22/11/2023', '2023', '4', '11', '22', '4', '4', '47');

INSERT INTO Time
(DateID, FullDate, Year, Quarter, Month, Day, DayofWeek, WeekofMonth, WeekofYear)
VALUES ('20231123', '23/11/2023', '2023', '4', '11', '23', '5', '4', '47');

INSERT INTO Time
(DateID, FullDate, Year, Quarter, Month, Day, DayofWeek, WeekofMonth, WeekofYear)
VALUES ('20231124', '24/11/2023', '2023', '4', '11', '24', '6', '4', '47');

INSERT INTO Time
(DateID, FullDate, Year, Quarter, Month, Day, DayofWeek, WeekofMonth, WeekofYear)
VALUES ('20231125', '25/11/2023', '2023', '4', '11', '25', '7', '4', '47');

INSERT INTO Time
(DateID, FullDate, Year, Quarter, Month, Day, DayofWeek, WeekofMonth, WeekofYear)
VALUES ('20231126', '26/11/2023', '2023', '4', '11', '26', '1', '4', '48');

INSERT INTO Time
(DateID, FullDate, Year, Quarter, Month, Day, DayofWeek, WeekofMonth, WeekofYear)
VALUES ('20231127', '27/11/2023', '2023', '4', '11', '27', '2', '4', '48');

INSERT INTO Time
(DateID, FullDate, Year, Quarter, Month, Day, DayofWeek, WeekofMonth, WeekofYear)
VALUES ('20231128', '28/11/2023', '2023', '4', '11', '28', '3', '4', '48');

INSERT INTO Time
(DateID, FullDate, Year, Quarter, Month, Day, DayofWeek, WeekofMonth, WeekofYear)
VALUES ('20231129', '29/11/2023', '2023', '4', '11', '29', '4', '5', '48');

INSERT INTO Time
(DateID, FullDate, Year, Quarter, Month, Day, DayofWeek, WeekofMonth, WeekofYear)
VALUES ('20231130', '30/11/2023', '2023', '4', '11', '30', '5', '5', '48');

INSERT INTO Time
(DateID, FullDate, Year, Quarter, Month, Day, DayofWeek, WeekofMonth, WeekofYear)
VALUES ('20231201', '01/12/2023', '2023', '4', '11', '1', '6', '1', '48');

INSERT INTO Time
(DateID, FullDate, Year, Quarter, Month, Day, DayofWeek, WeekofMonth, WeekofYear)
VALUES ('20231202', '02/12/2023', '2023', '4', '11', '2', '7', '1', '48');

INSERT INTO Time
(DateID, FullDate, Year, Quarter, Month, Day, DayofWeek, WeekofMonth, WeekofYear)
VALUES ('20231203', '03/12/2023', '2023', '4', '11', '3', '1', '1', '49');

INSERT INTO Time
(DateID, FullDate, Year, Quarter, Month, Day, DayofWeek, WeekofMonth, WeekofYear)
VALUES ('20231204', '04/12/2023', '2023', '4', '12', '4', '2', '1', '49');

INSERT INTO Time
(DateID, FullDate, Year, Quarter, Month, Day, DayofWeek, WeekofMonth, WeekofYear)
VALUES ('20231205', '05/12/2023', '2023', '4', '12', '5', '3', '1', '49');

INSERT INTO Time
(DateID, FullDate, Year, Quarter, Month, Day, DayofWeek, WeekofMonth, WeekofYear)
VALUES ('20231206', '06/12/2023', '2023', '4', '12', '6', '4', '1', '49');

INSERT INTO Time
(DateID, FullDate, Year, Quarter, Month, Day, DayofWeek, WeekofMonth, WeekofYear)
VALUES ('20231207', '07/12/2023', '2023', '4', '12', '7', '5', '1', '49');

INSERT INTO Time
(DateID, FullDate, Year, Quarter, Month, Day, DayofWeek, WeekofMonth, WeekofYear)
VALUES ('20231208', '08/12/2023', '2023', '4', '12', '8', '6', '2', '49');

INSERT INTO Time
(DateID, FullDate, Year, Quarter, Month, Day, DayofWeek, WeekofMonth, WeekofYear)
VALUES ('20231209', '09/12/2023', '2023', '4', '12', '9', '7', '2', '49');

INSERT INTO Time
(DateID, FullDate, Year, Quarter, Month, Day, DayofWeek, WeekofMonth, WeekofYear)
VALUES ('20231210', '10/12/2023', '2023', '4', '12', '10', '1', '2', '50');

INSERT INTO Time
(DateID, FullDate, Year, Quarter, Month, Day, DayofWeek, WeekofMonth, WeekofYear)
VALUES ('20231211', '11/12/2023', '2023', '4', '12', '11', '2', '2', '50');

INSERT INTO Time
(DateID, FullDate, Year, Quarter, Month, Day, DayofWeek, WeekofMonth, WeekofYear)
VALUES ('20231212', '12/12/2023', '2023', '4', '12', '12', '3', '2', '50');

INSERT INTO Time
(DateID, FullDate, Year, Quarter, Month, Day, DayofWeek, WeekofMonth, WeekofYear)
VALUES ('20231213', '13/12/2023', '2023', '4', '12', '13', '4', '2', '50');

INSERT INTO Time
(DateID, FullDate, Year, Quarter, Month, Day, DayofWeek, WeekofMonth, WeekofYear)
VALUES ('20231214', '14/12/2023', '2023', '4', '12', '14', '5', '2', '50');

INSERT INTO Time
(DateID, FullDate, Year, Quarter, Month, Day, DayofWeek, WeekofMonth, WeekofYear)
VALUES ('20231215', '15/12/2023', '2023', '4', '12', '15', '6', '3', '50');

INSERT INTO Time
(DateID, FullDate, Year, Quarter, Month, Day, DayofWeek, WeekofMonth, WeekofYear)
VALUES ('20231216', '16/12/2023', '2023', '4', '12', '16', '7', '3', '50');

INSERT INTO Time
(DateID, FullDate, Year, Quarter, Month, Day, DayofWeek, WeekofMonth, WeekofYear)
VALUES ('20231217', '17/12/2023', '2023', '4', '12', '17', '1', '3', '51');

INSERT INTO Time
(DateID, FullDate, Year, Quarter, Month, Day, DayofWeek, WeekofMonth, WeekofYear)
VALUES ('20231218', '18/12/2023', '2023', '4', '12', '18', '2', '3', '51');

INSERT INTO Time
(DateID, FullDate, Year, Quarter, Month, Day, DayofWeek, WeekofMonth, WeekofYear)
VALUES ('20231219', '19/12/2023', '2023', '4', '12', '19', '3', '3', '51');

INSERT INTO Time
(DateID, FullDate, Year, Quarter, Month, Day, DayofWeek, WeekofMonth, WeekofYear)
VALUES ('20231220', '20/12/2023', '2023', '4', '12', '20', '4', '3', '51');

INSERT INTO Time
(DateID, FullDate, Year, Quarter, Month, Day, DayofWeek, WeekofMonth, WeekofYear)
VALUES ('20231221', '21/12/2023', '2023', '4', '12', '21', '5', '3', '51');

INSERT INTO Time
(DateID, FullDate, Year, Quarter, Month, Day, DayofWeek, WeekofMonth, WeekofYear)
VALUES ('20231222', '22/12/2023', '2023', '4', '12', '22', '6', '4', '51');

INSERT INTO Time
(DateID, FullDate, Year, Quarter, Month, Day, DayofWeek, WeekofMonth, WeekofYear)
VALUES ('20231223', '23/12/2023', '2023', '4', '12', '23', '7', '4', '51');

INSERT INTO Time
(DateID, FullDate, Year, Quarter, Month, Day, DayofWeek, WeekofMonth, WeekofYear)
VALUES ('20231224', '24/12/2023', '2023', '4', '12', '24', '1', '4', '52');

INSERT INTO Time
(DateID, FullDate, Year, Quarter, Month, Day, DayofWeek, WeekofMonth, WeekofYear)
VALUES ('20231225', '25/12/2023', '2023', '4', '12', '25', '2', '4', '52');

INSERT INTO Time
(DateID, FullDate, Year, Quarter, Month, Day, DayofWeek, WeekofMonth, WeekofYear)
VALUES ('20231226', '26/12/2023', '2023', '4', '12', '26', '3', '4', '52');

INSERT INTO Time
(DateID, FullDate, Year, Quarter, Month, Day, DayofWeek, WeekofMonth, WeekofYear)
VALUES ('20231227', '27/12/2023', '2023', '4', '12', '27', '4', '4', '52');

INSERT INTO Time
(DateID, FullDate, Year, Quarter, Month, Day, DayofWeek, WeekofMonth, WeekofYear)
VALUES ('20231228', '28/12/2023', '2023', '4', '12', '28', '5', '4', '52');

INSERT INTO Time
(DateID, FullDate, Year, Quarter, Month, Day, DayofWeek, WeekofMonth, WeekofYear)
VALUES ('20231229', '29/12/2023', '2023', '4', '12', '29', '6', '5', '52');

INSERT INTO Time
(DateID, FullDate, Year, Quarter, Month, Day, DayofWeek, WeekofMonth, WeekofYear)
VALUES ('20231230', '30/12/2023', '2023', '4', '12', '30', '7', '5', '52');

INSERT INTO Time
(DateID, FullDate, Year, Quarter, Month, Day, DayofWeek, WeekofMonth, WeekofYear)
VALUES ('20231231', '31/12/2023', '2023', '4', '12', '31', '1', '5', '53');

INSERT INTO Region (RegionID,RegionName) VALUES ('1',N'Miền Bắc');
INSERT INTO Region (RegionID,RegionName) VALUES ('2',N'Miền Trung');
INSERT INTO Region (RegionID,RegionName) VALUES ('3',N'Miền Nam');


INSERT INTO City (CityID, CityName) VALUES (1, N'Đà Nẵng');
INSERT INTO City (CityID, CityName) VALUES (2, N'TP.HCM');
INSERT INTO City (CityID, CityName) VALUES (3, N'Quảng Ninh');
INSERT INTO City (CityID, CityName) VALUES (4, N'Bình Thuận');
INSERT INTO City (CityID, CityName) VALUES (5, N'Cần Thơ');
INSERT INTO City (CityID, CityName) VALUES (6, N'Hà Nội');
INSERT INTO City (CityID, CityName) VALUES (7, N'Khánh Hòa');
INSERT INTO City (CityID, CityName) VALUES (8, N'Bình Dương');
INSERT INTO City (CityID, CityName) VALUES (9, N'Hải Phòng');
INSERT INTO City (CityID, CityName) VALUES (10, N'Đồng Tháp');


INSERT INTO District (DistrictID, DistrictName) VALUES ('DN01', N'Cẩm Lệ');
INSERT INTO District (DistrictID, DistrictName) VALUES ('DN02', N'Sơn Trà');
INSERT INTO District (DistrictID, DistrictName) VALUES ('DN03', N'Hải Châu');
INSERT INTO District (DistrictID, DistrictName) VALUES ('HCM01', N'Tân Phú');
INSERT INTO District (DistrictID, DistrictName) VALUES ('HCM02', N'Quận 3');
INSERT INTO District (DistrictID, DistrictName) VALUES ('HCM03', N'Quận 8');
INSERT INTO District (DistrictID, DistrictName) VALUES ('HCM04', N'Quận 10');
INSERT INTO District (DistrictID, DistrictName) VALUES ('HCM05', N'Tân Bình');
INSERT INTO District (DistrictID, DistrictName) VALUES ('HCM06', N'Bình Thạnh');
INSERT INTO District (DistrictID, DistrictName) VALUES ('QN01', N'Hạ Long');
INSERT INTO District (DistrictID, DistrictName) VALUES ('QN02', N'Cẩm Phả');
INSERT INTO District (DistrictID, DistrictName) VALUES ('QN03', N'Móng Cái');
INSERT INTO District (DistrictID, DistrictName) VALUES ('BT01', N'Phan Thiết');
INSERT INTO District (DistrictID, DistrictName) VALUES ('CT01', N'Ninh Kiều');
INSERT INTO District (DistrictID, DistrictName) VALUES ('CT02', N'Bình Thủy');
INSERT INTO District (DistrictID, DistrictName) VALUES ('HN01', N'Ba Đình');
INSERT INTO District (DistrictID, DistrictName) VALUES ('HN02', N'Hoàn Kiếm');
INSERT INTO District (DistrictID, DistrictName) VALUES ('HN03', N'Tây Hồ');
INSERT INTO District (DistrictID, DistrictName) VALUES ('KH01', N'Nha Trang');
INSERT INTO District (DistrictID, DistrictName) VALUES ('KH02', N'Cam Ranh');
INSERT INTO District (DistrictID, DistrictName) VALUES ('BD01', N'Thủ Dầu 1');
INSERT INTO District (DistrictID, DistrictName) VALUES ('BD02', N'Thuận An');
INSERT INTO District (DistrictID, DistrictName) VALUES ('BD03', N'Dĩ An');
INSERT INTO District (DistrictID, DistrictName) VALUES ('HP01', N'Lê Chân');
INSERT INTO District (DistrictID, DistrictName) VALUES ('HP02', N'Kiến An');
INSERT INTO District (DistrictID, DistrictName) VALUES ('HP03', N'Đồ Sơn');
INSERT INTO District (DistrictID, DistrictName) VALUES ('DT01', N'Cao Lãnh');
INSERT INTO District (DistrictID, DistrictName) VALUES ('DT02', N'Sa Đéc');

INSERT INTO Store (RegionID, CityID, DistrictID, StoreID, Address) VALUES (2, 1, 'DN01', 'S01', N'199 Văn Tiến Dũng, P. Hoà Xuân');
INSERT INTO Store (RegionID, CityID, DistrictID, StoreID, Address) VALUES (2, 1, 'DN01', 'S02', N'95 Lê Trọng Tấn, P. Hòa Phát');
INSERT INTO Store (RegionID, CityID, DistrictID, StoreID, Address) VALUES (2, 1, 'DN02', 'S03', N'25 Phó Đức Chính, P. Mân Thái');
INSERT INTO Store (RegionID, CityID, DistrictID, StoreID, Address) VALUES (2, 1, 'DN03', 'S04', N'358 Hoàng Diệu, P. Bình Thuận');
INSERT INTO Store (RegionID, CityID, DistrictID, StoreID, Address) VALUES (3, 2, 'HCM01', 'S05', N'21 Lê Cao Lãng, P. Phú Thạnh');
INSERT INTO Store (RegionID, CityID, DistrictID, StoreID, Address) VALUES (3, 2, 'HCM02', 'S06', N'288-290 Võ Văn Tần, P. 5');
INSERT INTO Store (RegionID, CityID, DistrictID, StoreID, Address) VALUES (3, 2, 'HCM02', 'S07', N'545 Nguyễn Đình Chiểu, P. 2');
INSERT INTO Store (RegionID, CityID, DistrictID, StoreID, Address) VALUES (3, 2, 'HCM02', 'S08', N'174 Nguyễn Thiện Thuật, P. 3');
INSERT INTO Store (RegionID, CityID, DistrictID, StoreID, Address) VALUES (3, 2, 'HCM03', 'S09', N'1002 Tạ Quang Bửu, P. 6');
INSERT INTO Store (RegionID, CityID, DistrictID, StoreID, Address) VALUES (3, 2, 'HCM04', 'S10', N'24A Vĩnh Viễn, P. 2');
INSERT INTO Store (RegionID, CityID, DistrictID, StoreID, Address) VALUES (3, 2, 'HCM04', 'S11', N'203-205-205A Đường 3/2, P. 11');
INSERT INTO Store (RegionID, CityID, DistrictID, StoreID, Address) VALUES (3, 2, 'HCM04', 'S12', N'91 Thành Thái, P. 14');
INSERT INTO Store (RegionID, CityID, DistrictID, StoreID, Address) VALUES (3, 2, 'HCM05', 'S13', N'222 Lê Văn Sỹ, P. 1');
INSERT INTO Store (RegionID, CityID, DistrictID, StoreID, Address) VALUES (3, 2, 'HCM06', 'S14', N'369 Nơ Trang Long, P. 13');
INSERT INTO Store (RegionID, CityID, DistrictID, StoreID, Address) VALUES (1, 3, 'QN01', 'S15', N'200 Nguyễn Văn Cừ, P. Hồng Hà');
INSERT INTO Store (RegionID, CityID, DistrictID, StoreID, Address) VALUES (1, 3, 'QN01', 'S16', N'267 Cao Thắng, P. Cao Thắng');
INSERT INTO Store (RegionID, CityID, DistrictID, StoreID, Address) VALUES (1, 3, 'QN02', 'S17', N'108 Trần Phú, P. Cẩm Tây');
INSERT INTO Store (RegionID, CityID, DistrictID, StoreID, Address) VALUES (1, 3, 'QN02', 'S18', N'01 Thanh Niên, P. Cẩm Thành');
INSERT INTO Store (RegionID, CityID, DistrictID, StoreID, Address) VALUES (1, 3, 'QN03', 'S19', N'133B Hùng Vương, P. Ka Long');
INSERT INTO Store (RegionID, CityID, DistrictID, StoreID, Address) VALUES (2, 4, 'BT01', 'S20', N'357 Nguyễn Đình Chiểu, P. Hàm Tiến');
INSERT INTO Store (RegionID, CityID, DistrictID, StoreID, Address) VALUES (2, 4, 'BT01', 'S21', N'111 Trần Phú, P. Lạc Đạo');
INSERT INTO Store (RegionID, CityID, DistrictID, StoreID, Address) VALUES (2, 4, 'BT01', 'S22', N'349 Huỳnh Thúc Kháng, P. Mũi Né');
INSERT INTO Store (RegionID, CityID, DistrictID, StoreID, Address) VALUES (3, 5, 'CT01', 'S23', '302A1/12 Nguyễn Văn Linh, P. An Khánh');
INSERT INTO Store (RegionID, CityID, DistrictID, StoreID, Address) VALUES (3, 5, 'CT01', 'S24', N'112 Mậu Thân, P. An Nghiệp');
INSERT INTO Store (RegionID, CityID, DistrictID, StoreID, Address) VALUES (3, 5, 'CT01', 'S25', N'24 Nguyễn Hiền, P. An Khánh');
INSERT INTO Store (RegionID, CityID, DistrictID, StoreID, Address) VALUES (3, 5, 'CT02', 'S26', N'1705 Bùi Hữu Nghĩa, P. Long Tuyền');
INSERT INTO Store (RegionID, CityID, DistrictID, StoreID, Address) VALUES (3, 5, 'CT02', 'S27', N'LK3-01 Nguyễn Văn Cừ, P. Long Tuyền');
INSERT INTO Store (RegionID, CityID, DistrictID, StoreID, Address) VALUES (1, 6, 'HN01', 'S28', N'109 Hoàng Hoa Thám, P. Ngọc Hà');
INSERT INTO Store (RegionID, CityID, DistrictID, StoreID, Address) VALUES (1, 6, 'HN01', 'S29', N'563 Hoàng Hoa Thám, P. Cống Vị');
INSERT INTO Store (RegionID, CityID, DistrictID, StoreID, Address) VALUES (1, 6, 'HN02', 'S30', N'38 Hàm Tử Quan, P. Chương Dương');
INSERT INTO Store (RegionID, CityID, DistrictID, StoreID, Address) VALUES (1, 6, 'HN02', 'S31', N'93 Hàng Mã, P. Hàng Mã');
INSERT INTO Store (RegionID, CityID, DistrictID, StoreID, Address) VALUES (1, 6, 'HN03', 'S32', N'115 Nguyễn Hoàng Tôn, P. Xuân La');
INSERT INTO Store (RegionID, CityID, DistrictID, StoreID, Address) VALUES (1, 6, 'HN03', 'S33', N'39 Phú Gia, P. Phú Thượng');
INSERT INTO Store (RegionID, CityID, DistrictID, StoreID, Address) VALUES (1, 6, 'HN03', 'S34', N'251V Thụy Khuê, P. Thụy Khuê');
INSERT INTO Store (RegionID, CityID, DistrictID, StoreID, Address) VALUES (2, 7, 'KH01', 'S35', N'32 Nguyễn Đức Cảnh, P. Phước Long');
INSERT INTO Store (RegionID, CityID, DistrictID, StoreID, Address) VALUES (2, 7, 'KH01', 'S36', N'994-996 Đường 23/10, X. Vĩnh Thạnh');
INSERT INTO Store (RegionID, CityID, DistrictID, StoreID, Address) VALUES (2, 7, 'KH02', 'S37', N'2438 Đại Lộ Hùng Vương, P. Ba Ngòi');
INSERT INTO Store (RegionID, CityID, DistrictID, StoreID, Address) VALUES (2, 7, 'KH02', 'S38', N'47 Đường 22 Tháng 8, P. Cam Linh');
INSERT INTO Store (RegionID, CityID, DistrictID, StoreID, Address) VALUES (3, 8, 'BD01', 'S39', N'214 Nguyễn Chí Thanh, P. Hiệp An');
INSERT INTO Store (RegionID, CityID, DistrictID, StoreID, Address) VALUES (3, 8, 'BD01', 'S40', N'1528 Quốc Lộ 13, P. Định Hòa');
INSERT INTO Store (RegionID, CityID, DistrictID, StoreID, Address) VALUES (3, 8, 'BD01', 'S41', N'235B Cách Mạng Tháng 8, P. Phú Cường');
INSERT INTO Store (RegionID, CityID, DistrictID, StoreID, Address) VALUES (3, 8, 'BD01', 'S42', N'667 Huỳnh Văn Luỹ, P. Phú Mỹ');
INSERT INTO Store (RegionID, CityID, DistrictID, StoreID, Address) VALUES (3, 8, 'BD02', 'S43', N'97 Nguyễn Văn Tiết, KP. Đông Tư, P. Lái Thiêu');
INSERT INTO Store (RegionID, CityID, DistrictID, StoreID, Address) VALUES (3, 8, 'BD02', 'S44', N'78A Cách Mạng Tháng Tám, P. Lái Thiêu');
INSERT INTO Store (RegionID, CityID, DistrictID, StoreID, Address) VALUES (3, 8, 'BD03', 'S45', N'62 Đường D1, KP. Đông An, P. Tân Đông Hiệp');
INSERT INTO Store (RegionID, CityID, DistrictID, StoreID, Address) VALUES (3, 8, 'BD03', 'S46', N'81 Nguyễn An Ninh, P. Dĩ An');
INSERT INTO Store (RegionID, CityID, DistrictID, StoreID, Address) VALUES (1, 9, 'HP01', 'S47', N'194 Đình Đông, P. Đông Hải');
INSERT INTO Store (RegionID, CityID, DistrictID, StoreID, Address) VALUES (1, 9, 'HP02', 'S48', N'138 Trần Tất Văn, P. Phù Liễn');
INSERT INTO Store (RegionID, CityID, DistrictID, StoreID, Address) VALUES (1, 9, 'HP02', 'S49', N'02 Trần Nhân Tông, P. Quán Trữ');
INSERT INTO Store (RegionID, CityID, DistrictID, StoreID, Address) VALUES (1, 9, 'HP03', 'S50', N'108 Lý Thánh Tông, P. Hải Sơn');
INSERT INTO Store (RegionID, CityID, DistrictID, StoreID, Address) VALUES (3, 10, 'DT01', 'S51', N'186 Thiên Hộ Dương, P. Hòa Thuận');
INSERT INTO Store (RegionID, CityID, DistrictID, StoreID, Address) VALUES (3, 10, 'DT01', 'S52', N'196 Điện Biên Phủ, P. Mỹ Phú');
INSERT INTO Store (RegionID, CityID, DistrictID, StoreID, Address) VALUES (3, 10, 'DT02', 'S53', N'75 Trần Phú, P. 1');
INSERT INTO Store (RegionID, CityID, DistrictID, StoreID, Address) VALUES (3, 10, 'DT02', 'S54', N'1B DT852, P. An Hòa');
INSERT INTO Store (RegionID, CityID, DistrictID, StoreID, Address) VALUES (3, 10, 'DT02', 'S55', N'A11 Trần Hưng Đạo, P. 3'); 

INSERT INTO Category (CategoryID, CategoryName)
VALUES 
    ('C01', N'Thuốc'),
    ('C02', N'Thiết bị y tế'),
    ('C03', N'Dược mỹ phẩm'),
    ('C04', N'Thực phẩm chức năng'),
    ('C05', N'Chăm sóc cá nhân');

INSERT INTO Brand (BrandID, BrandName)
VALUES 
    ('B01', 'Kudos'),
    ('B02', 'KingPhar'),
    ('B03', 'Naturecare'),
    ('B04', 'Nature''s Bounty'),
    ('B05', 'Pharma World'),
    ('B06', N'Hoàng Gia Royal Care'),
    ('B07', N'Vương Não Khang'),
    ('B08', 'Ensure'),
    ('B09', 'Similac'),
    ('B10', 'Anlene'),
    ('B11', 'Cocoon'),
    ('B12', 'CeraVe'),
    ('B13', 'Senka'),
    ('B14', 'Cetaphil'),
    ('B15', 'SVR'),
    ('B16', 'Acnes'),
    ('B17', 'Natural Hand Sanitizer'),
    ('B18', 'Sensodyne'),
    ('B19', 'Okamura'),
    ('B20', 'Soffel'),
    ('B21', 'Remos'),
    ('B22', N'Vĩnh Tiến'),
    ('B23', N'Vĩnh Phúc'),
    ('B24', N'Bạch Tuyết'),
    ('B25', 'Quick Nurse'),
    ('B26', 'Urgo'),
    ('B27', 'Fugacar Janssen'),
    ('B28', 'Imexpharm'),
    ('B29', 'Stella Pharm'),
    ('B30', 'Servier'),
    ('B31', N'Nhất Nhất'),
    ('B32', 'Traphaco'),
    ('B33', 'Hapacol'),
    ('B34', 'Vaseline'),
    ('B35', 'Laroche Posay');

INSERT INTO Packaging (PackagingID, PackagingName)
VALUES 
    ('PG01', N'Hộp'),
    ('PG02', N'Tuýp'),
    ('PG03', N'Chai'),
    ('PG04', N'Gói'),
    ('PG05', N'Cây');

INSERT INTO Product (ProductID, ProductName, Price, CategoryID, BrandID, PackagingID)
VALUES 
    ('P01', N'Viên sủi Kudos Vitamin C Hương Chanh', 115000, 'C04', 'B01', 'PG02'),
    ('P02', N'Hỗn dịch Canxi Vitamin D3 KingPhar', 105000, 'C04', 'B02', 'PG01'),
    ('P03', N'Viên uống Natural Vitamin E 400IU Naturecare', 235000, 'C04', 'B03', 'PG01'),
    ('P04', N'Viên uống Vitamin E 400IU Nature''s Bounty', 123000, 'C04', 'B04', 'PG01'),
    ('P05', N'Viên uống Calci K-2 Pharma World', 470000, 'C04', 'B05', 'PG01'),
    ('P06', N'Viên uống Hoạt Huyết Thông Mạch Hoàng Gia Royal Care', 95000, 'C04', 'B06', 'PG01'),
    ('P07', N'Bột Vương Não Khang IMC hoạt huyết', 215000, 'C04', 'B07', 'PG01'),
    ('P08', N'Ống uống Men Tiêu Hóa Kingphar', 29000, 'C04', 'B02', 'PG01'),
    ('P09', N'Sữa Ensure Original Abbott hương vani ( chai)', 38000, 'C04', 'B08', 'PG01'),
    ('P10', N'Sữa bột Ensure Gold StrengthPro Abbott hương vani', 876000, 'C04', 'B08', 'PG01'),
    ('P11', N'Sữa bột Similac Isomil Abbott', 315000, 'C04', 'B09', 'PG01'),
    ('P12', N'Sữa Anlene Total 10 hương vani', 629000, 'C04', 'B10', 'PG01'),
    ('P13', N'Sữa Anlene Gold 5X hương vani', 260000, 'C04', 'B10', 'PG01'),
    ('P14', N'Gel bí đao rửa mặt Cocoon', 195000, 'C03', 'B11', 'PG03'),
    ('P15', N'Sữa Rửa Mặt Tạo Bọt CeraVe Foaming Cleanser', 440000, 'C03', 'B12', 'PG04'),
    ('P16', N'Sữa rửa mặt tạo bọt Senka Perfect Whip U', 99000, 'C03', 'B13', 'PG02'),
    ('P17', N'Sữa rửa mặt dịu nhẹ Cetaphill Gentle Skin Cleanser', 162000, 'C03', 'B14', 'PG03'),
    ('P18', N'Sữa rửa mặt Collagen Senka Perfect Whip Collagen IN', 119000, 'C03', 'B13', 'PG02'),
    ('P19', N'Kem chống nắng SVR Sebiaclear Crème SPF 50', 340000, 'C03', 'B15', 'PG02'),
    ('P20', N'Nước tẩy trang bí đao Cocoon Winter', 295000, 'C03', 'B11', 'PG03'),
    ('P21', N'Gel giảm mụn đầu trắng và mụn đầu đen Acnes', 63000, 'C03', 'B16', 'PG02'),
    ('P22', N'Gel rửa tay khô Natural Hand Sanitizer', 35000, 'C05', 'B17', 'PG03'),
    ('P23', N'Dung dịch rửa tay khô Natural Hand Sanitizer', 69000, 'C05', 'B17', 'PG03'),
    ('P24', N'Kem đánh răng Sensodyne Fresh Mint', 53000, 'C05', 'B18', 'PG02'),
    ('P25', N'Kem đánh răng Sensodyne Cool Gel', 53000, 'C05', 'B18', 'PG02'),
    ('P26', N'Tăm chỉ kẽ răng Okamura ( 50 cây)', 21000, 'C05', 'B19', 'PG04'),
    ('P27', N'Xịt chống muỗi Remos hương Lavender', 64000, 'C05', 'B21', 'PG03'),
    ('P28', N'Kem chống muỗi Remos Rohto hương cam', 22000, 'C05', 'B21', 'PG03'),
    ('P29', N'Kem xua muỗi Soffel hương cam', 26000, 'C05', 'B20', 'PG03'),
    ('P30', N'Sữa tắm gội trẻ em tinh chất hoa cúc Cetaphil', 295000, 'C03', 'B14', 'PG03'),
    ('P31', N'Khẩu trang y tế Naturecare màu trắng 3 lớp', 40000, 'C02', 'B03', 'PG01'),
    ('P32', N'Khẩu trang y tế cao cấp 3Hmask Vĩnh Tiến 4D màu đen', 69000, 'C02', 'B22', 'PG01'),
    ('P33', N'Khẩu trang y tế cao cấp KN95 3Hmask Vĩnh Tiến màu trắng', 69000, 'C02', 'B22', 'PG01'),
    ('P34', N'Cồn Xanh 90 độ Vĩnh Phúc', 4000, 'C02', 'B23', 'PG03'),
    ('P35', N'Bông y tế Quick Nurse 25g', 6000, 'C02', 'B25', 'PG04'),
('P36', N'Bông y tế Quick Nurse 1kg', 190000, 'C02', 'B25', 'PG04'),
('P37', N'Bông cuộn thấm nước y tế Bông Bạch Tuyết', 7000, 'C02', 'B24', 'PG04'),
('P38', N'Băng cá nhân trong suốt Urgo', 19000, 'C02', 'B26', 'PG01'),
('P39', N'Băng cá nhân độ dính cao, co giãn tốt Urgo Family', 14000, 'C02', 'B26', 'PG01'),
('P40', N'Băng keo lụa có độ dính cao Urgo', 20000, 'C02', 'B26', 'PG01'),
('P41', N'Nước tẩy trang La Roche-Posay', 495000, 'C03', 'B35', 'PG03'),
('P42', N'Kem dưỡng da La Roche-Posay B5+', 390000, 'C03', 'B35', 'PG02'),
('P43', N'Gel rửa mặt tạo bọt La Roche-Posay', 210000, 'C03', 'B35', 'PG02'),
('P44', N'Sáp dưỡng môi hồng xinh Vaseline Rosy Lips', 64000, 'C03', 'B34', 'PG05'),
('P45', N'Sáp dưỡng môi Vaseline Lip Therapy', 78000, 'C03', 'B34', 'PG05'),
('P46', N'Nước muối Natri Clorid 0.9 Vĩnh Phúc Smiles', 12000, 'C05', 'B23', 'PG03'),
('P47', N'Thuốc Hapacol Ace 500 DHG điều trị đau đầu', 55000, 'C01', 'B33', 'PG01'),
('P48', N'Viên sủi Hapacol 500 DHG giảm đau', 32000, 'C01', 'B33', 'PG01'),
('P49', N'Bột Hapacol 80 DHG giảm đau', 24000, 'C01', 'B33', 'PG01'),
('P50', N'Thuốc Andol S Imexpharm', 415000, 'C01', 'B28', 'PG01'),
('P51', N'Thuốc Paracetamol 325mg Imexpharm', 40000, 'C01', 'B28', 'PG01'),
('P52', N'Thuốc Partamol 500mg Stella', 35000, 'C01', 'B29', 'PG01'),
('P53', N'Thuốc Hoạt Huyết Dưỡng Não bao đường Traphaco', 95000, 'C01', 'B32', 'PG01'),
('P54', N'Thuốc Dưỡng Cốt Hoàn Traphaco', 70000, 'C01', 'B32', 'PG01'),
('P55', N'Thuốc Cebraton Traphaco phòng và điều trị suy giảm trí nhớ', 160000, 'C01', 'B32', 'PG01'),
('P56', N'Trà Gừng Traphaco điều trị đau bụng', 12000, 'C01', 'B32', 'PG01'),
('P57', N'Thuốc cốm Probio IMP', 21000, 'C01', 'B28', 'PG01'),
('P58', N'Viên nén Kachita Nhất Nhất thanh nhiệt', 95000, 'C01', 'B31', 'PG01'),
('P59', N'Thuốc Dạ Dày Nhất Nhất', 125000, 'C01', 'B31', 'PG01'),
('P60', N'Thuốc Hoạt Huyết Nhất Nhất', 115000, 'C01', 'B31', 'PG01'),
('P61', N'Thuốc Daflon 500mg Servier', 234000, 'C01', 'B30', 'PG01'),
('P62', N'Thuốc Vastarel MR Servier', 180000, 'C01', 'B30', 'PG01'),
('P63', N'Thuốc Coversyl Plus 5mg/1.25mg Servier', 210000, 'C01', 'B30', 'PG01'),
('P64', N'Thuốc Natrilix SR Servier', 110000, 'C01', 'B30', 'PG01'),
('P65', N'Thuốc Perindastad 4mg Stella', 45000, 'C01', 'B29', 'PG01'),
('P66', N'Thuốc Enalapril Stella 10mg', 20000, 'C01', 'B29', 'PG01'),
('P67', N'Viên nén Levofloxacin 500mg Imexpharm', 60000, 'C01', 'B28', 'PG01'),
('P68', N'Thuốc PMS-Ciprofloxacin 500mg Imexpharm', 30000, 'C01', 'B28', 'PG01'),
('P69', N'Thuốc Ospexin 500mg Imexpharm', 93000, 'C01', 'B28', 'PG01'),
('P70', N'Thuốc cốm Imeclor 125 Imexpharm', 45000, 'C01', 'B28', 'PG01'),
('P71', N'Thuốc pms-Zanimex 250mg Imexpharm', 84000, 'C01', 'B28', 'PG01'),
('P72', N'Thuốc pms-Zanimex 500mg Imexpharm', 86000, 'C01', 'B28', 'PG01'),
('P73', N'Thuốc Fugacar Janssen không vị điều trị nhiễm giun', 20000, 'C01', 'B27', 'PG01'),
('P74', N'Thuốc Fugacar Janssen hương socola điều trị nhiễm giun', 20000, 'C01', 'B27', 'PG01');


INSERT INTO PaymentMethod (MethodID, MethodName)
VALUES 
    ('PM01', N'Tiền mặt'),
    ('PM02', N'Thẻ ngân hàng (POS)'),
    ('PM03', N'Chuyển khoản trực tuyến'),
    ('PM04', N'Ví điện tử');

INSERT INTO Sales (OrderID, CustomerID, EmployeeID, StoreID, DateID, ProductID, Quantity, Total, MethodID)
VALUES
(1, 10397, 118, 'S08', '20210619', 'P05', 2, 940000, 'PM03'),
(2, 10191, 115, 'S06', '20220702', 'P05', 2, 940000, 'PM03'),
(3, 10117, 113, 'S05', '20210712', 'P02', 2, 210000, 'PM03'),
(4, 10046, 105, 'S02', '20220224', 'P09', 2, 76000, 'PM03'),
(5, 10061, 115, 'S06', '20220216', 'P04', 2, 246000, 'PM03'),
(6, 10046, 117, 'S07', '20220819', 'P51', 1, 40000, 'PM02'),
(7, 10287, 107, 'S03', '20220630', 'P30', 1, 295000, 'PM01'),
(8, 10341, 113, 'S05', '20230401', 'P36', 2, 380000, 'PM03'),
(9, 10288, 105, 'S02', '20220627', 'P59', 2, 250000, 'PM03'),
(10, 10148, 121, 'S09', '20231029', 'P42', 2, 780000, 'PM03'),
(11, 10046, 104, 'S02', '20210716', 'P17', 2, 324000, 'PM03'),
(12, 10314, 118, 'S08', '20211130', 'P61', 2, 468000, 'PM03'),
(13, 10009, 102, 'S01', '20210829', 'P13', 1, 260000, 'PM02'),
(14, 10111, 108, 'S03', '20211106', 'P22', 1, 35000, 'PM01'),
(15, 10249, 112, 'S04', '20230402', 'P27', 2, 128000, 'PM03'),
(16, 10200, 107, 'S03', '20221217', 'P73', 2, 40000, 'PM03'),
(17, 10022, 112, 'S04', '20211211', 'P20', 1, 295000, 'PM01'),
(18, 10146, 106, 'S03', '20210118', 'P68', 2, 60000, 'PM03'),
(19, 10018, 101, 'S01', '20210810', 'P19', 2, 680000, 'PM03'),
(20, 10406, 108, 'S03', '20210616', 'P38', 1, 19000, 'PM01'),
(21, 10001, 119, 'S08', '20210421', 'P11', 1, 315000, 'PM01'),
(22, 10134, 116, 'S07', '20231129', 'P25', 1, 53000, 'PM02'),
(23, 10255, 115, 'S06', '20230406', 'P27', 2, 128000, 'PM03'),
(24, 10153, 113, 'S05', '20210721', 'P45', 2, 156000, 'PM03'),
(25, 10450, 101, 'S01', '20220512', 'P49', 1, 24000, 'PM02'),
(26, 10083, 112, 'S04', '20220202', 'P57', 2, 42000, 'PM03'),
(27, 10348, 102, 'S08', '20211209', 'P64', 1, 110000, 'PM02'),
(28, 10237, 108, 'S03', '20210303', 'P52', 2, 70000, 'PM03'),
(29, 10336, 113, 'S05', '20220130', 'P48', 2, 64000, 'PM03'),
(30, 10378, 115, 'S06', '20230706', 'P59', 1, 125000, 'PM02'),
(31, 10078, 119, 'S08', '20220403', 'P44', 1, 64000, 'PM02'),
(32, 10488, 118, 'S08', '20210523', 'P47', 2, 110000, 'PM03'),
(33, 10442, 114, 'S05', '20230118', 'P63', 2, 420000, 'PM03'),
(34, 10208, 113, 'S05', '20230516', 'P38', 1, 19000, 'PM02'),
(35, 10479, 101, 'S01', '20221011', 'P41', 1, 495000, 'PM01'),
(36, 10321, 120, 'S09', '20221210', 'P18', 2, 238000, 'PM03'),
(37, 10149, 113, 'S05', '20210427', 'P41', 2, 990000, 'PM03'),
(38, 10235, 115, 'S06', '20210508', 'P34', 2, 8000, 'PM03'),
(39, 10301, 118, 'S08', '20220420', 'P29', 2, 52000, 'PM03'),
(40, 10284, 114, 'S05', '20220411', 'P64', 1, 110000, 'PM02'),
(41, 10092, 110, 'S03', '20210327', 'P58', 2, 190000, 'PM03'),
(42, 10065, 111, 'S04', '20220723', 'P26', 2, 42000, 'PM03'),
(43, 10202, 113, 'S05', '20220111', 'P14', 1, 195000, 'PM01'),
(44, 10399, 104, 'S02', '20230909', 'P10', 2, 1752000, 'PM03'),
(45, 10169, 102, 'S01', '20210805', 'P61', 2, 468000, 'PM03'),
(46, 10174, 119, 'S08', '20210522', 'P64', 1, 110000, 'PM02'),
(47, 10195, 117, 'S07', '20210228', 'P54', 1, 70000, 'PM01'),
(48, 10199, 113, 'S05', '20231031', 'P24', 2, 106000, 'PM03'),
(49, 10273, 106, 'S03', '20230214', 'P66', 2, 40000, 'PM03'),
(50, 10003, 117, 'S07', '20210718', 'P31', 1, 40000, 'PM02'),
(51, 10429, 121, 'S09', '20230927', 'P21', 1, 63000, 'PM02'),
(52, 10368, 101, 'S01', '20230917', 'P39', 2, 28000, 'PM03'),
(53, 10329, 109, 'S03', '20210430', 'P09', 1, 38000, 'PM02'),
(54, 10277, 107, 'S03', '20210217', 'P03', 2, 470000, 'PM03'),
(55, 10400, 119, 'S08', '20221228', 'P04', 1, 123000, 'PM02'),
(56, 10119, 110, 'S03', '20210425', 'P07', 2, 430000, 'PM03'),
(57, 10406, 113, 'S05', '20221003', 'P07', 1, 215000, 'PM02'),
(58, 10197, 113, 'S05', '20220628', 'P01', 1, 115000, 'PM01'),
(59, 10000, 116, 'S07', '20220123', 'P03', 2, 470000, 'PM03'),
(60, 10419, 113, 'S05', '20210419', 'P06', 1, 95000, 'PM01'),
(61, 10421, 121, 'S09', '20210505', 'P07', 1, 215000, 'PM01'),
(62, 10304, 113, 'S05', '20230726', 'P06', 1, 95000, 'PM01'),
(63, 10233, 119, 'S08', '20230119', 'P09', 1, 38000, 'PM01'),
(64, 10160, 120, 'S09', '20210323', 'P04', 2, 246000, 'PM03'),
(65, 10188, 115, 'S06', '20220226', 'P04', 1, 123000, 'PM01'),
(66, 10235, 110, 'S03', '20231114', 'P05', 2, 940000, 'PM03'),
(67, 10250, 102, 'S01', '20220412', 'P06', 1, 95000, 'PM02'),
(68, 10134, 107, 'S03', '20220225', 'P02', 1, 105000, 'PM02'),
(69, 10170, 117, 'S07', '20231122', 'P02', 2, 210000, 'PM03'),
(70, 10110, 110, 'S03', '20221112', 'P09', 2, 76000, 'PM03'),
(71, 10497, 105, 'S02', '20220914', 'P03', 1, 235000, 'PM02'),
(72, 10382, 118, 'S08', '20230513', 'P06', 2, 190000, 'PM03'),
(73, 10277, 120, 'S09', '20210223', 'P03', 1, 235000, 'PM02'),
(74, 10393, 112, 'S04', '20210207', 'P09', 1, 38000, 'PM02'),
(75, 10294, 113, 'S05', '20211030', 'P08', 1, 29000, 'PM02'),
(76, 10118, 121, 'S09', '20210104', 'P07', 2, 430000, 'PM03'),
(77, 10109, 114, 'S05', '20230408', 'P05', 1, 470000, 'PM01'),
(78, 10360, 110, 'S03', '20220801', 'P03', 1, 235000, 'PM02'),
(79, 10451, 120, 'S09', '20220116', 'P08', 2, 58000, 'PM03'),
(80, 10138, 102, 'S01', '20231022', 'P06', 2, 190000, 'PM03'),
(81, 10332, 112, 'S04', '20230213', 'P01', 1, 115000, 'PM02'),
(82, 10319, 114, 'S05', '20211124', 'P05', 1, 470000, 'PM01'),
(83, 10385, 121, 'S09', '20221119', 'P05', 1, 470000, 'PM01'),
(84, 10388, 110, 'S03', '20230322', 'P02', 2, 210000, 'PM03'),
(85, 10053, 113, 'S05', '20211102', 'P11', 1, 315000, 'PM02'),
(86, 10378, 115, 'S06', '20210214', 'P08', 1, 29000, 'PM01'),
(87, 10009, 112, 'S04', '20210420', 'P08', 1, 29000, 'PM01'),
(88, 10497, 101, 'S01', '20210402', 'P09', 1, 38000, 'PM02'),
(89, 10253, 111, 'S04', '20230320', 'P63', 1, 210000, 'PM01'),
(90, 10205, 118, 'S08', '20220402', 'P02', 1, 105000, 'PM01'),
(91, 10240, 120, 'S09', '20230605', 'P09', 1, 38000, 'PM02'),
(92, 10181, 121, 'S09', '20230916', 'P29', 1, 26000, 'PM01'),
(93, 10468, 101, 'S01', '20230103', 'P03', 1, 235000, 'PM02'),
(94, 10114, 112, 'S04', '20220820', 'P08', 1, 29000, 'PM02'),
(95, 10140, 115, 'S06', '20230129', 'P03', 1, 235000, 'PM01'),
(96, 10461, 101, 'S01', '20220101', 'P07', 1, 215000, 'PM02'),
(97, 10272, 117, 'S07', '20210428', 'P05', 1, 470000, 'PM02'),
(98, 10317, 113, 'S05', '20220120', 'P08', 2, 58000, 'PM03'),
(99, 10493, 105, 'S02', '20210803', 'P09', 1, 38000, 'PM01'),
(100, 10431, 118, 'S08', '20230527', 'P08', 1, 29000, 'PM01'),
(101, 10416, 110, 'S03', '20230218', 'P44', 1, 64000, 'PM01'),
(102, 10394, 115, 'S06', '20210114', 'P51', 1, 40000, 'PM01'),
(103, 10288, 102, 'S01', '20210123', 'P03', 2, 470000, 'PM03'),
(104, 10378, 114, 'S05', '20220624', 'P06', 1, 95000, 'PM02'),
(105, 10181, 117, 'S07', '20230902', 'P57', 2, 42000, 'PM03'),
(106, 10496, 107, 'S03', '20231120', 'P06', 2, 190000, 'PM03'),
(107, 10003, 112, 'S04', '20230121', 'P06', 2, 190000, 'PM03'),
(108, 10123, 110, 'S03', '20210121', 'P03', 2, 470000, 'PM03'),
(109, 10411, 104, 'S02', '20210122', 'P07', 2, 430000, 'PM03'),
(110, 10251, 104, 'S02', '20220513', 'P08', 2, 58000, 'PM03'),
(111, 10104, 119, 'S08', '20210926', 'P04', 2, 246000, 'PM03'),
(112, 10234, 117, 'S07', '20230924', 'P29', 1, 26000, 'PM02'),
(113, 10181, 117, 'S07', '20210422', 'P07', 2, 430000, 'PM03'),
(114, 10063, 121, 'S09', '20230925', 'P03', 2, 470000, 'PM03'),
(115, 10068, 113, 'S05', '20230226', 'P05', 2, 940000, 'PM03'),
(116, 10256, 112, 'S04', '20210614', 'P07', 1, 215000, 'PM02'),
(117, 10456, 119, 'S08', '20211121', 'P08', 1, 29000, 'PM02'),
(118, 10475, 118, 'S08', '20220526', 'P02', 1, 105000, 'PM01'),
(119, 10105, 104, 'S02', '20210125', 'P07', 2, 430000, 'PM03'),
(120, 10123, 118, 'S08', '20210609', 'P02', 2, 210000, 'PM03'),
(121, 10037, 118, 'S08', '20210608', 'P07', 2, 430000, 'PM03'),
(122, 10487, 119, 'S08', '20230612', 'P04', 1, 123000, 'PM01'),
(123, 10024, 121, 'S09', '20210216', 'P03', 2, 470000, 'PM04'),
(124, 10358, 111, 'S04', '20230926', 'P03', 1, 235000, 'PM01'),
(125, 10444, 101, 'S01', '20220920', 'P06', 2, 190000, 'PM03'),
(126, 10129, 116, 'S07', '20231225', 'P06', 1, 95000, 'PM02'),
(127, 10133, 118, 'S08', '20230910', 'P03', 1, 235000, 'PM02'),
(128, 10418, 113, 'S05', '20210723', 'P09', 2, 76000, 'PM04'),
(129, 10343, 107, 'S03', '20210109', 'P07', 2, 430000, 'PM04'),
(130, 10346, 101, 'S01', '20220414', 'P09', 2, 76000, 'PM04'),
(131, 10197, 116, 'S07', '20210912', 'P04', 2, 246000, 'PM04'),
(132, 10067, 115, 'S06', '20210317', 'P46', 2, 24000, 'PM03'),
(133, 10397, 121, 'S09', '20230105', 'P04', 2, 246000, 'PM04'),
(134, 10024, 112, 'S04', '20211225', 'P06', 1, 95000, 'PM01'),
(135, 10463, 117, 'S07', '20231027', 'P02', 2, 210000, 'PM04'),
(136, 10257, 120, 'S09', '20220604', 'P51', 2, 80000, 'PM04'),
(137, 10431, 104, 'S02', '20210828', 'P09', 2, 76000, 'PM03'),
(138, 10092, 113, 'S05', '20230528', 'P05', 2, 940000, 'PM03'),
(139, 10011, 110, 'S03', '20230714', 'P03', 2, 470000, 'PM03'),
(140, 10234, 116, 'S07', '20231230', 'P06', 1, 95000, 'PM01'),
(141, 10250, 116, 'S07', '20210307', 'P03', 1, 235000, 'PM02'),
(142, 10185, 112, 'S04', '20220608', 'P07', 1, 215000, 'PM01'),
(143, 10477, 108, 'S03', '20230204', 'P03', 2, 470000, 'PM03'),
(144, 10118, 108, 'S03', '20211123', 'P09', 1, 38000, 'PM01'),
(145, 10366, 105, 'S02', '20210203', 'P08', 2, 58000, 'PM03'),
(146, 10158, 111, 'S04', '20220615', 'P58', 1, 95000, 'PM02'),
(147, 10230, 120, 'S09', '20220222', 'P09', 1, 38000, 'PM02'),
(148, 10074, 115, 'S06', '20210407', 'P03', 1, 235000, 'PM01'),
(149, 10002, 112, 'S04', '20210602', 'P09', 1, 38000, 'PM02'),
(150, 10421, 115, 'S06', '20221001', 'P09', 1, 38000, 'PM01'),
(151, 10274, 101, 'S01', '20230109', 'P09', 1, 38000, 'PM02'),
(152, 10491, 121, 'S09', '20211003', 'P09', 2, 76000, 'PM03'),
(153, 10284, 111, 'S04', '20220421', 'P02', 1, 105000, 'PM02'),
(154, 10456, 105, 'S02', '20221007', 'P04', 2, 246000, 'PM04'),
(155, 10015, 117, 'S07', '20230117', 'P09', 2, 76000, 'PM03'),
(156, 10200, 117, 'S07', '20220730', 'P04', 1, 123000, 'PM02'),
(157, 10389, 119, 'S08', '20220210', 'P07', 1, 215000, 'PM02'),
(158, 10397, 112, 'S04', '20220907', 'P03', 1, 235000, 'PM02'),
(159, 10322, 117, 'S07', '20210730', 'P07', 1, 215000, 'PM02'),
(160, 10202, 113, 'S05', '20230616', 'P08', 1, 29000, 'PM02'),
(161, 10330, 105, 'S02', '20220704', 'P02', 1, 105000, 'PM01'),
(162, 10349, 110, 'S03', '20210119', 'P04', 2, 246000, 'PM03'),
(163, 10427, 106, 'S03', '20210312', 'P03', 2, 470000, 'PM03'),
(164, 10181, 117, 'S07', '20230112', 'P08', 1, 29000, 'PM01'),
(165, 10124, 116, 'S07', '20210426', 'P02', 2, 210000, 'PM03'),
(166, 10016, 112, 'S04', '20211122', 'P04', 2, 246000, 'PM01'),
(167, 10036, 114, 'S05', '20220321', 'P03', 2, 470000, 'PM02'),
(168, 10451, 114, 'S05', '20221111', 'P03', 1, 235000, 'PM01'),
(169, 10007, 115, 'S06', '20210516', 'P05', 1, 470000, 'PM01'),
(170, 10293, 120, 'S09', '20221020', 'P03', 1, 235000, 'PM01'),
(171, 10064, 114, 'S05', '20230321', 'P68', 2, 60000, 'PM02'),
(172, 10454, 114, 'S05', '20220516', 'P45', 1, 78000, 'PM02'),
(173, 10299, 120, 'S09', '20220401', 'P09', 2, 76000, 'PM02'),
(174, 10022, 118, 'S08', '20230712', 'P02', 2, 210000, 'PM02'),
(175, 10090, 105, 'S02', '20220827', 'P48', 2, 64000, 'PM02'),
(176, 10439, 110, 'S03', '20221004', 'P06', 2, 190000, 'PM01'),
(177, 10051, 151, 'S25', '20230116', 'P04', 2, 246000, 'PM01'),
(178, 10065, 156, 'S28', '20230410', 'P08', 2, 58000, 'PM02'),
(179, 10328, 103, 'S54', '20210206', 'P09', 1, 38000, 'PM02'),
(180, 10024, 188, 'S46', '20210713', 'P09', 1, 38000, 'PM01'),
(181, 10492, 195, 'S49', '20231018', 'P07', 2, 430000, 'PM02'),
(182, 10260, 127, 'S12', '20210210', 'P06', 1, 95000, 'PM02'),
(183, 10115, 144, 'S21', '20220109', 'P04', 1, 123000, 'PM02'),
(184, 10006, 147, 'S22', '20220531', 'P09', 2, 76000, 'PM01'),
(185, 10397, 139, 'S18', '20210924', 'P62', 1, 180000, 'PM01'),
(186, 10238, 181, 'S43', '20221027', 'P09', 1, 38000, 'PM01'),
(187, 10032, 143, 'S21', '20220603', 'P07', 2, 430000, 'PM02'),
(188, 10481, 140, 'S19', '20210824', 'P12', 2, 1258000, 'PM02'),
(189, 10224, 143, 'S21', '20210822', 'P24', 1, 53000, 'PM01'),
(190, 10369, 169, 'S35', '20220926', 'P74', 2, 40000, 'PM01'),
(191, 10472, 147, 'S22', '20230427', 'P08', 1, 29000, 'PM02'),
(192, 10485, 170, 'S36', '20230102', 'P63', 1, 210000, 'PM02'),
(193, 10499, 191, 'S48', '20231111', 'P49', 1, 24000, 'PM01'),
(194, 10001, 171, 'S36', '20230808', 'P07', 2, 430000, 'PM01'),
(195, 10258, 129, 'S13', '20210530', 'P24', 1, 53000, 'PM01'),
(196, 10025, 167, 'S34', '20210512', 'P04', 2, 246000, 'PM01'),
(197, 10145, 160, 'S30', '20220907', 'P32', 2, 138000, 'PM02'),
(198, 10500, 153, 'S26', '20230325', 'P05', 2, 940000, 'PM01'),
(199, 10145, 123, 'S10', '20221229', 'P07', 1, 215000, 'PM01'),
(200, 10374, 135, 'S16', '20230107', 'P25', 1, 53000, 'PM01'),
(201, 10014, 167, 'S34', '20210607', 'P02', 2, 210000, 'PM02'),
(202, 10494, 198, 'S51', '20220227', 'P04', 1, 123000, 'PM01'),
(203, 10480, 173, 'S38', '20210126', 'P05', 1, 470000, 'PM01'),
(204, 10267, 165, 'S33', '20220324', 'P09', 1, 38000, 'PM01'),
(205, 10485, 134, 'S16', '20210328', 'P05', 2, 940000, 'PM01'),
(206, 10169, 183, 'S52', '20211020', 'P05', 1, 470000, 'PM02'),
(207, 10183, 136, 'S17', '20210622', 'P61', 1, 234000, 'PM01'),
(208, 10211, 127, 'S12', '20220830', 'P02', 1, 105000, 'PM02'),
(209, 10399, 183, 'S52', '20220713', 'P09', 1, 38000, 'PM01'),
(210, 10300, 175, 'S39', '20210920', 'P03', 1, 235000, 'PM01'),
(211, 10036, 151, 'S25', '20231108', 'P52', 2, 70000, 'PM02'),
(212, 10312, 161, 'S31', '20220905', 'P58', 1, 95000, 'PM02'),
(213, 10317, 151, 'S25', '20230824', 'P03', 2, 470000, 'PM02'),
(214, 10048, 125, 'S11', '20221204', 'P02', 1, 105000, 'PM02'),
(215, 10379, 173, 'S38', '20210704', 'P03', 2, 470000, 'PM01'),
(216, 10047, 173, 'S38', '20210816', 'P05', 2, 940000, 'PM02'),
(217, 10354, 136, 'S17', '20210812', 'P56', 2, 24000, 'PM01'),
(218, 10395, 165, 'S33', '20211009', 'P08', 1, 29000, 'PM01'),
(219, 10167, 155, 'S27', '20211223', 'P05', 1, 470000, 'PM01'),
(220, 10221, 158, 'S29', '20230815', 'P05', 1, 470000, 'PM02'),
(221, 10222, 180, 'S42', '20220715', 'P01', 1, 115000, 'PM02'),
(222, 10375, 138, 'S18', '20210925', 'P04', 1, 123000, 'PM01'),
(223, 10223, 164, 'S33', '20210304', 'P08', 1, 29000, 'PM02'),
(224, 10115, 148, 'S23', '20231020', 'P03', 2, 470000, 'PM04'),
(225, 10126, 143, 'S21', '20220901', 'P03', 2, 470000, 'PM03'),
(226, 10124, 183, 'S52', '20220802', 'P34', 1, 4000, 'PM01'),
(227, 10208, 195, 'S49', '20220206', 'P08', 2, 58000, 'PM03'),
(228, 10172, 200, 'S53', '20220501', 'P03', 1, 235000, 'PM01'),
(229, 10176, 200, 'S53', '20220818', 'P03', 2, 470000, 'PM03'),
(230, 10332, 166, 'S55', '20210311', 'P01', 1, 115000, 'PM02'),
(231, 10423, 183, 'S52', '20230326', 'P08', 1, 29000, 'PM01'),
(232, 10064, 190, 'S47', '20230803', 'P57', 1, 21000, 'PM01'),
(233, 10398, 197, 'S50', '20220816', 'P01', 2, 230000, 'PM03'),
(234, 10123, 195, 'S49', '20220620', 'P08', 1, 29000, 'PM02'),
(235, 10429, 164, 'S33', '20210218', 'P03', 2, 470000, 'PM04'),
(236, 10071, 140, 'S19', '20230604', 'P07', 2, 430000, 'PM03'),
(237, 10050, 181, 'S43', '20231019', 'P25', 2, 106000, 'PM03'),
(238, 10171, 142, 'S20', '20220908', 'P70', 1, 45000, 'PM01'),
(239, 10266, 196, 'S50', '20230327', 'P33', 2, 138000, 'PM03'),
(240, 10287, 156, 'S28', '20220712', 'P11', 2, 630000, 'PM03'),
(241, 10285, 138, 'S18', '20211204', 'P07', 2, 430000, 'PM04'),
(242, 10166, 178, 'S41', '20221120', 'P06', 1, 95000, 'PM01'),
(243, 10383, 153, 'S26', '20230219', 'P01', 2, 230000, 'PM04'),
(244, 10104, 189, 'S46', '20220625', 'P67', 1, 60000, 'PM01'),
(245, 10196, 169, 'S35', '20230825', 'P01', 2, 230000, 'PM03'),
(246, 10449, 179, 'S41', '20230314', 'P02', 1, 105000, 'PM01'),
(247, 10083, 194, 'S53', '20231012', 'P51', 2, 80000, 'PM04'),
(248, 10139, 199, 'S51', '20230718', 'P08', 2, 58000, 'PM04'),
(249, 10314, 138, 'S18', '20230201', 'P07', 1, 215000, 'PM02'),
(250, 10482, 156, 'S28', '20231116', 'P07', 2, 430000, 'PM04'),
(251, 10163, 196, 'S50', '20210808', 'P05', 2, 940000, 'PM04'),
(252, 10498, 198, 'S51', '20220503', 'P01', 1, 115000, 'PM01'),
(253, 10490, 161, 'S31', '20231224', 'P02', 1, 105000, 'PM02'),
(254, 10218, 156, 'S28', '20210729', 'P07', 1, 215000, 'PM02'),
(255, 10313, 165, 'S33', '20230603', 'P21', 2, 126000, 'PM03'),
(256, 10443, 150, 'S24', '20230729', 'P44', 2, 128000, 'PM04'),
(257, 10214, 167, 'S34', '20210424', 'P50', 1, 415000, 'PM01'),
(258, 10078, 193, 'S48', '20231030', 'P02', 2, 210000, 'PM04'),
(259, 10254, 197, 'S50', '20231110', 'P09', 2, 76000, 'PM03'),
(260, 10478, 150, 'S24', '20211107', 'P05', 2, 940000, 'PM04'),
(261, 10062, 162, 'S31', '20210113', 'P02', 1, 105000, 'PM02'),
(262, 10304, 182, 'S43', '20221231', 'P02', 1, 105000, 'PM01'),
(263, 10270, 160, 'S30', '20210501', 'P02', 1, 105000, 'PM02'),
(264, 10421, 194, 'S48', '20211213', 'P06', 2, 190000, 'PM03'),
(265, 10046, 182, 'S43', '20210620', 'P57', 2, 42000, 'PM04'),
(266, 10463, 136, 'S17', '20220208', 'P01', 2, 230000, 'PM03'),
(267, 10320, 172, 'S37', '20231125', 'P43', 1, 210000, 'PM02'),
(268, 10045, 134, 'S16', '20211004', 'P08', 2, 58000, 'PM03'),
(269, 10086, 177, 'S40', '20220103', 'P03', 1, 235000, 'PM01'),
(270, 10132, 194, 'S53', '20210921', 'P09', 1, 38000, 'PM01'),
(271, 10272, 128, 'S13', '20210322', 'P09', 2, 76000, 'PM03'),
(272, 10472, 190, 'S47', '20210308', 'P09', 1, 38000, 'PM01'),
(273, 10214, 162, 'S31', '20210226', 'P01', 2, 230000, 'PM04'),
(274, 10312, 122, 'S10', '20210415', 'P05', 1, 470000, 'PM02'),
(275, 10442, 177, 'S40', '20231107', 'P01', 1, 115000, 'PM01'),
(276, 10435, 152, 'S25', '20211014', 'P08', 2, 58000, 'PM04'),
(277, 10247, 163, 'S32', '20211115', 'P09', 2, 76000, 'PM03'),
(278, 10346, 186, 'S45', '20220718', 'P06', 1, 95000, 'PM01'),
(279, 10137, 197, 'S50', '20230522', 'P01', 2, 230000, 'PM03'),
(280, 10182, 140, 'S19', '20220729', 'P08', 1, 29000, 'PM01'),
(281, 10124, 154, 'S26', '20220915', 'P09', 2, 76000, 'PM03'),
(282, 10235, 182, 'S43', '20230210', 'P09', 1, 38000, 'PM01'),
(283, 10024, 103, 'S54', '20221005', 'P04', 1, 123000, 'PM01'),
(284, 10266, 133, 'S15', '20230404', 'P03', 1, 235000, 'PM01'),
(285, 10025, 176, 'S39', '20231228', 'P06', 1, 95000, 'PM01'),
(286, 10096, 182, 'S43', '20220602', 'P03', 2, 470000, 'PM03'),
(287, 10143, 149, 'S24', '20220829', 'P09', 2, 76000, 'PM03'),
(288, 10119, 138, 'S18', '20230106', 'P03', 1, 235000, 'PM02'),
(289, 10464, 185, 'S44', '20210715', 'P05', 2, 940000, 'PM03'),
(290, 10060, 189, 'S46', '20210412', 'P03', 2, 470000, 'PM03'),
(291, 10436, 190, 'S47', '20231126', 'P06', 1, 95000, 'PM02'),
(292, 10406, 153, 'S26', '20220913', 'P05', 1, 470000, 'PM02'),
(293, 10076, 130, 'S14', '20211103', 'P04', 1, 123000, 'PM02'),
(294, 10174, 166, 'S55', '20210731', 'P06', 1, 95000, 'PM02'),
(295, 10231, 132, 'S15', '20230613', 'P01', 1, 115000, 'PM01'),
(296, 10131, 135, 'S16', '20211129', 'P02', 1, 105000, 'PM01'),
(297, 10350, 199, 'S51', '20230721', 'P01', 2, 230000, 'PM03'),
(298, 10019, 146, 'S22', '20210108', 'P02', 2, 210000, 'PM04'),
(299, 10117, 171, 'S36', '20221219', 'P02', 1, 105000, 'PM02'),
(300, 10026, 161, 'S31', '20211206', 'P23', 2, 138000, 'PM03'),
(301, 10380, 199, 'S51', '20210504', 'P10', 2, 1752000, 'PM04'),
(302, 10216, 175, 'S39', '20211220', 'P32', 1, 69000, 'PM02'),
(303, 10371, 156, 'S28', '20230205', 'P63', 1, 210000, 'PM01'),
(304, 10079, 128, 'S13', '20231119', 'P61', 1, 234000, 'PM02'),
(305, 10184, 167, 'S34', '20230621', 'P23', 1, 69000, 'PM02'),
(306, 10217, 122, 'S10', '20231104', 'P22', 2, 70000, 'PM04'),
(307, 10137, 103, 'S54', '20231009', 'P28', 1, 22000, 'PM01'),
(308, 10359, 146, 'S22', '20231025', 'P68', 2, 60000, 'PM03'),
(309, 10441, 103, 'S54', '20220228', 'P12', 2, 1258000, 'PM03'),
(310, 10223, 127, 'S12', '20230723', 'P63', 1, 210000, 'PM01'),
(311, 10449, 186, 'S45', '20211002', 'P24', 2, 106000, 'PM03'),
(312, 10414, 180, 'S42', '20211016', 'P25', 1, 53000, 'PM01'),
(313, 10130, 181, 'S43', '20220709', 'P14', 1, 195000, 'PM02'),
(314, 10324, 155, 'S27', '20210626', 'P42', 2, 780000, 'PM04'),
(315, 10053, 144, 'S21', '20210610', 'P37', 1, 7000, 'PM01'),
(316, 10247, 192, 'S48', '20231208', 'P14', 1, 195000, 'PM02'),
(317, 10492, 124, 'S11', '20221227', 'P47', 1, 55000, 'PM01'),
(318, 10226, 170, 'S36', '20220404', 'P36', 1, 190000, 'PM02'),
(319, 10245, 127, 'S12', '20220302', 'P10', 2, 1752000, 'PM04'),
(320, 10294, 197, 'S50', '20221221', 'P43', 2, 420000, 'PM04'),
(321, 10059, 160, 'S30', '20210101', 'P46', 1, 12000, 'PM02'),
(322, 10266, 156, 'S28', '20231015', 'P30', 1, 295000, 'PM01'),
(323, 10460, 169, 'S35', '20220708', 'P71', 1, 84000, 'PM02'),
(324, 10335, 132, 'S15', '20210725', 'P10', 2, 1752000, 'PM04'),
(325, 10104, 131, 'S14', '20230126', 'P39', 1, 14000, 'PM01'),
(326, 10037, 148, 'S23', '20221216', 'P69', 2, 186000, 'PM04'),
(327, 10076, 169, 'S35', '20231021', 'P72', 1, 86000, 'PM02'),
(328, 10238, 190, 'S47', '20210913', 'P71', 2, 168000, 'PM03'),
(329, 10345, 180, 'S42', '20230626', 'P69', 2, 186000, 'PM04'),
(330, 10160, 132, 'S15', '20230819', 'P37', 2, 14000, 'PM03'),
(331, 10343, 145, 'S21', '20210221', 'P61', 2, 468000, 'PM03'),
(332, 10156, 189, 'S46', '20230526', 'P14', 1, 195000, 'PM01'),
(333, 10157, 155, 'S27', '20230108', 'P19', 1, 340000, 'PM02'),
(334, 10317, 147, 'S22', '20221024', 'P17', 2, 324000, 'PM04'),
(335, 10470, 132, 'S15', '20230623', 'P41', 1, 495000, 'PM01'),
(336, 10330, 177, 'S40', '20230509', 'P59', 1, 125000, 'PM02'),
(337, 10192, 161, 'S31', '20210914', 'P17', 1, 162000, 'PM02'),
(338, 10211, 184, 'S52', '20230317', 'P39', 1, 14000, 'PM01'),
(339, 10155, 153, 'S26', '20231010', 'P18', 1, 119000, 'PM01'),
(340, 10389, 180, 'S42', '20211228', 'P37', 2, 14000, 'PM03'),
(341, 10048, 178, 'S41', '20231220', 'P45', 1, 78000, 'PM02'),
(342, 10499, 147, 'S22', '20210306', 'P25', 1, 53000, 'PM01'),
(343, 10396, 183, 'S52', '20231016', 'P51', 2, 80000, 'PM04'),
(344, 10396, 149, 'S24', '20231206', 'P57', 2, 42000, 'PM04'),
(345, 10421, 136, 'S17', '20210605', 'P43', 2, 420000, 'PM03'),
(346, 10103, 170, 'S36', '20211117', 'P58', 2, 190000, 'PM04'),
(347, 10448, 153, 'S26', '20230208', 'P72', 1, 86000, 'PM02'),
(348, 10481, 141, 'S19', '20230928', 'P41', 1, 495000, 'PM01'),
(349, 10359, 155, 'S27', '20210726', 'P12', 2, 1258000, 'PM03'),
(350, 10257, 142, 'S20', '20220327', 'P29', 2, 52000, 'PM03'),
(351, 10099, 126, 'S12', '20211201', 'P68', 1, 30000, 'PM02'),
(352, 10096, 160, 'S30', '20230715', 'P27', 2, 128000, 'PM04'),
(353, 10040, 184, 'S52', '20211120', 'P31', 2, 80000, 'PM03'),
(354, 10003, 175, 'S39', '20210509', 'P36', 1, 190000, 'PM02'),
(355, 10125, 128, 'S13', '20230809', 'P67', 2, 120000, 'PM03'),
(356, 10360, 183, 'S52', '20230128', 'P56', 1, 12000, 'PM02'),
(357, 10347, 150, 'S24', '20210823', 'P16', 2, 198000, 'PM03'),
(358, 10111, 166, 'S55', '20210404', 'P64', 2, 220000, 'PM03'),
(359, 10445, 168, 'S34', '20220430', 'P38', 2, 38000, 'PM04'),
(360, 10394, 195, 'S49', '20230415', 'P65', 1, 45000, 'PM01'),
(361, 10458, 134, 'S16', '20221218', 'P60', 2, 230000, 'PM04'),
(362, 10061, 155, 'S27', '20220629', 'P44', 1, 64000, 'PM02'),
(363, 10443, 159, 'S30', '20210916', 'P52', 2, 70000, 'PM04'),
(364, 10493, 176, 'S39', '20230823', 'P48', 1, 32000, 'PM01'),
(365, 10027, 179, 'S41', '20210318', 'P53', 1, 95000, 'PM02'),
(366, 10106, 166, 'S55', '20220514', 'P59', 1, 125000, 'PM02'),
(367, 10472, 180, 'S42', '20220923', 'P24', 2, 106000, 'PM03'),
(368, 10027, 127, 'S12', '20230709', 'P74', 1, 20000, 'PM01'),
(369, 10418, 163, 'S32', '20211116', 'P32', 1, 69000, 'PM02'),
(370, 10447, 173, 'S38', '20230720', 'P58', 1, 95000, 'PM02'),
(371, 10211, 164, 'S33', '20211119', 'P70', 2, 90000, 'PM03'),
(372, 10370, 180, 'S42', '20220305', 'P25', 1, 53000, 'PM01'),
(373, 10405, 195, 'S49', '20231204', 'P41', 1, 495000, 'PM02'),
(374, 10420, 150, 'S24', '20231201', 'P23', 2, 138000, 'PM03'),
(375, 10033, 185, 'S44', '20210411', 'P74', 1, 20000, 'PM01'),
(376, 10113, 163, 'S32', '20220107', 'P21', 2, 126000, 'PM03'),
(377, 10143, 186, 'S45', '20210815', 'P53', 1, 95000, 'PM01'),
(378, 10367, 180, 'S42', '20210117', 'P73', 1, 20000, 'PM01'),
(379, 10088, 194, 'S48', '20210910', 'P60', 1, 115000, 'PM02'),
(380, 10149, 177, 'S40', '20210922', 'P39', 2, 28000, 'PM04'),
(381, 10165, 190, 'S47', '20220717', 'P52', 1, 35000, 'PM02'),
(382, 10018, 149, 'S24', '20230225', 'P74', 1, 20000, 'PM02'),
(383, 10069, 170, 'S36', '20230816', 'P57', 2, 42000, 'PM04'),
(384, 10222, 172, 'S37', '20210820', 'P24', 2, 106000, 'PM04'),
(385, 10500, 182, 'S43', '20220919', 'P35', 2, 12000, 'PM04'),
(386, 10160, 132, 'S15', '20210506', 'P33', 1, 69000, 'PM02'),
(387, 10420, 131, 'S14', '20210314', 'P32', 2, 138000, 'PM03'),
(388, 10263, 172, 'S37', '20220810', 'P30', 2, 590000, 'PM04'),
(389, 10463, 185, 'S44', '20231011', 'P34', 1, 4000, 'PM02'),
(390, 10368, 177, 'S40', '20211013', 'P68', 1, 30000, 'PM02'),
(391, 10224, 166, 'S55', '20210801', 'P11', 1, 315000, 'PM02'),
(392, 10319, 159, 'S30', '20230419', 'P74', 1, 20000, 'PM02'),
(393, 10252, 141, 'S19', '20220429', 'P66', 1, 20000, 'PM01'),
(394, 10087, 140, 'S19', '20221109', 'P68', 2, 60000, 'PM04'),
(395, 10172, 150, 'S24', '20231217', 'P55', 1, 160000, 'PM02'),
(396, 10485, 151, 'S25', '20230811', 'P11', 1, 315000, 'PM01'),
(397, 10492, 153, 'S26', '20220314', 'P27', 1, 64000, 'PM01'),
(398, 10427, 184, 'S52', '20210827', 'P61', 1, 234000, 'PM01'),
(399, 10040, 200, 'S53', '20220726', 'P47', 2, 110000, 'PM04'),
(400, 10299, 167, 'S34', '20230202', 'P15', 2, 880000, 'PM04'),
(401, 10216, 142, 'S20', '20231109', 'P31', 2, 80000, 'PM04'),
(402, 10229, 168, 'S34', '20221127', 'P20', 1, 295000, 'PM01'),
(403, 10306, 103, 'S54', '20221101', 'P48', 2, 64000, 'PM03'),
(404, 10098, 196, 'S50', '20221126', 'P60', 2, 230000, 'PM03'),
(405, 10389, 177, 'S40', '20220105', 'P52', 1, 35000, 'PM02'),
(406, 10070, 126, 'S12', '20211101', 'P56', 1, 12000, 'PM01'),
(407, 10271, 129, 'S13', '20210606', 'P34', 2, 8000, 'PM03'),
(408, 10041, 198, 'S51', '20220904', 'P57', 2, 42000, 'PM03'),
(409, 10199, 183, 'S52', '20230508', 'P33', 2, 138000, 'PM04'),
(410, 10285, 136, 'S17', '20211023', 'P11', 2, 630000, 'PM03'),
(411, 10213, 154, 'S26', '20220811', 'P67', 2, 120000, 'PM03'),
(412, 10300, 136, 'S17', '20230122', 'P21', 1, 63000, 'PM01'),
(413, 10148, 173, 'S38', '20220828', 'P44', 1, 64000, 'PM02'),
(414, 10221, 179, 'S41', '20210722', 'P50', 2, 830000, 'PM03'),
(415, 10076, 155, 'S27', '20221010', 'P17', 1, 162000, 'PM01'),
(416, 10488, 153, 'S26', '20210405', 'P35', 2, 12000, 'PM03'),
(417, 10441, 183, 'S52', '20231219', 'P42', 2, 780000, 'PM04'),
(418, 10065, 149, 'S24', '20220413', 'P59', 1, 125000, 'PM02'),
(419, 10447, 168, 'S34', '20220711', 'P45', 1, 78000, 'PM02'),
(420, 10352, 176, 'S39', '20210423', 'P35', 1, 6000, 'PM02'),
(421, 10360, 157, 'S29', '20230826', 'P20', 2, 590000, 'PM04'),
(422, 10236, 185, 'S44', '20231026', 'P25', 2, 106000, 'PM04'),
(423, 10124, 179, 'S41', '20220213', 'P34', 1, 4000, 'PM02'),
(424, 10067, 139, 'S18', '20220316', 'P54', 2, 140000, 'PM03'),
(425, 10142, 152, 'S25', '20220804', 'P34', 1, 4000, 'PM01'),
(426, 10280, 192, 'S48', '20211216', 'P40', 1, 20000, 'PM02'),
(427, 10108, 192, 'S48', '20210707', 'P55', 1, 160000, 'PM02'),
(428, 10470, 185, 'S44', '20210112', 'P72', 1, 86000, 'PM01'),
(429, 10379, 159, 'S30', '20210711', 'P22', 2, 70000, 'PM03'),
(430, 10111, 168, 'S34', '20230901', 'P53', 2, 190000, 'PM03'),
(431, 10418, 152, 'S25', '20220821', 'P32', 2, 138000, 'PM04'),
(432, 10431, 164, 'S33', '20210911', 'P38', 2, 38000, 'PM03'),
(433, 10341, 194, 'S48', '20220731', 'P39', 1, 14000, 'PM02'),
(434, 10497, 181, 'S43', '20230120', 'P47', 2, 110000, 'PM04'),
(435, 10202, 196, 'S50', '20220409', 'P55', 1, 160000, 'PM01'),
(436, 10321, 194, 'S53', '20221225', 'P12', 1, 629000, 'PM02'),
(437, 10130, 172, 'S37', '20220215', 'P47', 2, 110000, 'PM04'),
(438, 10389, 189, 'S46', '20220203', 'P59', 2, 250000, 'PM03'),
(439, 10152, 200, 'S53', '20230224', 'P63', 1, 210000, 'PM02'),
(440, 10431, 190, 'S47', '20230801', 'P54', 1, 70000, 'PM01'),
(441, 10436, 155, 'S27', '20210624', 'P25', 2, 106000, 'PM03'),
(442, 10316, 164, 'S33', '20231211', 'P11', 1, 315000, 'PM01'),
(443, 10355, 133, 'S15', '20210629', 'P45', 2, 156000, 'PM04'),
(444, 10183, 175, 'S39', '20211218', 'P13', 2, 520000, 'PM04'),
(445, 10462, 136, 'S17', '20221213', 'P36', 1, 190000, 'PM02'),
(446, 10235, 194, 'S53', '20230531', 'P51', 1, 40000, 'PM02'),
(447, 10463, 188, 'S46', '20210709', 'P35', 2, 12000, 'PM03'),
(448, 10056, 139, 'S18', '20230212', 'P20', 2, 590000, 'PM03'),
(449, 10017, 200, 'S53', '20211025', 'P61', 2, 468000, 'PM04'),
(450, 10456, 123, 'S10', '20210515', 'P43', 1, 210000, 'PM02'),
(451, 10237, 158, 'S29', '20210930', 'P30', 2, 590000, 'PM03'),
(452, 10114, 188, 'S46', '20210528', 'P27', 2, 128000, 'PM04'),
(453, 10151, 175, 'S39', '20211001', 'P22', 1, 35000, 'PM01'),
(454, 10211, 137, 'S18', '20230710', 'P56', 1, 12000, 'PM02'),
(455, 10096, 165, 'S33', '20221226', 'P47', 2, 110000, 'PM04'),
(456, 10370, 132, 'S15', '20220517', 'P48', 1, 32000, 'PM02'),
(457, 10259, 145, 'S21', '20221116', 'P45', 1, 78000, 'PM02'),
(458, 10495, 184, 'S52', '20220416', 'P48', 1, 32000, 'PM01'),
(459, 10474, 156, 'S28', '20210520', 'P59', 2, 250000, 'PM03'),
(460, 10145, 142, 'S20', '20210120', 'P60', 2, 230000, 'PM04'),
(461, 10070, 163, 'S32', '20230227', 'P25', 2, 106000, 'PM04'),
(462, 10275, 197, 'S50', '20220219', 'P34', 2, 8000, 'PM03'),
(463, 10157, 170, 'S36', '20220622', 'P11', 2, 630000, 'PM04'),
(464, 10469, 167, 'S34', '20220930', 'P63', 2, 420000, 'PM04'),
(465, 10208, 181, 'S43', '20231227', 'P45', 1, 78000, 'PM02'),
(466, 10130, 144, 'S21', '20220817', 'P48', 1, 32000, 'PM01'),
(467, 10304, 183, 'S52', '20210209', 'P62', 1, 180000, 'PM02'),
(468, 10087, 142, 'S20', '20220911', 'P49', 2, 48000, 'PM04'),
(469, 10298, 163, 'S32', '20220605', 'P61', 2, 468000, 'PM04'),
(470, 10205, 177, 'S40', '20230420', 'P16', 2, 198000, 'PM03'),
(471, 10471, 160, 'S30', '20210225', 'P64', 2, 220000, 'PM04'),
(472, 10039, 189, 'S46', '20230622', 'P33', 2, 138000, 'PM03'),
(473, 10238, 182, 'S43', '20220509', 'P49', 1, 24000, 'PM01'),
(474, 10311, 156, 'S28', '20221008', 'P38', 1, 19000, 'PM02'),
(475, 10205, 147, 'S22', '20231008', 'P55', 2, 320000, 'PM04'),
(476, 10108, 136, 'S17', '20220925', 'P69', 1, 93000, 'PM01'),
(477, 10010, 103, 'S54', '20220508', 'P56', 2, 24000, 'PM03'),
(478, 10268, 162, 'S31', '20210928', 'P47', 1, 55000, 'PM01'),
(479, 10008, 178, 'S41', '20220721', 'P42', 2, 780000, 'PM04'),
(480, 10178, 195, 'S49', '20210708', 'P65', 2, 90000, 'PM04'),
(481, 10436, 125, 'S11', '20230323', 'P52', 2, 70000, 'PM04'),
(482, 10080, 156, 'S28', '20210817', 'P67', 2, 120000, 'PM04'),
(483, 10382, 163, 'S32', '20210418', 'P56', 2, 24000, 'PM03'),
(484, 10399, 188, 'S46', '20210706', 'P44', 1, 64000, 'PM02'),
(485, 10110, 148, 'S23', '20210613', 'P21', 2, 126000, 'PM03'),
(486, 10459, 143, 'S21', '20210130', 'P35', 2, 12000, 'PM03'),
(487, 10120, 134, 'S16', '20230805', 'P29', 1, 26000, 'PM02'),
(488, 10088, 143, 'S21', '20210801', 'P54', 1, 70000, 'PM01'),
(489, 10206, 157, 'S29', '20231229', 'P24', 1, 53000, 'PM02'),
(490, 10317, 153, 'S26', '20210131', 'P23', 1, 69000, 'PM01'),
(491, 10446, 118, 'S18', '20230130', 'P42', 1, 390000, 'PM01'),
(492, 10485, 140, 'S19', '20210809', 'P41', 1, 495000, 'PM02'),
(493, 10396, 169, 'S35', '20231203', 'P13', 2, 520000, 'PM04'),
(494, 10414, 142, 'S20', '20210406', 'P43', 2, 420000, 'PM03'),
(495, 10212, 126, 'S12', '20221113', 'P30', 1, 295000, 'PM01'),
(496, 10202, 138, 'S18', '20230111', 'P25', 1, 53000, 'PM01'),
(497, 10300, 188, 'S46', '20231013', 'P22', 2, 70000, 'PM03'),
(498, 10480, 181, 'S43', '20230818', 'P71', 2, 168000, 'PM03'),
(499, 10179, 157, 'S29', '20220329', 'P28', 2, 44000, 'PM04'),
(500, 10244, 189, 'S46', '20230514', 'P22', 1, 35000, 'PM01'),
(501, 10420, 140, 'S19', '20210513', 'P31', 2, 80000, 'PM03'),
(502, 10465, 128, 'S13', '20221129', 'P68', 1, 30000, 'PM01'),
(503, 10205, 163, 'S32', '20221121', 'P36', 2, 380000, 'PM03'),
(504, 10236, 150, 'S24', '20230922', 'P69', 1, 93000, 'PM01'),
(505, 10410, 197, 'S50', '20230727', 'P55', 2, 320000, 'PM03'),
(506, 10071, 158, 'S29', '20230912', 'P50', 2, 830000, 'PM04'),
(507, 10167, 152, 'S25', '20231210', 'P13', 2, 520000, 'PM04'),
(508, 10162, 145, 'S21', '20230503', 'P16', 1, 99000, 'PM01'),
(509, 10104, 195, 'S49', '20220303', 'P57', 1, 21000, 'PM01'),
(510, 10199, 184, 'S52', '20230619', 'P42', 2, 780000, 'PM03'),
(511, 10443, 171, 'S36', '20210129', 'P37', 1, 7000, 'PM02'),
(512, 10387, 188, 'S46', '20230810', 'P43', 2, 420000, 'PM03'),
(513, 10200, 175, 'S39', '20211203', 'P52', 1, 35000, 'PM02'),
(514, 10331, 148, 'S23', '20211224', 'P22', 1, 35000, 'PM02'),
(515, 10419, 177, 'S40', '20230828', 'P50', 2, 830000, 'PM04'),
(516, 10333, 158, 'S29', '20220125', 'P42', 2, 780000, 'PM04'),
(517, 10269, 122, 'S10', '20230923', 'P53', 2, 190000, 'PM04'),
(518, 10230, 174, 'S38', '20211022', 'P18', 2, 238000, 'PM04'),
(519, 10046, 124, 'S11', '20220217', 'P18', 2, 238000, 'PM03'),
(520, 10425, 181, 'S43', '20220703', 'P43', 1, 210000, 'PM02'),
(521, 10362, 158, 'S29', '20220523', 'P57', 2, 42000, 'PM03'),
(522, 10490, 149, 'S24', '20230929', 'P37', 1, 7000, 'PM02'),
(523, 10480, 129, 'S13', '20211029', 'P73', 1, 20000, 'PM01'),
(524, 10071, 171, 'S36', '20210917', 'P35', 1, 6000, 'PM02'),
(525, 10341, 180, 'S42', '20220415', 'P49', 1, 24000, 'PM02'),
(526, 10034, 172, 'S37', '20221202', 'P62', 1, 180000, 'PM01'),
(527, 10302, 156, 'S28', '20230725', 'P57', 2, 42000, 'PM04'),
(528, 10342, 137, 'S18', '20231223', 'P33', 2, 138000, 'PM03'),
(529, 10241, 134, 'S16', '20220909', 'P35', 2, 12000, 'PM03'),
(530, 10156, 126, 'S12', '20210617', 'P71', 1, 84000, 'PM01'),
(531, 10012, 166, 'S55', '20230606', 'P23', 1, 69000, 'PM02'),
(532, 10184, 165, 'S33', '20210529', 'P29', 1, 26000, 'PM02'),
(533, 10326, 195, 'S49', '20220727', 'P31', 1, 40000, 'PM02'),
(534, 10027, 200, 'S53', '20211010', 'P12', 1, 629000, 'PM01'),
(535, 10057, 166, 'S55', '20210621', 'P23', 2, 138000, 'PM03'),
(536, 10145, 187, 'S45', '20220211', 'P54', 1, 70000, 'PM01'),
(537, 10473, 184, 'S52', '20230731', 'P20', 2, 590000, 'PM04'),
(538, 10105, 195, 'S49', '20210205', 'P46', 2, 24000, 'PM03'),
(539, 10217, 132, 'S15', '20210627', 'P63', 1, 210000, 'PM01'),
(540, 10387, 172, 'S37', '20220515', 'P23', 1, 69000, 'PM01'),
(541, 10124, 145, 'S21', '20231105', 'P31', 2, 80000, 'PM04'),
(542, 10037, 122, 'S10', '20211125', 'P37', 1, 7000, 'PM02'),
(543, 10028, 174, 'S38', '20220623', 'P24', 2, 106000, 'PM03'),
(544, 10220, 141, 'S19', '20230617', 'P16', 2, 198000, 'PM04'),
(545, 10354, 133, 'S15', '20220813', 'P72', 1, 86000, 'PM02'),
(546, 10227, 165, 'S33', '20220223', 'P71', 1, 84000, 'PM02'),
(547, 10378, 195, 'S49', '20211011', 'P46', 1, 12000, 'PM02'),
(548, 10115, 155, 'S27', '20220724', 'P32', 1, 69000, 'PM02'),
(549, 10341, 190, 'S47', '20230802', 'P29', 2, 52000, 'PM03'),
(550, 10129, 138, 'S18', '20220826', 'P26', 1, 21000, 'PM01'),
(551, 10487, 138, 'S18', '20210519', 'P59', 2, 250000, 'PM04'),
(552, 10481, 140, 'S19', '20230331', 'P73', 2, 40000, 'PM03'),
(553, 10300, 195, 'S49', '20221103', 'P64', 2, 220000, 'PM03'),
(554, 10048, 167, 'S34', '20220117', 'P13', 2, 520000, 'PM04'),
(555, 10119, 186, 'S45', '20210321', 'P57', 1, 21000, 'PM01'),
(556, 10036, 148, 'S23', '20220326', 'P11', 2, 630000, 'PM03'),
(557, 10049, 160, 'S30', '20211113', 'P23', 2, 138000, 'PM03'),
(558, 10123, 189, 'S46', '20221214', 'P37', 1, 7000, 'PM02'),
(559, 10295, 194, 'S53', '20231226', 'P58', 1, 95000, 'PM01'),
(560, 10135, 172, 'S37', '20211212', 'P41', 1, 495000, 'PM02'),
(561, 10328, 198, 'S51', '20230908', 'P50', 1, 415000, 'PM01'),
(562, 10184, 122, 'S10', '20231216', 'P27', 1, 64000, 'PM02'),
(563, 10427, 144, 'S21', '20231209', 'P10', 2, 1752000, 'PM04'),
(564, 10294, 158, 'S29', '20220427', 'P35', 2, 12000, 'PM04'),
(565, 10051, 200, 'S53', '20230324', 'P35', 2, 12000, 'PM03'),
(566, 10033, 122, 'S10', '20210518', 'P68', 2, 60000, 'PM04'),
(567, 10385, 151, 'S25', '20221106', 'P17', 2, 324000, 'PM04'),
(568, 10281, 195, 'S49', '20210703', 'P33', 2, 138000, 'PM03'),
(569, 10187, 175, 'S39', '20220207', 'P72', 1, 86000, 'PM02'),
(570, 10290, 158, 'S29', '20230430', 'P45', 2, 156000, 'PM04'),
(571, 10241, 151, 'S25', '20220626', 'P45', 1, 78000, 'PM01'),
(572, 10328, 194, 'S53', '20210927', 'P54', 1, 70000, 'PM02'),
(573, 10030, 155, 'S27', '20210710', 'P11', 1, 315000, 'PM02'),
(574, 10277, 123, 'S10', '20230512', 'P69', 1, 93000, 'PM01'),
(575, 10127, 161, 'S31', '20220309', 'P18', 2, 238000, 'PM04'),
(576, 10021, 156, 'S28', '20220102', 'P59', 1, 125000, 'PM01'),
(577, 10286, 169, 'S35', '20210831', 'P52', 1, 35000, 'PM02'),
(578, 10226, 147, 'S22', '20221215', 'P36', 2, 380000, 'PM03'),
(579, 10275, 194, 'S48', '20210507', 'P74', 2, 40000, 'PM04'),
(580, 10497, 180, 'S42', '20230428', 'P12', 2, 1258000, 'PM03'),
(581, 10139, 134, 'S16', '20230707', 'P13', 1, 260000, 'PM02'),
(582, 10177, 179, 'S41', '20210215', 'P64', 1, 110000, 'PM01'),
(583, 10163, 165, 'S33', '20220410', 'P12', 1, 629000, 'PM01'),
(584, 10446, 170, 'S36', '20230127', 'P71', 1, 84000, 'PM02'),
(585, 10353, 171, 'S36', '20220524', 'P26', 2, 42000, 'PM03'),
(586, 10414, 130, 'S14', '20220606', 'P13', 2, 520000, 'PM04'),
(587, 10220, 156, 'S28', '20220405', 'P57', 2, 42000, 'PM04'),
(588, 10048, 147, 'S22', '20211114', 'P69', 1, 93000, 'PM02'),
(589, 10048, 151, 'S25', '20220418', 'P18', 1, 119000, 'PM02'),
(590, 10487, 159, 'S30', '20231103', 'P63', 2, 420000, 'PM03'),
(591, 10130, 187, 'S45', '20230328', 'P71', 1, 84000, 'PM01'),
(592, 10157, 169, 'S35', '20231117', 'P23', 1, 69000, 'PM02'),
(593, 10117, 172, 'S37', '20230728', 'P73', 1, 20000, 'PM01'),
(594, 10469, 178, 'S41', '20220212', 'P69', 2, 186000, 'PM03'),
(595, 10403, 187, 'S45', '20230615', 'P61', 1, 234000, 'PM01'),
(596, 10196, 135, 'S16', '20211217', 'P12', 1, 629000, 'PM01'),
(597, 10125, 157, 'S29', '20210324', 'P67', 1, 60000, 'PM01'),
(598, 10307, 148, 'S23', '20211019', 'P67', 1, 60000, 'PM02'),
(599, 10242, 194, 'S48', '20230601', 'P30', 2, 590000, 'PM04'),
(600, 10486, 171, 'S36', '20220807', 'P66', 1, 20000, 'PM01'),
(601, 10011, 142, 'S20', '20230305', 'P56', 2, 24000, 'PM04'),
(602, 10053, 196, 'S50', '20230518', 'P44', 2, 128000, 'PM04'),
(603, 10342, 178, 'S41', '20210604', 'P59', 1, 125000, 'PM02'),
(604, 10056, 161, 'S31', '20220114', 'P56', 1, 12000, 'PM01'),
(605, 10201, 194, 'S48', '20211111', 'P32', 1, 69000, 'PM02'),
(606, 10422, 162, 'S31', '20220525', 'P15', 1, 440000, 'PM02'),
(607, 10412, 184, 'S52', '20230918', 'P69', 2, 186000, 'PM03'),
(608, 10008, 180, 'S42', '20211210', 'P43', 2, 420000, 'PM03'),
(609, 10294, 192, 'S48', '20220306', 'P47', 2, 110000, 'PM04'),
(610, 10284, 166, 'S55', '20230502', 'P70', 1, 45000, 'PM01'),
(611, 10304, 179, 'S41', '20211027', 'P27', 2, 128000, 'PM03'),
(612, 10146, 129, 'S13', '20220129', 'P65', 1, 45000, 'PM01'),
(613, 10233, 195, 'S49', '20230302', 'P24', 2, 106000, 'PM04'),
(614, 10078, 139, 'S18', '20210329', 'P71', 1, 84000, 'PM02'),
(615, 10477, 148, 'S23', '20230904', 'P73', 1, 20000, 'PM01'),
(616, 10437, 183, 'S52', '20220209', 'P13', 1, 260000, 'PM01'),
(617, 10129, 189, 'S46', '20230228', 'P16', 1, 99000, 'PM01'),
(618, 10265, 183, 'S52', '20220902', 'P34', 2, 8000, 'PM03'),
(619, 10321, 170, 'S36', '20230827', 'P67', 2, 120000, 'PM04'),
(620, 10019, 146, 'S22', '20230504', 'P70', 2, 90000, 'PM03'),
(621, 10455, 122, 'S10', '20230307', 'P13', 1, 260000, 'PM02'),
(622, 10112, 187, 'S45', '20220908', 'P47', 1, 55000, 'PM02'),
(623, 10158, 146, 'S22', '20210527', 'P46', 1, 12000, 'PM02'),
(624, 10030, 177, 'S40', '20230131', 'P28', 2, 44000, 'PM04'),
(625, 10124, 149, 'S24', '20230704', 'P68', 2, 60000, 'PM04'),
(626, 10389, 150, 'S24', '20210514', 'P37', 1, 7000, 'PM01'),
(627, 10449, 126, 'S12', '20230804', 'P46', 1, 12000, 'PM01'),
(628, 10121, 135, 'S16', '20210727', 'P70', 1, 45000, 'PM01'),
(629, 10171, 145, 'S21', '20220204', 'P53', 1, 95000, 'PM02'),
(630, 10219, 131, 'S14', '20230412', 'P30', 2, 590000, 'PM03'),
(631, 10356, 143, 'S21', '20220901', 'P50', 2, 830000, 'PM04'),
(632, 10344, 123, 'S10', '20220318', 'P19', 1, 340000, 'PM02'),
(633, 10060, 151, 'S25', '20220905', 'P50', 2, 830000, 'PM04'),
(634, 10426, 139, 'S18', '20230101', 'P71', 2, 168000, 'PM04'),
(635, 10176, 168, 'S34', '20220909', 'P39', 2, 28000, 'PM04'),
(636, 10020, 191, 'S48', '20230308', 'P29', 2, 52000, 'PM03'),
(637, 10208, 103, 'S54', '20220529', 'P16', 1, 99000, 'PM01'),
(638, 10442, 183, 'S52', '20210325', 'P45', 1, 78000, 'PM02'),
(639, 10362, 196, 'S50', '20211109', 'P33', 1, 69000, 'PM02'),
(640, 10338, 132, 'S15', '20220417', 'P64', 1, 110000, 'PM02'),
(641, 10266, 137, 'S18', '20220824', 'P71', 1, 84000, 'PM01'),
(642, 10023, 139, 'S18', '20220519', 'P52', 1, 35000, 'PM02'),
(643, 10037, 138, 'S18', '20230114', 'P25', 2, 106000, 'PM04'),
(644, 10062, 163, 'S32', '20231007', 'P25', 2, 106000, 'PM04'),
(645, 10313, 155, 'S27', '20230115', 'P28', 1, 22000, 'PM01'),
(646, 10302, 194, 'S53', '20230903', 'P54', 2, 140000, 'PM04'),
(647, 10358, 133, 'S15', '20210408', 'P64', 2, 220000, 'PM04'),
(648, 10199, 186, 'S45', '20220809', 'P63', 2, 420000, 'PM04'),
(649, 10370, 181, 'S43', '20230306', 'P12', 1, 629000, 'PM01'),
(650, 10319, 177, 'S40', '20231218', 'P33', 1, 69000, 'PM01'),
(651, 10255, 145, 'S21', '20211026', 'P45', 2, 156000, 'PM03'),
(652, 10486, 168, 'S34', '20211230', 'P51', 2, 80000, 'PM01'),
(653, 10073, 188, 'S46', '20220610', 'P41', 1, 495000, 'PM02'),
(654, 10166, 173, 'S38', '20221201', 'P20', 2, 590000, 'PM02'),
(655, 10363, 194, 'S48', '20220617', 'P17', 1, 162000, 'PM02'),
(656, 10140, 194, 'S48', '20211024', 'P40', 2, 40000, 'PM02'),
(657, 10362, 146, 'S22', '20230222', 'P66', 2, 40000, 'PM02'),
(658, 10296, 125, 'S11', '20210806', 'P29', 2, 52000, 'PM02'),
(659, 10045, 150, 'S24', '20221128', 'P20', 2, 590000, 'PM02'),
(660, 10142, 176, 'S39', '20231130', 'P16', 2, 198000, 'PM01'),
(661, 10047, 194, 'S53', '20221013', 'P12', 2, 1258000, 'PM01'),
(662, 10466, 167, 'S34', '20220113', 'P19', 1, 340000, 'PM02'),
(663, 10497, 197, 'S50', '20230216', 'P23', 1, 69000, 'PM01'),
(664, 10147, 158, 'S29', '20230905', 'P68', 2, 60000, 'PM02'),
(665, 10177, 178, 'S41', '20210630', 'P49', 2, 48000, 'PM02'),
(666, 10062, 135, 'S16', '20230221', 'P67', 1, 60000, 'PM01'),
(667, 10050, 152, 'S25', '20220725', 'P26', 2, 42000, 'PM01'),
(668, 10332, 165, 'S33', '20230416', 'P35', 2, 12000, 'PM02'),
(669, 10010, 139, 'S18', '20221122', 'P67', 1, 60000, 'PM02'),
(670, 10143, 186, 'S45', '20220619', 'P44', 1, 64000, 'PM02'),
(671, 10458, 157, 'S29', '20221026', 'P57', 1, 21000, 'PM01'),
(672, 10298, 133, 'S15', '20210107', 'P16', 2, 198000, 'PM02'),
(673, 10249, 180, 'S42', '20210316', 'P25', 1, 53000, 'PM02'),
(674, 10388, 174, 'S38', '20231124', 'P19', 1, 340000, 'PM01'),
(675, 10326, 136, 'S17', '20220903', 'P53', 1, 95000, 'PM02'),
(676, 10474, 154, 'S26', '20220611', 'P43', 1, 210000, 'PM01'),
(677, 10010, 160, 'S30', '20220122', 'P29', 1, 26000, 'PM01'),
(678, 10085, 190, 'S47', '20211015', 'P62', 1, 180000, 'PM02'),
(679, 10456, 194, 'S53', '20220825', 'P47', 2, 110000, 'PM01'),
(680, 10031, 148, 'S23', '20231028', 'P51', 1, 40000, 'PM01'),
(681, 10218, 124, 'S11', '20210821', 'P22', 1, 35000, 'PM02'),
(682, 10165, 181, 'S43', '20230409', 'P43', 2, 420000, 'PM01'),
(683, 10462, 128, 'S13', '20220916', 'P16', 1, 99000, 'PM02'),
(684, 10288, 154, 'S26', '20220511', 'P22', 1, 35000, 'PM02'),
(685, 10398, 199, 'S51', '20220728', 'P32', 1, 69000, 'PM01'),
(686, 10442, 171, 'S36', '20220504', 'P73', 2, 40000, 'PM01'),
(687, 10396, 165, 'S33', '20221207', 'P23', 1, 69000, 'PM02'),
(688, 10025, 114, 'S16', '20230403', 'P20', 2, 590000, 'PM02'),
(689, 10206, 197, 'S50', '20220205', 'P45', 2, 156000, 'PM01'),
(690, 10302, 166, 'S55', '20230806', 'P18', 2, 238000, 'PM02'),
(691, 10324, 133, 'S15', '20220928', 'P52', 2, 70000, 'PM01'),
(692, 10228, 189, 'S46', '20220320', 'P18', 2, 238000, 'PM02'),
(693, 10303, 194, 'S53', '20220530', 'P71', 2, 168000, 'PM02'),
(694, 10031, 103, 'S54', '20210521', 'P43', 1, 210000, 'PM01'),
(695, 10369, 196, 'S50', '20220720', 'P26', 1, 21000, 'PM02'),
(696, 10115, 152, 'S25', '20230822', 'P71', 2, 168000, 'PM01'),
(697, 10088, 184, 'S52', '20230303', 'P52', 2, 70000, 'PM02'),
(698, 10211, 164, 'S33', '20230812', 'P40', 1, 20000, 'PM01'),
(699, 10417, 155, 'S27', '20220705', 'P43', 2, 420000, 'PM01'),
(700, 10469, 153, 'S26', '20220621', 'P46', 2, 24000, 'PM04'),
(701, 10336, 127, 'S12', '20210724', 'P19', 2, 680000, 'PM04'),
(702, 10208, 141, 'S19', '20210224', 'P38', 2, 38000, 'PM04'),
(703, 10176, 194, 'S53', '20210115', 'P34', 1, 4000, 'PM01'),
(704, 10045, 165, 'S33', '20220406', 'P50', 2, 830000, 'PM04'),
(705, 10427, 129, 'S13', '20230318', 'P14', 2, 390000, 'PM03'),
(706, 10141, 131, 'S14', '20210417', 'P45', 2, 156000, 'PM04'),
(707, 10461, 196, 'S50', '20210315', 'P41', 2, 990000, 'PM03'),
(708, 10200, 142, 'S20', '20210503', 'P58', 2, 190000, 'PM04'),
(709, 10205, 189, 'S46', '20230316', 'P11', 1, 315000, 'PM02'),
(710, 10401, 199, 'S51', '20211112', 'P19', 2, 680000, 'PM03'),
(711, 10437, 138, 'S18', '20210211', 'P36', 2, 380000, 'PM03'),
(712, 10146, 124, 'S11', '20211222', 'P71', 1, 84000, 'PM02'),
(713, 10166, 156, 'S28', '20220618', 'P60', 2, 230000, 'PM03'),
(714, 10261, 165, 'S33', '20220903', 'P25', 2, 106000, 'PM04'),
(715, 10358, 166, 'S55', '20210610', 'P63', 2, 420000, 'PM03'),
(716, 10038, 130, 'S14', '20230311', 'P73', 1, 20000, 'PM01'),
(717, 10299, 131, 'S14', '20220714', 'P19', 2, 680000, 'PM04'),
(718, 10293, 123, 'S10', '20230110', 'P30', 1, 295000, 'PM01'),
(719, 10336, 200, 'S53', '20210525', 'P32', 2, 138000, 'PM04'),
(720, 10250, 123, 'S10', '20210212', 'P51', 2, 80000, 'PM04'),
(721, 10047, 148, 'S23', '20231121', 'P40', 1, 20000, 'PM01'),
(722, 10394, 140, 'S19', '20230930', 'P39', 2, 28000, 'PM04'),
(723, 10248, 137, 'S18', '20221220', 'P66', 2, 40000, 'PM03'),
(724, 10356, 164, 'S33', '20211018', 'P27', 2, 128000, 'PM03'),
(725, 10372, 133, 'S15', '20210826', 'P62', 1, 180000, 'PM02'),
(726, 10341, 198, 'S51', '20211017', 'P23', 1, 69000, 'PM01'),
(727, 10000, 169, 'S35', '20230705', 'P33', 1, 69000, 'PM01'),
(728, 10237, 124, 'S11', '20211118', 'P51', 2, 80000, 'PM04'),
(729, 10399, 183, 'S52', '20221023', 'P48', 2, 64000, 'PM04'),
(730, 10084, 159, 'S30', '20210102', 'P20', 2, 590000, 'PM03'),
(731, 10097, 145, 'S21', '20220701', 'P13', 2, 520000, 'PM04'),
(732, 10470, 130, 'S14', '20230312', 'P21', 2, 126000, 'PM04'),
(733, 10496, 173, 'S38', '20230206', 'P58', 2, 190000, 'PM03'),
(734, 10134, 165, 'S33', '20230217', 'P19', 2, 680000, 'PM03'),
(735, 10475, 177, 'S40', '20220722', 'P49', 2, 48000, 'PM03'),
(736, 10196, 186, 'S45', '20231214', 'P63', 2, 420000, 'PM04'),
(737, 10117, 128, 'S13', '20230630', 'P67', 1, 60000, 'PM02'),
(738, 10145, 166, 'S55', '20220901', 'P49', 1, 24000, 'PM01'),
(739, 10296, 136, 'S17', '20230301', 'P31', 1, 40000, 'PM02'),
(740, 10045, 152, 'S25', '20211006', 'P11', 2, 630000, 'PM04'),
(741, 10209, 143, 'S21', '20230703', 'P35', 2, 12000, 'PM03'),
(742, 10183, 171, 'S36', '20231014', 'P48', 1, 32000, 'PM02'),
(743, 10249, 146, 'S22', '20230425', 'P70', 2, 90000, 'PM03'),
(744, 10455, 148, 'S23', '20210818', 'P19', 2, 680000, 'PM03'),
(745, 10290, 171, 'S36', '20210701', 'P73', 1, 20000, 'PM02'),
(746, 10372, 183, 'S52', '20210807', 'P47', 1, 55000, 'PM02'),
(747, 10373, 194, 'S53', '20231024', 'P68', 2, 60000, 'PM03'),
(748, 10358, 174, 'S38', '20220201', 'P64', 1, 110000, 'PM02'),
(749, 10334, 145, 'S21', '20230523', 'P29', 2, 52000, 'PM03'),
(750, 10405, 138, 'S18', '20211108', 'P32', 2, 138000, 'PM04'),
(751, 10135, 183, 'S52', '20210305', 'P11', 2, 630000, 'PM03'),
(752, 10181, 198, 'S51', '20230713', 'P62', 1, 180000, 'PM01'),
(753, 10392, 103, 'S54', '20210111', 'P40', 2, 40000, 'PM03'),
(754, 10231, 191, 'S48', '20211031', 'P61', 2, 468000, 'PM04'),
(755, 10195, 149, 'S24', '20220917', 'P63', 2, 420000, 'PM04'),
(756, 10394, 162, 'S31', '20230329', 'P50', 2, 830000, 'PM04'),
(757, 10260, 145, 'S21', '20220518', 'P73', 1, 20000, 'PM02'),
(758, 10149, 159, 'S30', '20220426', 'P29', 1, 26000, 'PM01'),
(759, 10403, 173, 'S38', '20210517', 'P74', 2, 40000, 'PM03'),
(760, 10061, 176, 'S39', '20210814', 'P30', 1, 295000, 'PM02'),
(761, 10373, 147, 'S22', '20220313', 'P20', 1, 295000, 'PM02'),
(762, 10230, 182, 'S43', '20210204', 'P38', 1, 19000, 'PM02'),
(763, 10279, 199, 'S51', '20210410', 'P58', 2, 190000, 'PM03'),
(764, 10320, 181, 'S43', '20231127', 'P48', 2, 64000, 'PM04'),
(765, 10297, 180, 'S42', '20220304', 'P31', 1, 40000, 'PM02'),
(766, 10015, 134, 'S16', '20220918', 'P37', 2, 14000, 'PM03'),
(767, 10159, 170, 'S36', '20231222', 'P74', 2, 40000, 'PM04'),
(768, 10230, 160, 'S30', '20210625', 'P38', 2, 38000, 'PM03'),
(769, 10358, 151, 'S25', '20230505', 'P66', 1, 20000, 'PM02'),
(770, 10358, 172, 'S37', '20210220', 'P46', 1, 12000, 'PM01'),
(771, 10298, 190, 'S47', '20230701', 'P43', 2, 420000, 'PM04'),
(772, 10221, 165, 'S33', '20231106', 'P12', 1, 629000, 'PM01'),
(773, 10059, 130, 'S14', '20211219', 'P63', 2, 420000, 'PM03'),
(774, 10005, 171, 'S36', '20221123', 'P69', 2, 186000, 'PM03'),
(775, 10334, 169, 'S35', '20231213', 'P35', 1, 6000, 'PM02'),
(776, 10494, 166, 'S55', '20221208', 'P65', 1, 45000, 'PM01'),
(777, 10108, 145, 'S21', '20230424', 'P13', 2, 520000, 'PM03'),
(778, 10324, 169, 'S35', '20220115', 'P45', 1, 78000, 'PM03'),
(779, 10363, 190, 'S47', '20210301', 'P15', 2, 880000, 'PM03'),
(780, 10354, 148, 'S23', '20211202', 'P71', 1, 84000, 'PM03'),
(781, 10031, 182, 'S43', '20221118', 'P51', 1, 40000, 'PM03'),
(782, 10252, 159, 'S30', '20230123', 'P52', 2, 70000, 'PM03'),
(783, 10062, 190, 'S47', '20210830', 'P20', 2, 590000, 'PM03'),
(784, 10072, 153, 'S26', '20211226', 'P74', 1, 20000, 'PM03'),
(785, 10463, 165, 'S33', '20231112', 'P53', 2, 190000, 'PM04'),
(786, 10249, 129, 'S13', '20220425', 'P63', 2, 420000, 'PM04'),
(787, 10493, 198, 'S51', '20230104', 'P27', 2, 128000, 'PM04'),
(788, 10330, 144, 'S21', '20220131', 'P33', 1, 69000, 'PM03'),
(789, 10197, 126, 'S12', '20221105', 'P12', 2, 1258000, 'PM03'),
(790, 10172, 165, 'S33', '20210918', 'P49', 1, 24000, 'PM03'),
(791, 10039, 176, 'S39', '20210319', 'P41', 1, 495000, 'PM03'),
(792, 10374, 130, 'S14', '20220822', 'P36', 1, 190000, 'PM03'),
(793, 10291, 126, 'S12', '20231003', 'P53', 1, 95000, 'PM03'),
(794, 10428, 200, 'S53', '20210526', 'P57', 2, 42000, 'PM03'),
(795, 10416, 182, 'S43', '20230529', 'P46', 1, 12000, 'PM03'),
(796, 10486, 166, 'S55', '20230524', 'P14', 1, 195000, 'PM03'),
(797, 10211, 185, 'S44', '20230817', 'P56', 1, 12000, 'PM03'),
(798, 10095, 163, 'S32', '20230330', 'P68', 2, 60000, 'PM03'),
(799, 10477, 169, 'S35', '20230914', 'P66', 2, 40000, 'PM04'),
(800, 10070, 152, 'S25', '20230625', 'P63', 2, 420000, 'PM03'),
(801, 10107, 190, 'S47', '20220823', 'P29', 1, 26000, 'PM03'),
(802, 10443, 190, 'S47', '20230717', 'P41', 2, 990000, 'PM04'),
(803, 10039, 141, 'S19', '20231101', 'P47', 1, 55000, 'PM03'),
(804, 10169, 164, 'S33', '20211021', 'P24', 1, 53000, 'PM03'),
(805, 10085, 173, 'S38', '20220922', 'P11', 2, 630000, 'PM04'),
(806, 10040, 126, 'S12', '20230511', 'P46', 4, 48000, 'PM04'),
(807, 10389, 142, 'S20', '20220520', 'P43', 3, 630000, 'PM04'),
(808, 10155, 140, 'S19', '20220502', 'P22', 4, 140000, 'PM03'),
(809, 10330, 166, 'S55', '20230913', 'P56', 3, 36000, 'PM03'),
(810, 10254, 129, 'S13', '20230627', 'P67', 5, 300000, 'PM04'),
(811, 10213, 198, 'S51', '20210811', 'P73', 3, 60000, 'PM03'),
(812, 10053, 146, 'S22', '20230629', 'P51', 5, 200000, 'PM03'),
(813, 10416, 174, 'S38', '20230921', 'P30', 4, 1180000, 'PM04'),
(814, 10246, 158, 'S29', '20230315', 'P36', 5, 950000, 'PM03'),
(815, 10229, 141, 'S19', '20220927', 'P59', 4, 500000, 'PM04'),
(816, 10458, 174, 'S38', '20220808', 'P42', 3, 1170000, 'PM04'),
(817, 10178, 159, 'S30', '20230413', 'P17', 3, 486000, 'PM04'),
(818, 10240, 152, 'S25', '20220522', 'P61', 5, 1170000, 'PM03'),
(819, 10312, 129, 'S13', '20221108', 'P13', 4, 1040000, 'PM03'),
(820, 10351, 170, 'S36', '20220904', 'P22', 4, 140000, 'PM04'),
(821, 10040, 131, 'S14', '20220307', 'P27', 3, 192000, 'PM04'),
(822, 10087, 122, 'S10', '20230830', 'P73', 5, 100000, 'PM04'),
(823, 10294, 142, 'S20', '20220423', 'P20', 3, 885000, 'PM04'),
(824, 10110, 124, 'S11', '20220806', 'P68', 3, 90000, 'PM04'),
(825, 10457, 136, 'S17', '20221019', 'P19', 4, 1360000, 'PM03'),
(826, 10076, 163, 'S32', '20220128', 'P38', 4, 76000, 'PM04'),
(827, 10293, 180, 'S42', '20220812', 'P11', 4, 1260000, 'PM04'),
(828, 10174, 164, 'S33', '20210612', 'P25', 5, 265000, 'PM03'),
(829, 10029, 189, 'S46', '20230711', 'P27', 3, 192000, 'PM03'),
(830, 10141, 145, 'S21', '20220110', 'P45', 3, 234000, 'PM03'),
(831, 10285, 179, 'S41', '20210603', 'P49', 5, 120000, 'PM04'),
(832, 10163, 124, 'S11', '20230211', 'P57', 3, 63000, 'PM04'),
(833, 10453, 136, 'S17', '20210110', 'P64', 3, 330000, 'PM03'),
(834, 10137, 156, 'S28', '20230722', 'P52', 4, 140000, 'PM03'),
(835, 10023, 147, 'S22', '20230215', 'P48', 3, 96000, 'PM04'),
(836, 10142, 190, 'S47', '20210127', 'P59', 5, 625000, 'PM03'),
(837, 10371, 132, 'S15', '20211207', 'P44', 5, 320000, 'PM04'),
(838, 10085, 188, 'S46', '20220422', 'P30', 3, 885000, 'PM03'),
(839, 10102, 174, 'S38', '20221031', 'P64', 3, 330000, 'PM04'),
(840, 10392, 123, 'S10', '20210208', 'P72', 4, 344000, 'PM04'),
(841, 10255, 148, 'S23', '20230319', 'P47', 5, 275000, 'PM03'),
(842, 10347, 155, 'S27', '20210719', 'P20', 4, 1180000, 'PM04'),
(843, 10399, 183, 'S52', '20230207', 'P69', 5, 465000, 'PM04'),
(844, 10036, 133, 'S15', '20220906', 'P25', 5, 265000, 'PM04'),
(845, 10196, 139, 'S18', '20231023', 'P66', 5, 100000, 'PM03'),
(846, 10201, 153, 'S26', '20231207', 'P18', 5, 595000, 'PM04'),
(847, 10128, 166, 'S55', '20210106', 'P22', 4, 140000, 'PM03'),
(848, 10118, 186, 'S45', '20210702', 'P70', 4, 180000, 'PM03'),
(849, 10406, 168, 'S34', '20220614', 'P61', 5, 1170000, 'PM03'),
(850, 10438, 155, 'S27', '20221107', 'P17', 3, 486000, 'PM04'),
(851, 10137, 134, 'S16', '20221030', 'P54', 4, 280000, 'PM03'),
(852, 10069, 134, 'S16', '20221018', 'P10', 3, 2628000, 'PM03'),
(853, 10436, 150, 'S24', '20230220', 'P48', 5, 160000, 'PM03'),
(854, 10162, 185, 'S44', '20210804', 'P57', 3, 63000, 'PM04'),
(855, 10128, 176, 'S39', '20230608', 'P18', 5, 595000, 'PM03'),
(856, 10328, 147, 'S22', '20230618', 'P67', 5, 300000, 'PM04'),
(857, 10112, 155, 'S27', '20210628', 'P63', 4, 840000, 'PM03'),
(858, 10402, 171, 'S36', '20221017', 'P36', 3, 570000, 'PM03'),
(859, 10032, 198, 'S51', '20230429', 'P52', 5, 175000, 'PM03'),
(860, 10288, 163, 'S32', '20230209', 'P51', 4, 160000, 'PM03'),
(861, 10349, 152, 'S25', '20230203', 'P62', 5, 900000, 'PM04'),
(862, 10417, 160, 'S30', '20230525', 'P66', 3, 60000, 'PM04'),
(863, 10197, 167, 'S34', '20211215', 'P64', 4, 440000, 'PM03'),
(864, 10207, 163, 'S32', '20220831', 'P53', 4, 380000, 'PM04'),
(865, 10479, 192, 'S48', '20211229', 'P10', 5, 4380000, 'PM03'),
(866, 10290, 156, 'S28', '20220616', 'P60', 3, 345000, 'PM03'),
(867, 10013, 122, 'S10', '20221125', 'P69', 3, 279000, 'PM04'),
(868, 10259, 156, 'S28', '20231001', 'P69', 5, 465000, 'PM04'),
(869, 10059, 180, 'S42', '20210825', 'P17', 4, 648000, 'PM03'),
(870, 10402, 147, 'S22', '20211005', 'P17', 4, 648000, 'PM04'),
(871, 10371, 161, 'S31', '20230911', 'P74', 4, 80000, 'PM03'),
(872, 10194, 155, 'S27', '20220127', 'P39', 5, 70000, 'PM04'),
(873, 10318, 177, 'S40', '20220710', 'P11', 5, 1575000, 'PM04'),
(874, 10056, 143, 'S21', '20221208', 'P63', 3, 630000, 'PM04'),
(875, 10160, 125, 'S11', '20210502', 'P11', 3, 945000, 'PM04'),
(876, 10468, 142, 'S20', '20210128', 'P16', 5, 495000, 'PM03'),
(877, 10064, 154, 'S26', '20220424', 'P74', 5, 100000, 'PM04'),
(878, 10406, 155, 'S27', '20230831', 'P21', 5, 315000, 'PM03'),
(879, 10343, 147, 'S22', '20221016', 'P46', 4, 48000, 'PM04'),
(880, 10177, 168, 'S34', '20220108', 'P53', 4, 380000, 'PM03'),
(881, 10413, 148, 'S23', '20210531', 'P22', 3, 105000, 'PM04'),
(882, 10222, 122, 'S10', '20230716', 'P46', 3, 36000, 'PM03'),
(883, 10165, 103, 'S54', '20221203', 'P15', 5, 2200000, 'PM03'),
(884, 10302, 185, 'S44', '20231123', 'P44', 3, 192000, 'PM03'),
(885, 10087, 172, 'S37', '20220719', 'P47', 5, 275000, 'PM03'),
(886, 10117, 177, 'S40', '20210429', 'P47', 5, 275000, 'PM04'),
(887, 10139, 151, 'S25', '20220521', 'P26', 5, 105000, 'PM03'),
(888, 10132, 169, 'S35', '20210201', 'P56', 3, 36000, 'PM04'),
(889, 10383, 191, 'S48', '20220815', 'P61', 4, 936000, 'PM04'),
(890, 10018, 176, 'S39', '20220902', 'P22', 4, 140000, 'PM03'),
(891, 10122, 140, 'S19', '20221114', 'P19', 3, 1020000, 'PM04'),
(892, 10035, 132, 'S15', '20231202', 'P63', 3, 630000, 'PM04'),
(893, 10182, 148, 'S23', '20220506', 'P58', 5, 475000, 'PM04'),
(894, 10312, 162, 'S31', '20220419', 'P28', 5, 110000, 'PM04'),
(895, 10181, 172, 'S37', '20211214', 'P50', 4, 1660000, 'PM04'),
(896, 10496, 130, 'S14', '20220315', 'P24', 5, 265000, 'PM03'),
(897, 10214, 157, 'S29', '20230113', 'P35', 5, 30000, 'PM04'),
(898, 10128, 154, 'S26', '20220126', 'P54', 5, 350000, 'PM04'),
(899, 10268, 185, 'S44', '20230405', 'P17', 4, 648000, 'PM04'),
(900, 10423, 198, 'S51', '20210705', 'P40', 3, 60000, 'PM04'),
(901, 10481, 183, 'S52', '20210310', 'P39', 4, 56000, 'PM03'),
(902, 10151, 153, 'S26', '20231102', 'P66', 3, 60000, 'PM04'),
(903, 10096, 126, 'S12', '20210524', 'P45', 3, 234000, 'PM04'),
(904, 10231, 184, 'S52', '20220906', 'P20', 3, 885000, 'PM03'),
(905, 10113, 154, 'S26', '20230417', 'P41', 5, 2475000, 'PM03'),
(906, 10227, 146, 'S22', '20231005', 'P16', 4, 396000, 'PM03'),
(907, 10165, 181, 'S43', '20210919', 'P34', 3, 12000, 'PM04'),
(908, 10087, 164, 'S33', '20231113', 'P39', 3, 42000, 'PM04'),
(909, 10383, 166, 'S55', '20230523', 'P14', 3, 585000, 'PM04'),
(910, 10359, 160, 'S30', '20230124', 'P40', 3, 60000, 'PM04'),
(911, 10090, 154, 'S26', '20230304', 'P62', 4, 720000, 'PM03'),
(912, 10184, 156, 'S28', '20230411', 'P35', 5, 30000, 'PM04'),
(913, 10460, 200, 'S53', '20230530', 'P42', 5, 1950000, 'PM03'),
(914, 10481, 165, 'S33', '20221022', 'P45', 3, 234000, 'PM03'),
(915, 10219, 167, 'S34', '20221230', 'P32', 3, 207000, 'PM04'),
(916, 10434, 178, 'S41', '20230510', 'P24', 4, 212000, 'PM04'),
(917, 10295, 153, 'S26', '20230414', 'P59', 5, 625000, 'PM04'),
(918, 10004, 196, 'S50', '20220408', 'P46', 3, 36000, 'PM04'),
(919, 10486, 103, 'S54', '20231215', 'P22', 3, 105000, 'PM03'),
(920, 10301, 174, 'S38', '20230813', 'P23', 4, 276000, 'PM03'),
(921, 10148, 154, 'S26', '20231205', 'P46', 3, 36000, 'PM04'),
(922, 10350, 199, 'S51', '20210615', 'P33', 3, 207000, 'PM03'),
(923, 10262, 169, 'S35', '20221014', 'P40', 3, 60000, 'PM03'),
(924, 10383, 103, 'S54', '20230521', 'P63', 5, 1050000, 'PM03'),
(925, 10059, 164, 'S33', '20230620', 'P17', 5, 810000, 'PM04'),
(926, 10310, 163, 'S32', '20210309', 'P54', 3, 210000, 'PM03'),
(927, 10253, 188, 'S46', '20220104', 'P46', 3, 36000, 'PM03'),
(928, 10442, 142, 'S20', '20211012', 'P31', 3, 120000, 'PM03'),
(929, 10486, 161, 'S31', '20210802', 'P47', 5, 275000, 'PM04'),
(930, 10464, 134, 'S16', '20220912', 'P63', 5, 1050000, 'PM04'),
(931, 10074, 176, 'S39', '20220308', 'P38', 4, 76000, 'PM03'),
(932, 10190, 151, 'S25', '20210401', 'P41', 5, 2475000, 'PM03'),
(933, 10348, 172, 'S37', '20220323', 'P18', 5, 595000, 'PM03'),
(934, 10128, 125, 'S11', '20220814', 'P41', 3, 1485000, 'PM04'),
(935, 10047, 159, 'S30', '20210813', 'P34', 4, 16000, 'PM04'),
(936, 10211, 185, 'S44', '20220921', 'P29', 3, 78000, 'PM03'),
(937, 10483, 142, 'S20', '20220607', 'P64', 5, 550000, 'PM03'),
(938, 10119, 185, 'S44', '20221009', 'P58', 4, 380000, 'PM03'),
(939, 10162, 156, 'S28', '20230313', 'P26', 4, 84000, 'PM03'),
(940, 10213, 122, 'S10', '20220119', 'P14', 4, 780000, 'PM04'),
(941, 10276, 164, 'S33', '20221212', 'P10', 3, 2628000, 'PM04'),
(942, 10306, 103, 'S54', '20220317', 'P61', 3, 702000, 'PM03'),
(943, 10422, 198, 'S51', '20231006', 'P64', 4, 440000, 'PM04'),
(944, 10194, 133, 'S15', '20221029', 'P54', 3, 210000, 'PM04'),
(945, 10420, 132, 'S15', '20221222', 'P24', 3, 159000, 'PM04'),
(946, 10132, 177, 'S40', '20220805', 'P66', 3, 60000, 'PM03'),
(947, 10198, 177, 'S40', '20210929', 'P31', 3, 120000, 'PM03'),
(948, 10137, 152, 'S25', '20221223', 'P21', 4, 252000, 'PM04'),
(949, 10372, 124, 'S11', '20230501', 'P39', 4, 56000, 'PM04'),
(950, 10160, 173, 'S38', '20211227', 'P66', 4, 80000, 'PM04');

INSERT INTO Sales (OrderID, CustomerID, EmployeeID, StoreID, DateID, ProductID, Quantity, Total, MethodID)
VALUES
(951, 10315, 190, 'S47', '20221130', 'P73', 3, 60000, 'PM04'),
(952, 10224, 193, 'S48', '20230125', 'P37', 3, 21000, 'PM03'),
(953, 10070, 126, 'S12', '20230829', 'P40', 5, 100000, 'PM04'),
(954, 10175, 177, 'S40', '20230719', 'P48', 4, 128000, 'PM04'),
(955, 10231, 150, 'S24', '20210105', 'P21', 5, 315000, 'PM04'),
(956, 10087, 172, 'S37', '20220924', 'P30', 3, 885000, 'PM04'),
(957, 10293, 165, 'S33', '20221224', 'P49', 4, 96000, 'PM04'),
(958, 10249, 165, 'S33', '20230820', 'P59', 3, 375000, 'PM04'),
(959, 10018, 156, 'S28', '20221102', 'P50', 3, 1245000, 'PM04'),
(960, 10450, 131, 'S14', '20221104', 'P13', 4, 1040000, 'PM03'),
(961, 10424, 194, 'S53', '20210403', 'P56', 5, 60000, 'PM04'),
(962, 10142, 189, 'S46', '20220510', 'P50', 5, 2075000, 'PM03'),
(963, 10248, 186, 'S45', '20210714', 'P67', 4, 240000, 'PM04'),
(964, 10496, 186, 'S45', '20210213', 'P74', 4, 80000, 'PM04'),
(965, 10249, 171, 'S36', '20221015', 'P38', 4, 76000, 'PM03'),
(966, 10155, 198, 'S51', '20210103', 'P63', 3, 630000, 'PM04'),
(967, 10470, 183, 'S52', '20221205', 'P17', 5, 810000, 'PM03'),
(968, 10087, 133, 'S15', '20210116', 'P63', 3, 630000, 'PM03'),
(969, 10176, 140, 'S19', '20211128', 'P50', 4, 1660000, 'PM04'),
(970, 10071, 169, 'S35', '20211208', 'P26', 5, 105000, 'PM04'),
(971, 10343, 200, 'S53', '20211028', 'P45', 4, 312000, 'PM03'),
(972, 10116, 157, 'S29', '20211104', 'P25', 5, 265000, 'PM03'),
(973, 10063, 181, 'S43', '20210302', 'P73', 4, 80000, 'PM04'),
(974, 10074, 190, 'S47', '20230814', 'P47', 4, 220000, 'PM04'),
(975, 10328, 168, 'S34', '20220527', 'P34', 4, 16000, 'PM04'),
(976, 10149, 130, 'S14', '20210227', 'P27', 5, 320000, 'PM03'),
(977, 10062, 195, 'S49', '20220124', 'P24', 5, 265000, 'PM04'),
(978, 10449, 194, 'S53', '20220331', 'P65', 4, 180000, 'PM04'),
(979, 10375, 177, 'S40', '20220121', 'P65', 3, 135000, 'PM04'),
(980, 10403, 199, 'S51', '20220716', 'P24', 4, 212000, 'PM03'),
(981, 10315, 169, 'S35', '20231118', 'P51', 3, 120000, 'PM03'),
(982, 10088, 172, 'S37', '20230223', 'P52', 4, 140000, 'PM03'),
(983, 10313, 156, 'S28', '20231004', 'P37', 3, 21000, 'PM04'),
(984, 10076, 168, 'S34', '20210416', 'P13', 3, 780000, 'PM01'),
(985, 10235, 177, 'S40', '20211205', 'P69', 3, 279000, 'PM02'),
(986, 10372, 167, 'S34', '20231231', 'P53', 4, 380000, 'PM04'),
(987, 10137, 162, 'S31', '20210623', 'P53', 3, 285000, 'PM02'),
(988, 10241, 171, 'S36', '20220706', 'P53', 5, 475000, 'PM03'),
(989, 10043, 156, 'S28', '20230507', 'P54', 3, 210000, 'PM02'),
(990, 10279, 183, 'S52', '20210313', 'P21', 5, 315000, 'PM04'),
(991, 10347, 166, 'S55', '20210611', 'P48', 3, 96000, 'PM02'),
(992, 10255, 169, 'S35', '20230920', 'P43', 4, 840000, 'PM03'),
(993, 10198, 136, 'S17', '20230310', 'P10', 4, 3504000, 'PM03'),
(994, 10088, 134, 'S16', '20230611', 'P74', 4, 80000, 'PM03'),
(995, 10308, 194, 'S53', '20230919', 'P67', 3, 180000, 'PM02'),
(996, 10040, 132, 'S15', '20211127', 'P26', 4, 84000, 'PM03'),
(997, 10468, 184, 'S52', '20230309', 'P61', 4, 936000, 'PM04'),
(998, 10493, 191, 'S48', '20220118', 'P11', 4, 1260000, 'PM03'),
(999, 10098, 162, 'S31', '20210720', 'P24', 3, 159000, 'PM01'),
(1000, 10349, 195, 'S49', '20221028', 'P24', 5, 265000, 'PM03'),
(1001, 10042, 101, 'S01', '20230421', 'P29', 4, 104000, 'PM03'),
(1002, 10043, 118, 'S08', '20220218', 'P42', 4, 1560000, 'PM04'),
(1003, 10044, 113, 'S05', '20220609', 'P27', 5, 320000, 'PM03'),
(1004, 10044, 112, 'S04', '20210413', 'P60', 5, 575000, 'PM03'),
(1005, 10052, 108, 'S03', '20220310', 'P16', 5, 495000, 'PM04'),
(1006, 10055, 118, 'S08', '20210414', 'P44', 4, 256000, 'PM03'),
(1007, 10150, 112, 'S04', '20230807', 'P34', 4, 16000, 'PM03'),
(1008, 10136, 121, 'S09', '20230602', 'P19', 3, 1020000, 'PM01'),
(1009, 10168, 104, 'S02', '20230423', 'P35', 4, 24000, 'PM03'),
(1010, 10193, 102, 'S01', '20220612', 'P49', 3, 72000, 'PM02'),
(1011, 10189, 104, 'S02', '20210618', 'P59', 5, 625000, 'PM04'),
(1012, 10193, 120, 'S09', '20210326', 'P31', 3, 120000, 'PM02'),
(1013, 10210, 121, 'S09', '20230610', 'P64', 5, 550000, 'PM03'),
(1014, 10283, 115, 'S06', '20210819', 'P61', 3, 702000, 'PM01'),
(1015, 10243, 120, 'S09', '20230628', 'P43', 5, 1050000, 'PM04'),
(1016, 10282, 104, 'S02', '20210202', 'P28', 5, 110000, 'PM04'),
(1017, 10289, 119, 'S08', '20210923', 'P73', 5, 100000, 'PM04'),
(1018, 10243, 112, 'S04', '20231017', 'P32', 5, 345000, 'PM04'),
(1019, 10337, 102, 'S01', '20230702', 'P13', 5, 1300000, 'PM03'),
(1020, 10339, 108, 'S03', '20220106', 'P36', 3, 570000, 'PM02'),
(1021, 10340, 119, 'S08', '20221025', 'P47', 3, 165000, 'PM02'),
(1022, 10361, 118, 'S08', '20220214', 'P49', 3, 72000, 'PM01'),
(1023, 10390, 101, 'S01', '20210222', 'P27', 5, 320000, 'PM03'),
(1024, 10391, 119, 'S08', '20220328', 'P35', 4, 24000, 'PM04'),
(1025, 10404, 195, 'S49', '20220707', 'P53', 5, 475000, 'PM03'),
(1026, 10407, 142, 'S20', '20221206', 'P47', 3, 165000, 'PM01'),
(1027, 10408, 165, 'S33', '20220407', 'P29', 3, 78000, 'PM01'),
(1028, 10409, 163, 'S32', '20221211', 'P32', 4, 276000, 'PM03'),
(1029, 10091, 103, 'S54', '20221110', 'P67', 5, 300000, 'PM03'),
(1030, 10093, 136, 'S17', '20230614', 'P22', 4, 140000, 'PM03'),
(1031, 10100, 195, 'S49', '20211007', 'P40', 3, 60000, 'PM02'),
(1032, 10101, 197, 'S50', '20230407', 'P29', 3, 78000, 'PM01'),
(1033, 10136, 168, 'S34', '20231128', 'P72', 4, 344000, 'PM04'),
(1034, 10144, 142, 'S20', '20220910', 'P14', 4, 780000, 'PM03'),
(1035, 10150, 123, 'S10', '20230520', 'P60', 5, 575000, 'PM03'),
(1036, 10154, 187, 'S45', '20210728', 'P25', 5, 265000, 'PM03'),
(1037, 10161, 161, 'S31', '20230821', 'P63', 4, 840000, 'PM03'),
(1038, 10164, 192, 'S48', '20231221', 'P51', 4, 160000, 'PM03'),
(1039, 10168, 173, 'S38', '20230506', 'P56', 3, 36000, 'PM02'),
(1040, 10173, 132, 'S15', '20230426', 'P23', 4, 276000, 'PM03'),
(1041, 10180, 158, 'S29', '20210601', 'P44', 3, 192000, 'PM03'),
(1042, 10186, 160, 'S30', '20221006', 'P36', 3, 570000, 'PM01'),
(1043, 10189, 142, 'S20', '20220322', 'P31', 3, 120000, 'PM03'),
(1044, 10193, 197, 'S50', '20221012', 'P32', 3, 207000, 'PM03'),
(1045, 10210, 149, 'S24', '20220330', 'P34', 4, 16000, 'PM03'),
(1046, 10066, 177, 'S40', '20210511', 'P55', 4, 640000, 'PM03'),
(1047, 10075, 171, 'S36', '20220613', 'P40', 3, 60000, 'PM02'),
(1048, 10077, 156, 'S28', '20220220', 'P57', 4, 84000, 'PM03'),
(1049, 10081, 143, 'S21', '20230906', 'P39', 3, 42000, 'PM03'),
(1050, 10082, 182, 'S43', '20220528', 'P13', 4, 1040000, 'PM04'),
(1051, 10089, 131, 'S14', '20211105', 'P67', 3, 180000, 'PM03'),
(1052, 10173, 179, 'S41', '20220319', 'P18', 3, 357000, 'PM02'),
(1053, 10180, 145, 'S21', '20211231', 'P49', 3, 72000, 'PM04'),
(1054, 10186, 153, 'S26', '20210331', 'P50', 3, 1245000, 'PM04'),
(1055, 10189, 134, 'S16', '20221124', 'P44', 4, 256000, 'PM03'),
(1056, 10193, 194, 'S53', '20220312', 'P24', 3, 159000, 'PM01'),
(1057, 10210, 182, 'S43', '20231002', 'P38', 3, 57000, 'PM02'),
(1058, 10283, 103, 'S54', '20220221', 'P54', 3, 210000, 'PM03'),
(1059, 10243, 129, 'S13', '20210320', 'P34', 3, 12000, 'PM04'),
(1060, 10282, 146, 'S22', '20220803', 'P71', 3, 252000, 'PM03'),
(1061, 10089, 155, 'S27', '20220301', 'P38', 3, 57000, 'PM01'),
(1062, 10091, 199, 'S51', '20220505', 'P53', 3, 285000, 'PM04'),
(1063, 10093, 122, 'S10', '20220929', 'P59', 3, 375000, 'PM04'),
(1064, 10100, 103, 'S54', '20230422', 'P42', 4, 1560000, 'PM03'),
(1065, 10101, 168, 'S34', '20230517', 'P47', 4, 220000, 'PM03'),
(1066, 10136, 180, 'S42', '20220507', 'P28', 3, 66000, 'PM03'),
(1067, 10144, 148, 'S23', '20210510', 'P56', 3, 36000, 'PM03'),
(1068, 10150, 161, 'S31', '20210124', 'P29', 4, 104000, 'PM03'),
(1069, 10154, 182, 'S43', '20230609', 'P69', 3, 279000, 'PM04'),
(1070, 10161, 189, 'S46', '20230724', 'P26', 4, 84000, 'PM04'),
(1071, 10164, 196, 'S50', '20231115', 'P34', 3, 12000, 'PM04'),
(1072, 10168, 142, 'S20', '20221209', 'P62', 3, 540000, 'PM04'),
(1073, 10173, 155, 'S27', '20230907', 'P25', 3, 159000, 'PM04'),
(1074, 10180, 158, 'S29', '20230515', 'P24', 3, 159000, 'PM04'),
(1075, 10186, 140, 'S19', '20221115', 'P14', 3, 585000, 'PM03'),
(1076, 10189, 183, 'S52', '20230915', 'P69', 4, 372000, 'PM03'),
(1077, 10193, 133, 'S15', '20221002', 'P69', 3, 279000, 'PM03'),
(1078, 10210, 131, 'S14', '20230730', 'P26', 3, 63000, 'PM03'),
(1079, 10283, 122, 'S10', '20211008', 'P10', 3, 2628000, 'PM03'),
(1080, 10243, 156, 'S28', '20230624', 'P63', 3, 630000, 'PM03'),
(1081, 10282, 169, 'S35', '20211126', 'P25', 3, 159000, 'PM03'),
(1082, 10289, 186, 'S45', '20211221', 'P54', 4, 280000, 'PM03'),
(1083, 10243, 135, 'S16', '20210409', 'P42', 3, 1170000, 'PM04'),
(1084, 10337, 167, 'S34', '20221117', 'P61', 4, 936000, 'PM03'),
(1085, 10339, 137, 'S18', '20211110', 'P31', 3, 120000, 'PM03'),
(1086, 10340, 126, 'S12', '20230519', 'P32', 3, 207000, 'PM03'),
(1087, 10058, 154, 'S26', '20210219', 'P50', 4, 1660000, 'PM03'),
(1088, 10066, 181, 'S43', '20231212', 'P51', 3, 120000, 'PM03'),
(1089, 10075, 154, 'S26', '20221021', 'P39', 3, 42000, 'PM03'),
(1090, 10077, 172, 'S37', '20220325', 'P20', 3, 885000, 'PM03'),
(1091, 10081, 185, 'S44', '20220311', 'P16', 4, 396000, 'PM03'),
(1092, 10082, 184, 'S52', '20220428', 'P12', 4, 2516000, 'PM04'),
(1093, 10089, 124, 'S11', '20230607', 'P33', 3, 207000, 'PM04'),
(1094, 10091, 155, 'S27', '20230708', 'P13', 3, 780000, 'PM03'),
(1095, 10093, 187, 'S45', '20210717', 'P43', 3, 630000, 'PM04'),
(1096, 10100, 157, 'S29', '20210915', 'P60', 5, 575000, 'PM03'),
(1097, 10101, 145, 'S21', '20220112', 'P52', 4, 140000, 'PM04'),
(1098, 10136, 133, 'S15', '20230418', 'P13', 5, 1300000, 'PM04'),
(1099, 10144, 141, 'S19', '20210330', 'P23', 5, 345000, 'PM04'),
(1100, 10150, 167, 'S34', '20220601', 'P24', 5, 265000, 'PM03');
